tm,obj,action_type,
2024-03-10 02:30,曹元,arr,
2024-03-10 02:30,曹元分干首,arr,
2024-03-10 07:05,超支,arr,
2024-03-10 01:25,杜科,arr,
2024-03-10 01:53,杜科分干首,arr,
2024-03-10 04:25,二支,arr,
2024-03-10 07:11,孤城,arr,
2024-03-10 00:31,贾辛庄,arr,
2024-03-10 01:00,贾辛庄分干首,arr,
2024-03-10 00:10,军干首,arr,
2024-03-10 07:00,六支,arr,
2024-03-10 07:56,七支,arr,
2024-03-10 04:53,三支,arr,
2024-03-10 05:30,四支,arr,
2024-03-10 06:11,五支,arr,
2024-03-10 03:52,徐湾,arr,
2024-03-10 04:26,徐湾北南一支,arr,
2024-03-10 04:23,徐湾分干北二干斗1,arr,
2024-03-10 04:22,徐湾分干北二干斗2,arr,
2024-03-10 06:59,徐湾分干北六支,arr,
2024-03-10 05:29,徐湾分干北四干斗-1,arr,
2024-03-10 05:28,徐湾分干北四干斗-2,arr,
2024-03-10 06:09,徐湾分干北五支,arr,
2024-03-10 04:52,徐湾分干东三支,arr,
2024-03-10 04:21,徐湾分干副南二支,arr,
2024-03-10 04:51,徐湾分干骆村北干斗,arr,
2024-03-10 04:50,徐湾分干骆村西干斗,arr,
2024-03-10 04:21,徐湾分干南二支,arr,
2024-03-10 06:58,徐湾分干南六支,arr,
2024-03-10 04:49,徐湾分干南三支,arr,
2024-03-10 05:27,徐湾分干南四支,arr,
2024-03-10 06:08,徐湾分干南五支,arr,
2024-03-10 04:30,徐湾分干南一支,arr,
2024-03-10 07:55,徐湾分干七支,arr,
2024-03-10 06:57,徐湾分干青年口,arr,
2024-03-10 04:15,徐湾分干首,arr,
2024-03-10 05:26,徐湾分干许村北干,arr,
2024-03-10 05:25,徐湾分干许村南干,arr,
2024-03-10 04:20,徐湾分干周村东干斗,arr,
2024-03-10 04:19,徐湾分干周村西干斗,arr,
2024-03-10 06:59,徐湾南孤城分干,arr,
2024-03-10 04:01,一支,arr,
2024-03-10 05:20,朱庄,arr,
2024-03-10 05:20,朱庄分干首,arr,
