obj,tm,流量,水深,流速,type,actionType
八支,2024/3/10 13:00,,,0.993,obs,arr
曹元,2024/3/10 4:20,,,1.033,obs,arr
郭黄退水,2024/3/10 13:40,,,1.016,obs,arr
贾辛庄,2024/3/10 3:00,,,1.037,obs,arr
五支,2024/3/10 10:30,,,0.992,obs,arr
徐湾,2024/3/10 4:28,,,1.012,obs,arr
八支节制闸,2024/3/11 0:00,,,1.009,obs,dec
曹元分干,2024/3/10 6:00,,,1.006,obs,inc
超支,2024/3/10 13:00,,,0.991,obs,inc
杜科,2024/3/10 4:00,,,1.021,obs,inc
二支,2024/3/10 17:00,,,1.037,obs,inc
耿庄,2024/3/10 13:00,,,0.995,obs,inc
孤城,2024/3/10 13:00,,,1.008,obs,inc
贾辛庄,2024/3/10 4:00,,,1.034,obs,inc
军干首,2024/3/10 2:00,18,,1.022,obs,inc
南五支,2024/3/11 0:00,,,1.001,obs,inc
七支,2024/3/11 0:00,,,1.022,obs,inc
三支,2024/3/10 18:00,,,1.001,obs,inc
徐湾,2024/3/10 8:00,3.5,,0.975,obs,inc
曹元,2024/3/10 22:00,,1.24,1.008,obs,
曹元分干,2024/3/10 6:00,,1.3,1.023,plan,
曹元分干,2024/3/10 14:00,1.18,2.34,0.992,,
曹元分干,2024/3/10 18:00,1.32,2.33,1.013,,
超支,2024/3/10 18:00,0.52,0.88,0.997,,
杜科分干,2024/3/10 14:00,0.38,0.46,1.014,,
杜科分干,2024/3/10 18:00,0.41,0.46,1.014,,
二联支口,2024/3/10 6:00,1.3,,1.016,plan,
孤城,2024/3/10 6:00,7,,1.001,plan,
孤城,2024/3/10 12:00,,1.72,0.973,obs,
孤城,2024/3/10 18:00,,0.45,1.032,,
孤城,2024/3/10 21:00,,2.01,1.002,obs,
孤城,2024/3/10 22:00,,1.43,1.002,obs,
孤城节制闸下,2024/3/10 14:00,7.67,1.86,0.984,,
孤城节制闸下,2024/3/10 18:00,8.15,1.91,1.019,,
后杜分干,2024/3/10 6:00,0.4,,1.019,plan,
贾辛庄,2024/3/10 6:00,6.8,,1.021,plan,
贾辛庄,2024/3/10 22:00,,1.21,1.006,obs,
贾辛庄分干,2024/3/10 14:00,1.83,1.11,1.028,,
贾辛庄节制闸下,2024/3/10 14:00,17.24,2.25,0.988,,
军齐闸,2024/3/10 10:00,2.68,1.67,1.001,obs,
军齐闸,2024/3/10 21:00,2.61,1.64,1.007,obs,
军齐闸,2024/3/10 22:00,2.46,0.84,1.015,obs,
徐湾,2024/3/10 21:00,2.1,1.68,1.032,obs,
徐湾,2024/3/10 22:00,1,0.95,1.037,obs,
徐湾分干,2024/3/10 6:00,3.5,,1.007,plan,
徐湾分干,2024/3/10 14:00,3.43,0.54,1.008,,
徐湾节制闸下,2024/3/10 14:00,13.85,2.03,1.018,,
一联支口,2024/3/10 6:00,1.5,,1.015,plan,
朱庄,2024/3/10 6:00,3.5,,1,plan,
朱庄,2024/3/10 10:00,,,1.015,,
朱庄,2024/3/10 12:00,1.75,1.6,0.983,obs,
朱庄,2024/3/10 21:00,1.64,1.74,0.981,obs,
朱庄,2024/3/10 22:00,0.92,1.34,0.988,obs,
朱庄分干,2024/3/10 14:00,3.5,1.36,0.989,,
朱庄分干,2024/3/10 18:00,3.48,1.36,0.987,,
朱庄节制闸下,2024/3/10 14:00,,1.65,1.021,,
朱庄节制闸下,2024/3/10 18:00,,1.65,1.014,,
军干首,2024/3/10 4:26,,,,sim,arr
军齐闸,2024/3/10 4:34,,,,sim,arr
东安分干,2024/3/10 8:53,,,,sim,arr
四干首,2024/3/10 8:53,,,,sim,arr
五干首,2024/3/10 8:45,,,,sim,arr
和乐寺闸,2024/3/10 5:30,,,,sim,arr
大田南干,2024/3/10 10:24,,,,sim,arr
大田退水,2024/3/10 10:21,,,,sim,arr
杏园农灌,2024/3/10 10:21,,,,sim,arr
东郎,2024/3/10 6:34,,,,sim,arr
大田,2024/3/10 7:25,,,,sim,arr
小白庄出口,2024/3/10 13:41,,,,sim,arr
泊头农灌,2024/3/10 13:51,,,,sim,arr
清凉江退水,2024/3/10 8:14,,,,sim,arr
军干首,2024/3/10 4:26,,,,sim,arr
前营斗口,2024/3/10 2:31,,,,sim,arr
马乡口,2024/3/10 2:36,,,,sim,arr
双邱口,2024/3/10 2:34,,,,sim,arr
贾辛庄分干首,2024/3/10 2:36,,,,sim,arr
贾辛庄北口,2024/3/10 2:36,,,,sim,arr
贾辛庄,2024/3/10 2:58,,,,sim,arr
贾辛庄南口,2024/3/10 3:15,,,,sim,arr
马乡斗口,2024/3/10 3:45,,,,sim,arr
马兰井北支,2024/3/10 3:45,,,,sim,arr
东井南斗口,2024/3/10 3:49,,,,sim,arr
马兰井西斗口,2024/3/10 3:51,,,,sim,arr
马兰井南支,2024/3/10 3:52,,,,sim,arr
后杜西斗口,2024/3/10 3:57,,,,sim,arr
后杜北支,2024/3/10 3:59,,,,sim,arr
后杜南支,2024/3/10 3:59,,,,sim,arr
杜科分干首,2024/3/10 3:59,,,,sim,arr
杜科分干首,2024/3/10 3:59,,,,sim,arr
???,2024/3/10 3:57,,,,sim,arr
杜科,2024/3/10 3:57,,,,sim,arr
后杜六支,2024/3/10 4:58,,,,sim,arr
贾李北斗口,2024/3/10 4:59,,,,sim,arr
后杜园子口,2024/3/10 5:00,,,,sim,arr
贾李南斗口,2024/3/10 5:02,,,,sim,arr
后杜家里道口,2024/3/10 5:02,,,,sim,arr
前杜支,2024/3/10 5:05,,,,sim,arr
大李北干斗,2024/3/10 5:06,,,,sim,arr
曹元退水,2024/3/10 5:08,,,,sim,arr
曹元分干首,2024/3/10 5:08,,,,sim,arr
曹元北一支渠,2024/3/10 5:08,,,,sim,arr
北一支进水口,2024/3/10 5:10,,,,sim,arr
曹元,2024/3/10 4:55,,,,sim,arr
徐湾分干首,2024/3/10 5:54,,,,sim,arr
南二支渠,2024/3/10 6:10,,,,sim,arr
徐湾,2024/3/10 5:54,,,,sim,arr
李屯泵站,2024/3/10 7:16,,,,sim,arr
半店北小口提水口,2024/3/10 7:17,,,,sim,arr
半店进水口,2024/3/10 7:19,,,,sim,arr
半店,2024/3/10 7:19,,,,sim,arr
半店北提水口,2024/3/10 7:19,,,,sim,arr
半店南口,2024/3/10 7:22,,,,sim,arr
半店南泵站,2024/3/10 7:24,,,,sim,arr
半店南泵站,2024/3/10 7:24,,,,sim,arr
祁刘北干斗,2024/3/10 7:24,,,,sim,arr
丁安泵站,2024/3/10 7:25,,,,sim,arr
半店南干斗进水口,2024/3/10 7:28,,,,sim,arr
祁刘南干斗,2024/3/10 7:29,,,,sim,arr
祁刘南干斗进水口,2024/3/10 7:32,,,,sim,arr
祁刘西干斗,2024/3/10 7:31,,,,sim,arr
祁刘西干斗进水口,2024/3/10 7:32,,,,sim,arr
朱庄分干首,2024/3/10 7:33,,,,sim,arr
朱庄退水,2024/3/10 9:02,,,,sim,arr
朱庄,2024/3/10 6:52,,,,sim,arr
琅窝北渡槽,2024/3/10 8:37,,,,sim,arr
琅窝渡槽,2024/3/10 8:39,,,,sim,arr
琅窝南渡槽,2024/3/10 8:39,,,,sim,arr
琅窝进水口,2024/3/10 8:41,,,,sim,arr
耿庄,2024/3/10 8:44,,,,sim,arr
孤城支渠,2024/3/10 8:46,,,,sim,arr
耿庄渡槽,2024/3/10 8:44,,,,sim,arr
超支,2024/3/10 8:46,,,,sim,arr
土路口支渠,2024/3/10 8:47,,,,sim,arr
孤城,2024/3/10 7:51,,,,sim,arr
孟庄北渡,2024/3/10 9:48,,,,sim,arr
孟庄,2024/3/10 8:49,,,,sim,arr
徐湾分干首,2024/3/10 5:54,,,,sim,arr
周村西干斗斗门,2024/3/10 7:05,,,,sim,arr
南一支,2024/3/10 7:04,,,,sim,arr
??,2024/3/10 6:52,,,,sim,arr
周村东干斗斗门,2024/3/10 8:42,,,,sim,arr
北二干斗斗门,2024/3/10 8:42,,,,sim,arr
南二支,2024/3/10 8:37,,,,sim,arr
二支,2024/3/10 7:51,,,,sim,arr
王家井干斗斗门,2024/3/10 9:33,,,,sim,arr
骆村西干斗斗门,2024/3/10 9:33,,,,sim,arr
骆村西干斗斗门,2024/3/10 9:33,,,,sim,arr
骆村西干斗斗门,2024/3/10 9:33,,,,sim,arr
骆村西干斗斗门,2024/3/10 9:33,,,,sim,arr
骆村西干斗斗门,2024/3/10 9:33,,,,sim,arr
北三支,2024/3/10 9:31,,,,sim,arr
南三支,2024/3/10 9:31,,,,sim,arr
骆村北干斗斗门,2024/3/10 9:31,,,,sim,arr
三支,2024/3/10 8:49,,,,sim,arr
许村北,2024/3/10 10:28,,,,sim,arr
许村南,2024/3/10 10:30,,,,sim,arr
北四支,2024/3/10 10:22,,,,sim,arr
南四支,2024/3/10 10:22,,,,sim,arr
四支,2024/3/10 9:48,,,,sim,arr
北五支东高,2024/3/10 11:17,,,,sim,arr
北五支白村,2024/3/10 11:17,,,,sim,arr
南五支,2024/3/10 11:17,,,,sim,arr
五支,2024/3/10 10:46,,,,sim,arr
白村新口,2024/3/10 12:12,,,,sim,arr
青年口,2024/3/10 12:10,,,,sim,arr
南六支,2024/3/10 12:03,,,,sim,arr
北六支,2024/3/10 12:03,,,,sim,arr
六支,2024/3/10 11:45,,,,sim,arr
七支,2024/3/10 12:43,,,,sim,arr
七支,2024/3/10 12:43,,,,sim,arr
曹元,2024/3/10 2:30,,,,sim,arr
曹元分干首,2024/3/10 2:30,,,,sim,arr
超支,2024/3/10 7:05,,,,sim,arr
杜科,2024/3/10 1:25,,,,sim,arr
杜科分干首,2024/3/10 1:53,,,,sim,arr
二支,2024/3/10 4:25,,,,sim,arr
孤城,2024/3/10 7:11,,,,sim,arr
贾辛庄,2024/3/10 0:31,,,,sim,arr
贾辛庄分干首,2024/3/10 1:00,,,,sim,arr
军干首,2024/3/10 0:10,,,,sim,arr
六支,2024/3/10 7:00,,,,sim,arr
七支,2024/3/10 7:56,,,,sim,arr
三支,2024/3/10 4:53,,,,sim,arr
四支,2024/3/10 5:30,,,,sim,arr
五支,2024/3/10 6:11,,,,sim,arr
徐湾,2024/3/10 3:52,,,,sim,arr
徐湾北南一支,2024/3/10 4:26,,,,sim,arr
徐湾分干北二干斗1,2024/3/10 4:23,,,,sim,arr
徐湾分干北二干斗2,2024/3/10 4:22,,,,sim,arr
徐湾分干北六支,2024/3/10 6:59,,,,sim,arr
徐湾分干北四干斗-1,2024/3/10 5:29,,,,sim,arr
徐湾分干北四干斗-2,2024/3/10 5:28,,,,sim,arr
徐湾分干北五支,2024/3/10 6:09,,,,sim,arr
徐湾分干东三支,2024/3/10 4:52,,,,sim,arr
徐湾分干副南二支,2024/3/10 4:21,,,,sim,arr
徐湾分干骆村北干斗,2024/3/10 4:51,,,,sim,arr
徐湾分干骆村西干斗,2024/3/10 4:50,,,,sim,arr
徐湾分干南二支,2024/3/10 4:21,,,,sim,arr
徐湾分干南六支,2024/3/10 6:58,,,,sim,arr
徐湾分干南三支,2024/3/10 4:49,,,,sim,arr
徐湾分干南四支,2024/3/10 5:27,,,,sim,arr
徐湾分干南五支,2024/3/10 6:08,,,,sim,arr
徐湾分干南一支,2024/3/10 4:30,,,,sim,arr
徐湾分干七支,2024/3/10 7:55,,,,sim,arr
徐湾分干青年口,2024/3/10 6:57,,,,sim,arr
徐湾分干首,2024/3/10 4:15,,,,sim,arr
徐湾分干许村北干,2024/3/10 5:26,,,,sim,arr
徐湾分干许村南干,2024/3/10 5:25,,,,sim,arr
徐湾分干周村东干斗,2024/3/10 4:20,,,,sim,arr
徐湾分干周村西干斗,2024/3/10 4:19,,,,sim,arr
徐湾南孤城分干,2024/3/10 6:59,,,,sim,arr
一支,2024/3/10 4:01,,,,sim,arr
朱庄,2024/3/10 5:20,,,,sim,arr
朱庄分干首,2024/3/10 5:20,,,,sim,arr
