tm,15号桥节制闸,17号桥节制闸,d0,d1,d10,d2,d3,d4,d5,d6,d7,d8,d9,inflow0,inflow1,inflow10,inflow2,inflow3,inflow4,inflow5,inflow6,inflow7,inflow8,inflow9,leakage4,leakage5,leakage8,leakage9,outflow0,outflow1,outflow10,outflow2,outflow3,outflow4,outflow5,outflow6,outflow7,outflow8,outflow9,北二干管理站,北一干管理站,二级站出口,富家岭节制闸,富家岭提水,圪塔节制闸,老庄节制闸,刘原管理站,刘原节制闸,麻原节制闸,南干管理站,西干管理站,杨元坝节制闸,阳院节制闸,一级路南节制闸,总干管理站,总干渠尾,
2026-04-14 01:00,0.467989,0.157410,0.696000,0.281631,0.157410,0.961000,0.040000,0.000000,0.000000,0.000000,0.000000,0.000000,0.000000,0.000000,0.000000,0.000000,0.000000,0.000000,0.000000,0.000000,0.000000,0.000000,0.000000,0.000000,0.000000,0.000000,0.000000,0.000000,0.000000,0.000000,0.000860,0.000000,0.000000,0.000000,0.000000,0.000000,0.000000,0.000000,0.000000,0.000000,0.961000,2.647210,0.529577,0.040000,1.552247,1.833878,0.000000,0.280610,0.157410,0.696000,0.156550,0.157410,0.157410,0.415097,0.281631,0.000000,
2026-04-14 02:00,0.704064,0.157410,0.696000,0.520519,0.157410,0.961000,0.040000,0.000000,0.000000,0.000000,0.000000,0.000000,0.000000,0.000000,0.000000,0.000000,0.000000,0.000000,0.000000,0.000000,0.000000,0.000000,0.000000,0.000000,0.000000,0.000000,0.000000,0.000000,0.000000,0.000000,0.000000,0.000000,0.000000,0.000000,0.000000,0.000000,0.000000,0.000000,0.000000,0.000000,0.961000,2.640993,0.664064,0.040000,1.541806,2.062325,0.000000,0.280610,0.157410,0.696000,0.157410,0.157410,0.157410,0.549585,0.520519,0.000000,
2026-04-14 03:00,0.490135,0.157410,0.696000,0.616976,0.157410,0.984393,0.048397,0.005257,0.008492,0.000000,0.000000,0.000000,0.000000,0.000000,0.000000,0.000000,0.000000,0.000000,0.000000,0.000000,0.000000,0.000000,0.000000,0.000000,0.000000,0.000000,0.000000,0.000000,0.000000,0.000000,0.000990,0.023393,0.008397,0.005257,0.008492,0.000000,0.000000,0.000000,0.000000,0.000000,0.961000,2.658320,0.543326,0.040000,1.228012,1.844988,0.000000,0.280610,0.157410,0.696000,0.156420,0.157410,0.157410,0.423589,0.616976,0.000000,
2026-04-14 04:00,0.233726,0.157410,0.746644,0.660344,0.157410,0.994286,0.095693,0.019206,0.008492,0.000000,0.000000,0.000000,0.000000,0.000000,0.000000,0.000000,0.000000,0.000000,0.000000,0.000000,0.000000,0.000000,0.000000,0.000000,0.000000,0.000000,0.000000,0.000000,0.130644,0.000000,0.000990,0.033286,0.055693,0.019206,0.008492,0.000000,0.000000,0.000000,0.000000,0.000000,0.961000,2.635000,0.442795,0.040000,1.228012,1.888356,0.000000,0.280610,0.157410,0.616000,0.156420,0.157410,0.157410,0.423589,0.660344,0.000000,
2026-04-14 05:00,0.027135,0.157410,0.545400,0.660344,0.157410,0.954360,0.040000,0.000000,0.000000,0.000000,0.000000,0.000000,0.000000,0.000000,0.000000,0.000000,0.000000,0.000000,0.000000,0.000000,0.000000,0.000000,0.000000,0.000000,0.000000,0.000000,0.000000,0.000000,0.000000,0.000000,0.000990,0.000000,0.000000,0.000000,0.000000,0.000000,0.000000,0.000000,0.000000,0.000000,0.954360,2.668420,0.291897,0.040000,1.228012,1.888356,0.000000,0.157410,0.157410,0.545400,0.156420,0.157410,0.157410,0.291897,0.660344,0.000000,
2026-04-14 06:00,0.027135,0.158607,0.559000,1.070055,0.158607,0.771640,0.141588,0.114479,0.000000,0.116270,0.002970,0.000990,0.001773,0.000000,0.000000,0.000000,0.000000,0.000000,0.000000,0.000000,0.000000,0.000000,0.000000,0.000000,0.000000,0.000000,0.000000,0.000000,0.000000,0.000000,0.002187,0.000000,0.101588,0.114479,0.000000,0.116270,0.002970,0.000990,0.001773,0.000000,0.771640,2.668420,0.291897,0.040000,0.922033,1.992088,0.000000,0.157410,0.160380,0.559000,0.156420,0.161370,0.164340,0.291897,1.070055,0.000000,
2026-04-14 07:00,0.093243,0.158607,0.648104,1.374777,0.158607,0.891725,0.410870,0.228958,0.000000,0.116270,0.002970,0.000990,0.001773,0.000000,0.000000,0.000000,0.000000,0.000000,0.000000,0.000000,0.000000,0.000000,0.000000,0.000000,0.000000,0.000000,0.000000,0.000000,0.087104,0.000000,0.003607,0.051725,0.370870,0.228958,0.000000,0.116270,0.002970,0.000990,0.001773,0.000000,0.840000,2.644000,0.291897,0.040000,0.738451,2.113228,0.000000,0.157410,0.160380,0.561000,0.155000,0.161370,0.164340,0.291897,1.374777,0.000000,
2026-04-14 08:00,0.120843,0.158607,0.597000,1.374777,0.158607,0.951635,0.438470,0.361786,0.116139,0.116270,0.002970,0.000990,0.001773,0.000000,0.000000,0.000000,0.000000,0.000000,0.000000,0.000000,0.000000,0.000000,0.000000,0.000000,0.000000,0.000000,0.000000,0.000000,0.000000,0.000000,0.018217,0.051725,0.398470,0.361786,0.116139,0.116270,0.002970,0.000990,0.001773,0.000000,0.899910,2.674480,0.291897,0.040000,0.702703,2.077480,0.000000,0.157410,0.160380,0.597000,0.140390,0.161370,0.164340,0.273549,1.374777,0.000000,
2026-04-14 09:00,0.421724,0.160340,1.005088,1.535783,0.160340,1.096567,0.548097,0.361786,0.116139,0.211358,0.002970,0.001402,0.002928,0.000000,0.000000,0.000000,0.000000,0.000000,0.000000,0.000000,0.000000,0.000000,0.000000,0.000000,0.000000,0.000000,0.000000,0.000000,0.408088,0.161006,0.019950,0.227567,0.508097,0.361786,0.116139,0.211358,0.002970,0.001402,0.002928,0.000000,0.869000,2.633400,0.381565,0.040000,1.148517,2.684300,0.000000,0.132598,0.163268,0.597000,0.140390,0.164670,0.167640,0.248738,1.374777,0.000000,
2026-04-14 10:00,0.569872,0.165950,0.853224,1.277707,0.165950,0.869000,0.438781,0.549579,0.406271,0.211358,0.002970,0.001402,0.002928,0.000000,0.000000,0.000000,0.000000,0.000000,0.000000,0.000000,0.000000,0.000000,0.000000,0.000000,0.000000,0.000000,0.000000,0.000000,0.207744,0.000000,0.019950,0.000000,0.398781,0.549579,0.406271,0.211358,0.002970,0.001402,0.002928,0.000000,0.869000,2.643000,0.232679,0.040000,1.685389,2.963096,0.000000,0.138208,0.168878,0.645480,0.146000,0.170280,0.173250,0.141017,1.277707,0.000000,
2026-04-14 11:00,1.186967,0.173250,0.636000,0.784780,0.173250,0.869000,0.040000,0.000000,0.000000,0.088158,0.000000,0.000000,0.000000,0.000000,0.000000,0.000000,0.000000,0.000000,0.000000,0.000000,0.000000,0.000000,0.000000,0.000000,0.000000,0.000000,0.000000,0.000000,0.000000,0.000000,0.000000,0.000000,0.000000,0.000000,0.000000,0.088158,0.000000,0.000000,0.000000,0.000000,0.869000,2.661350,0.232679,0.040000,2.179225,2.964006,0.000000,0.138208,0.173250,0.636000,0.173250,0.173250,0.173250,0.003721,0.784780,0.000000,
2026-04-14 12:00,1.209029,0.171022,0.634280,0.535701,0.171023,0.869000,0.040000,0.000000,0.534210,0.480352,0.000743,0.000743,0.000742,0.000000,0.000000,0.000000,0.000000,0.000000,0.000000,0.000000,0.000000,0.000000,0.000000,0.000000,0.000000,0.000000,0.000000,0.000000,0.000000,0.000000,0.006393,0.000000,0.000000,0.000000,0.534210,0.480352,0.000743,0.000743,0.000742,0.000000,0.869000,2.661350,0.457917,0.040000,2.078029,2.613730,0.000000,0.407202,0.171765,0.634280,0.164630,0.172507,0.173250,0.000000,0.535701,0.000000,
2026-04-14 13:00,0.410888,0.170280,0.644490,0.514161,0.170280,0.869000,0.040000,0.000000,0.177071,0.000000,0.000000,0.000000,0.000000,0.000000,0.000000,0.000000,0.000000,0.000000,0.000000,0.000000,0.000000,0.000000,0.000000,0.000000,0.000000,0.000000,0.000000,0.000000,0.000000,0.000000,0.001980,0.000000,0.000000,0.000000,0.177071,0.000000,0.000000,0.000000,0.000000,0.000000,0.869000,2.661350,0.167713,0.040000,1.033372,1.547532,0.000000,0.663080,0.170280,0.644490,0.168300,0.170280,0.170280,0.167713,0.514161,0.000000,
2026-04-14 14:00,0.309301,0.170280,0.642510,0.389867,0.170280,0.869000,0.040000,0.000000,0.020008,0.000000,0.000000,0.000000,0.000000,0.000000,0.000000,0.000000,0.000000,0.000000,0.000000,0.000000,0.000000,0.000000,0.000000,0.000000,0.000000,0.000000,0.000000,0.000000,0.000000,0.000000,0.001980,0.000000,0.000000,0.000000,0.020008,0.000000,0.000000,0.000000,0.000000,0.000000,0.869000,2.656300,0.167713,0.040000,0.685267,1.075134,0.000000,0.416680,0.170280,0.642510,0.168300,0.170280,0.170280,0.167713,0.389867,0.000000,
2026-04-14 15:00,0.410888,0.170280,0.601000,0.577717,0.170280,0.869000,0.040000,0.000000,0.000000,0.000000,0.000000,0.000000,0.000000,0.000000,0.000000,0.000000,0.000000,0.000000,0.000000,0.000000,0.000000,0.000000,0.000000,0.000000,0.000000,0.000000,0.000000,0.000000,0.000000,0.000000,0.004640,0.000000,0.000000,0.000000,0.000000,0.000000,0.000000,0.000000,0.000000,0.000000,0.869000,2.675490,0.167713,0.040000,0.910113,1.487830,0.000000,0.416680,0.170280,0.601000,0.165640,0.170280,0.170280,0.282192,0.577717,0.000000,
2026-04-14 16:00,0.000000,0.170280,0.601000,0.736162,0.170280,0.869000,0.309248,0.242696,0.000000,0.005951,0.000000,0.000000,0.000000,0.000000,0.000000,0.000000,0.000000,0.000000,0.000000,0.000000,0.000000,0.000000,0.000000,0.000000,0.000000,0.000000,0.000000,0.000000,0.000000,0.000000,0.000000,0.000000,0.269248,0.242696,0.000000,0.005951,0.000000,0.000000,0.000000,0.000000,0.869000,2.675490,0.198689,0.040000,0.869000,1.605162,0.000000,0.299431,0.170280,0.601000,0.170280,0.170280,0.170280,0.299431,0.736162,0.000000,
2026-04-14 17:00,0.000000,0.170280,0.593000,0.738236,0.170280,0.869000,0.207661,0.158673,0.045877,0.052818,0.000000,0.000000,0.000000,0.000000,0.000000,0.000000,0.000000,0.000000,0.000000,0.000000,0.000000,0.000000,0.000000,0.000000,0.000000,0.000000,0.000000,0.000000,0.000000,0.000000,0.000000,0.000000,0.167661,0.158673,0.045877,0.052818,0.000000,0.000000,0.000000,0.000000,0.869000,2.675490,0.198689,0.040000,0.992258,1.730494,0.000000,0.223098,0.170280,0.593000,0.170280,0.170280,0.170280,0.268975,0.738236,0.000000,
2026-04-14 18:00,0.000000,0.108939,0.591000,0.738236,0.108939,0.871000,0.106073,0.158673,0.000000,0.025549,0.000000,0.000000,0.000000,0.000000,0.000000,0.000000,0.000000,0.000000,0.000000,0.000000,0.000000,0.000000,0.000000,0.000000,0.000000,0.000000,0.000000,0.000000,0.000000,0.000000,0.000000,0.000000,0.066073,0.158673,0.000000,0.025549,0.000000,0.000000,0.000000,0.000000,0.871000,2.675490,0.198689,0.040000,0.994258,1.732494,0.000000,0.134488,0.108939,0.591000,0.108939,0.108939,0.108939,0.268975,0.738236,0.000000,
2026-04-14 19:00,0.043161,0.108394,0.630755,0.738236,0.108394,0.871000,0.106073,0.000000,0.000000,0.026093,0.000000,0.000000,0.000000,0.000000,0.000000,0.000000,0.000000,0.000000,0.000000,0.000000,0.000000,0.000000,0.000000,0.000000,0.000000,0.000000,0.000000,0.000000,0.039755,0.000000,0.000000,0.000000,0.066073,0.000000,0.000000,0.026093,0.000000,0.000000,0.000000,0.000000,0.871000,2.647000,0.343438,0.040000,1.160677,1.898913,0.000000,0.134488,0.108394,0.591000,0.108394,0.108394,0.108394,0.000000,0.738236,0.000000,
2026-04-14 20:00,0.131396,0.107404,0.635755,0.738236,0.107404,0.906023,0.129572,0.090520,0.000000,0.027083,0.000000,0.000000,0.000000,0.000000,0.000000,0.000000,0.000000,0.000000,0.000000,0.000000,0.000000,0.000000,0.000000,0.000000,0.000000,0.000000,0.000000,0.000000,0.039755,0.000000,0.000000,0.035023,0.089572,0.090520,0.000000,0.027083,0.000000,0.000000,0.000000,0.000000,0.871000,2.652000,0.204999,0.040000,1.160677,1.898913,0.000000,0.134488,0.107404,0.596000,0.107404,0.107404,0.107404,0.000000,0.738236,0.000000,
2026-04-14 21:00,0.256067,0.096117,0.598000,0.506233,0.096117,0.833000,0.040000,0.000000,0.000000,0.027083,0.000000,0.000000,0.000000,0.000000,0.000000,0.000000,0.000000,0.000000,0.000000,0.000000,0.000000,0.000000,0.000000,0.000000,0.000000,0.000000,0.000000,0.000000,0.000000,0.000000,0.000000,0.000000,0.000000,0.000000,0.000000,0.027083,0.000000,0.000000,0.000000,0.000000,0.833000,2.674480,0.114479,0.040000,1.335583,1.841816,0.000000,0.000000,0.096117,0.598000,0.096117,0.096117,0.096117,0.000000,0.506233,0.000000,
2026-04-14 22:00,0.357654,0.064514,0.598000,0.506233,0.064514,0.833000,0.040000,0.000000,0.042891,0.027083,0.000000,0.000000,0.000000,0.000000,0.000000,0.000000,0.000000,0.000000,0.000000,0.000000,0.000000,0.000000,0.000000,0.000000,0.000000,0.000000,0.000000,0.000000,0.000000,0.000000,0.000000,0.000000,0.000000,0.000000,0.042891,0.027083,0.000000,0.000000,0.000000,0.000000,0.833000,2.658736,0.114479,0.040000,1.437171,1.943404,0.000000,0.091597,0.064514,0.598000,0.064514,0.064514,0.064514,0.000000,0.506233,0.000000,
2026-04-14 23:00,0.480913,0.064514,0.598000,0.408685,0.064514,0.833000,0.040000,0.000000,0.021671,0.058686,0.000000,0.000000,0.000000,0.000000,0.000000,0.000000,0.000000,0.000000,0.000000,0.000000,0.000000,0.000000,0.000000,0.000000,0.000000,0.000000,0.000000,0.000000,0.000000,0.000000,0.000000,0.000000,0.000000,0.000000,0.021671,0.058686,0.000000,0.000000,0.000000,0.000000,0.833000,2.678520,0.136150,0.040000,1.437171,1.845856,0.000000,0.000000,0.064514,0.598000,0.064514,0.064514,0.064514,0.021671,0.408685,0.000000,
2026-04-15 00:00,0.586613,0.063721,0.577000,0.167872,0.063721,0.831000,0.040000,0.000000,0.134488,0.059479,0.000000,0.000000,0.000000,0.000000,0.000000,0.000000,0.000000,0.000000,0.000000,0.000000,0.000000,0.000000,0.000000,0.000000,0.000000,0.000000,0.000000,0.000000,0.000000,0.000000,0.000000,0.000000,0.000000,0.000000,0.134488,0.059479,0.000000,0.000000,0.000000,0.000000,0.831000,2.678520,0.343438,0.040000,1.677984,1.845856,0.000000,0.000000,0.063721,0.577000,0.063721,0.063721,0.063721,0.000000,0.167872,0.000000,
2026-04-15 01:00,0.643852,0.000000,0.574200,0.000000,0.000000,0.824670,0.040000,0.000000,0.000000,0.000000,0.000000,0.000000,0.000000,0.000000,0.000000,0.000000,0.000000,0.000000,0.000000,0.000000,0.000000,0.000000,0.000000,0.000000,0.000000,0.000000,0.000000,0.000000,0.000000,0.000000,0.000000,0.000000,0.000000,0.000000,0.000000,0.000000,0.000000,0.000000,0.000000,0.000000,0.824670,2.677510,0.400677,0.040000,1.677984,1.677984,0.000000,0.000000,0.000000,0.574200,0.000000,0.000000,0.000000,0.000000,0.000000,0.000000,
2026-04-15 02:00,0.643852,0.000000,0.574200,0.000000,0.000000,0.822690,0.040000,0.000000,0.134488,0.123200,0.000000,0.000000,0.000000,0.000000,0.000000,0.000000,0.000000,0.000000,0.000000,0.000000,0.000000,0.000000,0.000000,0.000000,0.000000,0.000000,0.000000,0.000000,0.000000,0.000000,0.000000,0.000000,0.000000,0.000000,0.134488,0.123200,0.000000,0.000000,0.000000,0.000000,0.822690,2.679530,0.400677,0.040000,1.613001,1.613001,0.000000,0.000000,0.000000,0.574200,0.000000,0.000000,0.000000,0.000000,0.000000,0.000000,
2026-04-15 03:00,0.440677,0.000000,0.581130,0.000000,0.000000,0.828630,0.040000,0.000000,0.000000,0.000000,0.000000,0.000000,0.000000,0.000000,0.000000,0.000000,0.000000,0.000000,0.000000,0.000000,0.000000,0.000000,0.000000,0.000000,0.000000,0.000000,0.000000,0.000000,0.000000,0.000000,0.000000,0.000000,0.000000,0.000000,0.000000,0.000000,0.000000,0.000000,0.000000,0.000000,0.828630,2.674480,0.400677,0.040000,1.344849,1.344849,0.000000,0.000000,0.000000,0.581130,0.000000,0.000000,0.000000,0.000000,0.000000,0.000000,
2026-04-15 04:00,0.440677,0.000000,0.592020,0.000000,0.000000,0.828630,0.040000,0.000000,0.134488,0.000000,0.000000,0.000000,0.000000,0.000000,0.000000,0.000000,0.000000,0.000000,0.000000,0.000000,0.000000,0.000000,0.000000,0.000000,0.000000,0.000000,0.000000,0.000000,0.000000,0.000000,0.000000,0.000000,0.000000,0.000000,0.134488,0.000000,0.000000,0.000000,0.000000,0.000000,0.828630,2.670440,0.400677,0.040000,1.344849,1.344849,0.000000,0.000000,0.000000,0.592020,0.000000,0.000000,0.000000,0.000000,0.000000,0.000000,
2026-04-15 05:00,0.485025,0.000000,0.612000,0.496146,0.000000,0.835000,0.040000,0.000000,0.134488,0.123200,0.000000,0.000000,0.000000,0.000000,0.000000,0.000000,0.000000,0.000000,0.000000,0.000000,0.000000,0.000000,0.000000,0.000000,0.000000,0.000000,0.000000,0.000000,0.000000,0.000000,0.000000,0.000000,0.000000,0.000000,0.134488,0.123200,0.000000,0.000000,0.000000,0.000000,0.835000,2.666400,0.343438,0.040000,1.045683,1.541829,0.000000,0.000000,0.000000,0.612000,0.000000,0.000000,0.000000,0.000000,0.496146,0.000000,
2026-04-15 06:00,0.281850,0.000000,0.617760,0.826311,0.000000,0.835000,0.040000,0.000000,0.134488,0.123200,0.000000,0.000000,0.000000,0.000000,0.000000,0.000000,0.000000,0.000000,0.000000,0.000000,0.000000,0.000000,0.000000,0.000000,0.000000,0.000000,0.000000,0.000000,0.000000,0.000000,0.000000,0.000000,0.000000,0.000000,0.134488,0.123200,0.000000,0.000000,0.000000,0.000000,0.835000,2.666400,0.343438,0.040000,0.870333,1.696644,0.000000,0.000000,0.000000,0.617760,0.000000,0.000000,0.000000,0.000000,0.826311,0.000000,
2026-04-15 07:00,0.216126,0.000000,0.617760,1.052010,0.000000,0.900724,0.177451,0.114479,0.134488,0.369600,0.000000,0.000000,0.000000,0.000000,0.000000,0.000000,0.000000,0.000000,0.000000,0.000000,0.000000,0.000000,0.000000,0.000000,0.000000,0.000000,0.000000,0.000000,0.000000,0.000000,0.000000,0.065724,0.137451,0.114479,0.134488,0.369600,0.000000,0.000000,0.000000,0.000000,0.835000,2.657435,0.343438,0.040000,0.870333,1.922343,0.000000,0.000000,0.000000,0.617760,0.000000,0.000000,0.000000,0.000000,1.052010,0.000000,
2026-04-15 08:00,0.149482,0.000000,0.864857,1.074409,0.000000,0.887724,0.212394,0.114479,0.892675,0.369600,0.000000,0.000000,0.000000,0.000000,0.000000,0.000000,0.000000,0.000000,0.000000,0.000000,0.000000,0.000000,0.000000,0.000000,0.000000,0.000000,0.000000,0.000000,0.352857,0.022399,0.000000,0.065724,0.172394,0.114479,0.892675,0.369600,0.000000,0.000000,0.000000,0.000000,0.822000,2.618550,0.343438,0.040000,0.913947,1.988357,0.000000,0.123200,0.000000,0.512000,0.000000,0.000000,0.000000,0.000000,1.052010,0.000000,
2026-04-15 09:00,0.116347,0.000000,0.545561,1.052010,0.000000,0.820000,0.179259,0.000000,0.000000,0.000000,0.000000,0.000000,0.000000,0.000000,0.000000,0.000000,0.000000,0.000000,0.000000,0.000000,0.000000,0.000000,0.000000,0.000000,0.000000,0.000000,0.000000,0.000000,0.060561,0.000000,0.000000,0.000000,0.139259,0.000000,0.000000,0.000000,0.000000,0.000000,0.000000,0.000000,0.820000,2.651250,0.343438,0.040000,0.936347,1.988357,0.000000,0.000000,0.000000,0.485000,0.000000,0.000000,0.000000,0.343438,1.052010,0.000000,
2026-04-15 10:00,0.000000,0.000000,0.471000,0.891908,0.000000,0.813088,0.179259,0.099241,0.337464,0.059360,0.000000,0.000000,0.000000,0.000000,0.000000,0.000000,0.000000,0.000000,0.000000,0.000000,0.000000,0.000000,0.000000,0.000000,0.000000,0.000000,0.000000,0.000000,0.000000,0.000000,0.000000,0.000000,0.139259,0.099241,0.337464,0.059360,0.000000,0.000000,0.000000,0.000000,0.813088,2.651250,0.227091,0.040000,0.936347,1.828254,0.000000,0.059360,0.000000,0.471000,0.000000,0.000000,0.000000,0.127850,0.891908,0.000000,
2026-04-15 11:00,0.000000,0.000000,0.471000,0.891908,0.000000,0.696900,0.131817,0.087648,0.331163,0.269509,0.000000,0.000000,0.000000,0.000000,0.000000,0.000000,0.000000,0.000000,0.000000,0.000000,0.000000,0.000000,0.000000,0.000000,0.000000,0.000000,0.000000,0.000000,0.000000,0.000000,0.000000,0.000000,0.091817,0.087648,0.331163,0.269509,0.000000,0.000000,0.000000,0.000000,0.696900,2.658320,0.172945,0.040000,0.943417,1.835324,0.000000,0.023109,0.000000,0.471000,0.000000,0.000000,0.000000,0.085297,0.891908,0.000000,
2026-04-15 12:00,0.178485,0.000000,0.568685,0.991955,0.000000,0.784543,0.159353,0.149902,0.331163,0.269509,0.000000,0.000000,0.000000,0.000000,0.000000,0.000000,0.000000,0.000000,0.000000,0.000000,0.000000,0.000000,0.000000,0.000000,0.000000,0.000000,0.000000,0.000000,0.059685,0.037461,0.000000,0.073543,0.119353,0.149902,0.331163,0.269509,0.000000,0.000000,0.000000,0.000000,0.711000,2.641000,0.120720,0.040000,0.963028,1.954983,0.000000,0.023109,0.000000,0.509000,0.000000,0.000000,0.000000,0.085297,0.954494,0.000000,
2026-04-15 13:00,0.357654,0.000000,0.534000,0.954494,0.000000,0.711000,0.040000,0.000000,0.245866,0.269509,0.000000,0.000000,0.000000,0.000000,0.000000,0.000000,0.000000,0.000000,0.000000,0.000000,0.000000,0.000000,0.000000,0.000000,0.000000,0.000000,0.000000,0.000000,0.000000,0.000000,0.000000,0.000000,0.000000,0.000000,0.245866,0.269509,0.000000,0.000000,0.000000,0.000000,0.711000,2.674480,0.114479,0.040000,1.068654,2.023148,0.000000,0.023109,0.000000,0.534000,0.000000,0.000000,0.000000,0.000000,0.954494,0.000000,
2026-04-15 14:00,0.187356,0.000000,0.539000,0.960833,0.000000,0.734580,0.072877,0.000000,0.245866,0.269509,0.000000,0.000000,0.000000,0.000000,0.000000,0.000000,0.000000,0.000000,0.000000,0.000000,0.000000,0.000000,0.000000,0.000000,0.000000,0.000000,0.000000,0.000000,0.000000,0.000000,0.000000,0.000000,0.032877,0.000000,0.245866,0.269509,0.000000,0.000000,0.000000,0.000000,0.734580,2.662360,0.114479,0.040000,1.045195,2.006028,0.000000,0.023109,0.000000,0.539000,0.000000,0.000000,0.000000,0.000000,0.960833,0.000000,
2026-04-15 15:00,0.195936,0.000000,0.540000,0.960833,0.000000,0.726000,0.042397,0.051951,0.245866,0.392709,0.000000,0.000000,0.000000,0.000000,0.000000,0.000000,0.000000,0.000000,0.000000,0.000000,0.000000,0.000000,0.000000,0.000000,0.000000,0.000000,0.000000,0.000000,0.000000,0.000000,0.000000,0.000000,0.002397,0.051951,0.245866,0.392709,0.000000,0.000000,0.000000,0.000000,0.726000,2.663360,0.051951,0.040000,1.045195,2.006028,0.000000,0.023109,0.000000,0.540000,0.000000,0.000000,0.000000,0.000000,0.960833,0.000000,
2026-04-15 16:00,0.195936,0.000000,1.602044,1.090759,0.000000,0.766012,0.042397,0.051951,0.245866,0.269509,0.000000,0.000000,0.000000,0.000000,0.000000,0.000000,0.000000,0.000000,0.000000,0.000000,0.000000,0.000000,0.000000,0.000000,0.000000,0.000000,0.000000,0.000000,1.048044,0.129925,0.000000,0.040012,0.002397,0.051951,0.245866,0.269509,0.000000,0.000000,0.000000,0.000000,0.726000,2.604690,0.051951,0.040000,1.085207,2.175966,0.000000,0.023109,0.000000,0.554000,0.000000,0.000000,0.000000,0.000000,0.960833,0.000000,
2026-04-15 17:00,0.195936,0.000000,1.595115,0.855925,0.000000,0.766012,0.042397,0.051951,0.245866,0.269509,0.000000,0.000000,0.000000,0.000000,0.000000,0.000000,0.000000,0.000000,0.000000,0.000000,0.000000,0.000000,0.000000,0.000000,0.000000,0.000000,0.000000,0.000000,1.022895,0.129925,0.000000,0.040012,0.002397,0.051951,0.245866,0.269509,0.000000,0.000000,0.000000,0.000000,0.726000,1.306940,0.051951,0.040000,1.085207,1.941132,0.000000,0.023109,0.000000,0.572220,0.000000,0.000000,0.000000,0.000000,0.726000,0.000000,
2026-04-15 18:00,0.344763,0.000000,1.490709,0.855925,0.000000,0.841763,0.040000,0.114479,0.245866,0.392709,0.000000,0.000000,0.000000,0.000000,0.000000,0.000000,0.000000,0.000000,0.000000,0.000000,0.000000,0.000000,0.000000,0.000000,0.000000,0.000000,0.000000,0.000000,0.925709,0.129925,0.000000,0.115763,0.000000,0.114479,0.245866,0.392709,0.000000,0.000000,0.000000,0.000000,0.726000,1.292000,0.000000,0.040000,0.940009,1.795934,0.000000,0.023109,0.000000,0.565000,0.000000,0.000000,0.000000,0.000000,0.726000,0.000000,
2026-04-15 19:00,0.223079,0.000000,1.380802,0.855925,0.000000,0.829763,0.121491,0.228958,0.245866,0.045684,0.000000,0.000000,0.000000,0.000000,0.000000,0.000000,0.000000,0.000000,0.000000,0.000000,0.000000,0.000000,0.000000,0.000000,0.000000,0.000000,0.000000,0.000000,0.837422,0.129925,0.000000,0.115763,0.081491,0.228958,0.245866,0.045684,0.000000,0.000000,0.000000,0.000000,0.714000,1.289000,0.000000,0.040000,0.929583,1.785509,0.000000,0.292084,0.000000,0.543380,0.000000,0.000000,0.000000,0.000000,0.726000,0.000000,
2026-04-15 20:00,0.134168,0.000000,1.080452,0.774858,0.000000,0.829763,0.134168,0.332837,0.015910,0.232370,0.000000,0.000000,0.000000,0.000000,0.000000,0.000000,0.000000,0.000000,0.000000,0.000000,0.000000,0.000000,0.000000,0.000000,0.000000,0.000000,0.000000,0.000000,0.510212,0.053858,0.000000,0.115763,0.094168,0.332837,0.015910,0.232370,0.000000,0.000000,0.000000,0.000000,0.714000,1.288000,0.000000,0.040000,0.840673,1.615531,0.000000,0.109170,0.000000,0.570240,0.000000,0.000000,0.000000,0.125080,0.721000,0.000000,
2026-04-15 21:00,0.134168,0.000000,1.043064,0.774858,0.000000,0.872078,0.134168,0.332837,0.001880,0.000000,0.000000,0.000000,0.000000,0.000000,0.000000,0.000000,0.000000,0.000000,0.000000,0.000000,0.000000,0.000000,0.000000,0.000000,0.000000,0.000000,0.000000,0.000000,0.488574,0.053858,0.000000,0.158078,0.094168,0.332837,0.001880,0.000000,0.000000,0.000000,0.000000,0.000000,0.714000,1.287000,0.000000,0.040000,0.759729,1.534587,0.000000,0.123200,0.000000,0.554490,0.000000,0.000000,0.000000,0.125080,0.721000,0.000000,
2026-04-15 22:00,0.101588,0.000000,1.043064,0.721000,0.000000,0.712000,0.101587,0.114479,0.000000,0.114479,0.000000,0.000000,0.000000,0.000000,0.000000,0.000000,0.000000,0.000000,0.000000,0.000000,0.000000,0.000000,0.000000,0.000000,0.000000,0.000000,0.000000,0.000000,0.482724,0.000000,0.000000,0.000000,0.061587,0.114479,0.000000,0.114479,0.000000,0.000000,0.000000,0.000000,0.712000,1.287000,0.000000,0.040000,0.813587,1.534587,0.000000,0.114479,0.000000,0.560340,0.000000,0.000000,0.000000,0.114479,0.721000,0.000000,
2026-04-15 23:00,0.000000,0.000000,1.027479,0.530321,0.000000,0.712000,0.101587,0.000000,0.000000,0.114479,0.000000,0.000000,0.000000,0.000000,0.000000,0.000000,0.000000,0.000000,0.000000,0.000000,0.000000,0.000000,0.000000,0.000000,0.000000,0.000000,0.000000,0.000000,0.470479,0.000000,0.000000,0.000000,0.061587,0.000000,0.000000,0.114479,0.000000,0.000000,0.000000,0.000000,0.712000,1.286000,0.000000,0.040000,0.835258,1.365579,0.000000,0.114479,0.000000,0.557000,0.000000,0.000000,0.000000,0.114479,0.530321,0.000000,
2026-04-16 00:00,0.141588,0.000000,0.551430,0.000000,0.000000,0.672000,0.040000,0.000000,0.000000,0.114479,0.000000,0.000000,0.000000,0.000000,0.000000,0.000000,0.000000,0.000000,0.000000,0.000000,0.000000,0.000000,0.000000,0.000000,0.000000,0.000000,0.000000,0.000000,0.000000,0.000000,0.000000,0.000000,0.000000,0.000000,0.000000,0.114479,0.000000,0.000000,0.000000,0.000000,0.672000,1.295830,0.000000,0.040000,0.260839,0.260839,0.000000,0.114479,0.000000,0.551430,0.000000,0.000000,0.000000,0.114479,0.000000,0.000000,
2026-04-16 01:00,0.134815,0.000000,0.522720,0.000000,0.000000,0.722847,0.087557,0.038538,0.000000,0.000000,0.000000,0.000000,0.000000,0.000000,0.000000,0.000000,0.000000,0.000000,0.000000,0.000000,0.000000,0.000000,0.000000,0.000000,0.000000,0.000000,0.000000,0.000000,0.000000,0.000000,0.000000,0.050847,0.047557,0.038538,0.000000,0.000000,0.000000,0.000000,0.000000,0.000000,0.672000,2.668420,0.047259,0.040000,0.000000,0.000000,0.000000,0.123200,0.000000,0.522720,0.000000,0.000000,0.000000,0.123200,0.000000,0.000000,
2026-04-16 02:00,0.120710,0.000000,0.535590,0.000000,0.000000,0.670000,0.040000,0.000000,0.000000,0.000000,0.000000,0.000000,0.000000,0.000000,0.000000,0.000000,0.000000,0.000000,0.000000,0.000000,0.000000,0.000000,0.000000,0.000000,0.000000,0.000000,0.000000,0.000000,0.000000,0.000000,0.000000,0.000000,0.000000,0.000000,0.000000,0.000000,0.000000,0.000000,0.000000,0.000000,0.670000,2.671450,0.080710,0.040000,0.228988,0.228988,0.000000,0.123200,0.000000,0.535590,0.000000,0.000000,0.000000,0.123200,0.000000,0.000000,
2026-04-16 03:00,0.120710,0.000000,0.582000,0.000000,0.000000,0.670000,0.040000,0.213604,0.000000,0.000000,0.000000,0.000000,0.000000,0.000000,0.000000,0.000000,0.000000,0.000000,0.000000,0.000000,0.000000,0.000000,0.000000,0.000000,0.000000,0.000000,0.000000,0.000000,0.000000,0.000000,0.000000,0.000000,0.000000,0.213604,0.000000,0.000000,0.000000,0.000000,0.000000,0.000000,0.670000,2.648766,0.080710,0.040000,1.037227,1.037227,0.000000,0.123200,0.000000,0.582000,0.000000,0.000000,0.000000,0.282533,0.000000,0.000000,
2026-04-16 04:00,0.220946,0.000000,0.582000,0.000000,0.000000,0.652000,0.040000,0.000000,0.000000,0.000000,0.000000,0.000000,0.000000,0.000000,0.000000,0.000000,0.000000,0.000000,0.000000,0.000000,0.000000,0.000000,0.000000,0.000000,0.000000,0.000000,0.000000,0.000000,0.000000,0.000000,0.000000,0.000000,0.000000,0.000000,0.000000,0.000000,0.000000,0.000000,0.000000,0.000000,0.652000,2.651971,0.282533,0.040000,1.365979,1.365979,0.000000,0.123200,0.000000,0.582000,0.000000,0.000000,0.000000,0.282533,0.000000,0.000000,
2026-04-16 05:00,0.097688,0.000000,0.783423,0.000000,0.000000,0.652000,0.040000,0.031235,0.110602,0.168718,0.000000,0.000000,0.000000,0.000000,0.000000,0.000000,0.000000,0.000000,0.000000,0.000000,0.000000,0.000000,0.000000,0.000000,0.000000,0.000000,0.000000,0.000000,0.194423,0.000000,0.000000,0.000000,0.000000,0.031235,0.110602,0.168718,0.000000,0.000000,0.000000,0.000000,0.652000,2.618730,0.260862,0.040000,1.365979,1.365979,0.000000,0.168718,0.000000,0.589000,0.000000,0.000000,0.000000,0.229627,0.000000,0.000000,
2026-04-16 06:00,0.000000,0.000000,0.589000,0.000000,0.000000,0.664290,0.040000,0.031235,0.110602,1.031118,0.000000,0.000000,0.000000,0.000000,0.000000,0.000000,0.000000,0.000000,0.000000,0.000000,0.000000,0.000000,0.000000,0.000000,0.000000,0.000000,0.000000,0.000000,0.000000,0.000000,0.000000,0.000000,0.000000,0.031235,0.110602,1.031118,0.000000,0.000000,0.000000,0.000000,0.664290,2.673470,0.061587,0.040000,1.157323,1.157323,0.000000,0.168718,0.000000,0.589000,0.000000,0.000000,0.000000,0.144832,0.000000,0.000000,
2026-04-16 07:00,0.192998,0.000000,0.962852,0.556917,0.000000,0.897244,0.254337,0.031235,0.110602,1.965646,0.005554,0.000000,0.000000,0.000000,0.000000,0.000000,0.000000,0.000000,0.000000,0.000000,0.000000,0.000000,0.000000,0.000000,0.000000,0.000000,0.000000,0.000000,0.365415,0.000000,0.000000,0.225244,0.214337,0.031235,0.110602,1.965646,0.005554,0.000000,0.000000,0.000000,0.672000,2.621520,0.141837,0.040000,1.090242,1.647159,0.000000,0.000000,0.000000,0.597437,0.000000,0.000000,0.005554,0.110602,0.556917,0.000000,
2026-04-16 08:00,0.348507,0.000000,0.739697,0.556917,0.000000,0.741736,0.132440,0.031235,0.110602,1.826376,0.005554,0.000000,0.000000,0.000000,0.000000,0.000000,0.000000,0.000000,0.000000,0.000000,0.000000,0.000000,0.000000,0.000000,0.000000,0.000000,0.000000,0.000000,0.142260,0.000000,0.000000,0.069736,0.092440,0.031235,0.110602,1.826376,0.005554,0.000000,0.000000,0.000000,0.672000,2.621520,0.114479,0.040000,1.090242,1.647159,0.000000,0.107130,0.000000,0.597437,0.000000,0.000000,0.005554,0.083244,0.556917,0.000000,
2026-04-16 09:00,0.549743,0.000000,0.964851,0.556917,0.000000,0.740736,0.130502,0.031235,0.055045,1.870645,0.005554,0.000000,0.000000,0.000000,0.000000,0.000000,0.000000,0.000000,0.000000,0.000000,0.000000,0.000000,0.000000,0.000000,0.000000,0.000000,0.000000,0.000000,0.372991,0.000000,0.000000,0.069736,0.090502,0.031235,0.055045,1.870645,0.005554,0.000000,0.000000,0.000000,0.671000,1.292857,0.114479,0.040000,1.413737,1.970654,0.000000,0.028199,0.000000,0.591860,0.000000,0.000000,0.005554,0.083244,0.556917,0.000000,
2026-04-16 10:00,0.751113,0.000000,0.595000,0.455067,0.000000,0.671000,0.040000,0.031235,0.018991,1.413899,0.005554,0.000000,0.000000,0.000000,0.000000,0.000000,0.000000,0.000000,0.000000,0.000000,0.000000,0.000000,0.000000,0.000000,0.000000,0.000000,0.000000,0.000000,0.000000,0.000000,0.000000,0.000000,0.000000,0.031235,0.018991,1.413899,0.005554,0.000000,0.000000,0.000000,0.671000,1.298860,0.000000,0.040000,1.422113,1.877179,0.000000,0.064253,0.000000,0.595000,0.000000,0.000000,0.005554,0.083244,0.455067,0.000000,
2026-04-16 11:00,0.751113,0.000000,0.774423,0.467481,0.000000,0.712820,0.040000,0.139799,0.018991,2.153099,0.005554,0.000000,0.000000,0.000000,0.000000,0.000000,0.000000,0.000000,0.000000,0.000000,0.000000,0.000000,0.000000,0.000000,0.000000,0.000000,0.000000,0.000000,0.160423,0.012414,0.000000,0.041820,0.000000,0.139799,0.018991,2.153099,0.005554,0.000000,0.000000,0.000000,0.671000,1.286000,0.000000,0.040000,1.217416,1.684896,0.000000,0.064253,0.000000,0.614000,0.000000,0.000000,0.005554,0.083244,0.455067,0.000000,
2026-04-16 12:00,0.656502,0.000000,0.614000,0.074203,0.000000,0.670000,0.040000,0.000000,0.000000,2.212046,0.005554,0.000000,0.000000,0.000000,0.000000,0.000000,0.000000,0.000000,0.000000,0.000000,0.000000,0.000000,0.000000,0.000000,0.000000,0.000000,0.000000,0.000000,0.000000,0.000000,0.000000,0.000000,0.000000,0.000000,0.000000,2.212046,0.005554,0.000000,0.000000,0.000000,0.670000,1.298860,0.108564,0.040000,1.079985,1.154188,0.000000,0.000000,0.000000,0.614000,0.000000,0.000000,0.005554,0.000000,0.074203,0.000000,
2026-04-16 13:00,0.477947,0.000000,0.732982,0.354579,0.000000,0.670000,0.040000,0.056804,0.000000,0.335672,0.000000,0.000000,0.000000,0.000000,0.000000,0.000000,0.000000,0.000000,0.000000,0.000000,0.000000,0.000000,0.000000,0.000000,0.000000,0.000000,0.000000,0.000000,0.075622,0.000000,0.000000,0.000000,0.000000,0.056804,0.000000,0.335672,0.000000,0.000000,0.000000,0.000000,0.670000,1.285000,0.031597,0.040000,0.901430,1.256010,0.000000,0.089272,0.000000,0.657360,0.000000,0.000000,0.000000,0.089272,0.354579,0.000000,
2026-04-16 14:00,0.000000,0.000000,0.657360,0.354579,0.000000,0.634000,0.069990,0.171283,0.000000,0.089272,0.000000,0.000000,0.000000,0.000000,0.000000,0.000000,0.000000,0.000000,0.000000,0.000000,0.000000,0.000000,0.000000,0.000000,0.000000,0.000000,0.000000,0.000000,0.000000,0.000000,0.000000,0.000000,0.029990,0.171283,0.000000,0.089272,0.000000,0.000000,0.000000,0.000000,0.634000,1.299870,0.031597,0.040000,0.757258,1.111838,0.000000,0.089272,0.000000,0.657360,0.000000,0.000000,0.000000,0.089272,0.354579,0.000000,
2026-04-16 15:00,0.000000,0.000000,0.658000,0.354579,0.000000,0.859896,0.203175,0.037680,0.000000,0.063908,0.000000,0.000000,0.000000,0.000000,0.000000,0.000000,0.000000,0.000000,0.000000,0.000000,0.000000,0.000000,0.000000,0.000000,0.000000,0.000000,0.000000,0.000000,0.000000,0.000000,0.000000,0.231896,0.163175,0.037680,0.000000,0.063908,0.000000,0.000000,0.000000,0.000000,0.628000,1.299870,0.101587,0.040000,0.490121,0.844701,0.000000,0.063908,0.000000,0.658000,0.000000,0.000000,0.000000,0.063908,0.354579,0.000000,
2026-04-16 16:00,0.000000,0.000000,2.260506,0.811211,0.000000,1.045377,0.203175,0.050572,0.000000,0.063908,0.000000,0.000000,0.000000,0.000000,0.000000,0.000000,0.000000,0.000000,0.000000,0.000000,0.000000,0.000000,0.000000,0.000000,0.000000,0.000000,0.000000,0.000000,1.602506,0.456632,0.000000,0.417377,0.163175,0.050572,0.000000,0.063908,0.000000,0.000000,0.000000,0.000000,0.628000,1.275120,0.000000,0.040000,1.004215,1.815426,0.000000,0.063908,0.000000,0.658000,0.000000,0.000000,0.000000,0.063908,0.354579,0.000000,
2026-04-16 17:00,0.000000,0.000000,0.655000,0.000000,0.000000,0.628000,0.101587,0.050572,0.000000,0.063908,0.000000,0.000000,0.000000,0.000000,0.000000,0.000000,0.000000,0.000000,0.000000,0.000000,0.000000,0.000000,0.000000,0.000000,0.000000,0.000000,0.000000,0.000000,0.000000,0.000000,0.000000,0.000000,0.061587,0.050572,0.000000,0.063908,0.000000,0.000000,0.000000,0.000000,0.628000,1.300880,0.000000,0.040000,1.162196,1.162196,0.000000,0.063908,0.000000,0.655000,0.000000,0.000000,0.000000,0.063908,0.000000,0.000000,
2026-04-16 18:00,0.000000,0.000000,0.636570,0.000000,0.000000,0.629000,0.101587,0.050572,0.000000,0.063908,0.000000,0.000000,0.000000,0.000000,0.000000,0.000000,0.000000,0.000000,0.000000,0.000000,0.000000,0.000000,0.000000,0.000000,0.000000,0.000000,0.000000,0.000000,0.000000,0.000000,0.000000,0.000000,0.061587,0.050572,0.000000,0.063908,0.000000,0.000000,0.000000,0.000000,0.629000,2.676500,0.000000,0.040000,0.135967,0.135967,0.000000,0.063908,0.000000,0.636570,0.000000,0.000000,0.000000,0.063908,0.000000,0.000000,
2026-04-16 19:00,0.485851,0.000000,0.627000,0.083390,0.000000,0.932882,0.485851,0.279530,0.000000,0.063908,0.000000,0.000000,0.000000,0.000000,0.000000,0.000000,0.000000,0.000000,0.000000,0.000000,0.000000,0.000000,0.000000,0.000000,0.000000,0.000000,0.000000,0.000000,0.000000,0.076603,0.000000,0.288392,0.445851,0.279530,0.000000,0.063908,0.000000,0.000000,0.000000,0.000000,0.644490,2.649000,0.000000,0.040000,0.791942,0.875333,0.000000,0.063908,0.000000,0.627000,0.000000,0.000000,0.000000,0.063908,0.006788,0.000000,
2026-04-16 20:00,1.178924,0.000000,0.627000,0.000000,0.000000,0.624690,0.040000,0.000000,0.000000,0.000000,0.000000,0.000000,0.000000,0.000000,0.000000,0.000000,0.000000,0.000000,0.000000,0.000000,0.000000,0.000000,0.000000,0.000000,0.000000,0.000000,0.000000,0.000000,0.000000,0.000000,0.000000,0.000000,0.000000,0.000000,0.000000,0.000000,0.000000,0.000000,0.000000,0.000000,0.624690,2.677510,0.000000,0.040000,1.933178,1.933178,0.000000,0.000000,0.000000,0.627000,0.000000,0.000000,0.000000,0.000000,0.000000,0.000000,
2026-04-16 21:00,2.050288,0.000000,0.622710,0.000000,0.000000,0.624690,0.040000,0.000000,0.000000,0.000000,0.000000,0.000000,0.000000,0.000000,0.000000,0.000000,0.000000,0.000000,0.000000,0.000000,0.000000,0.000000,0.000000,0.000000,0.000000,0.000000,0.000000,0.000000,0.000000,0.000000,0.000000,0.000000,0.000000,0.000000,0.000000,0.000000,0.000000,0.000000,0.000000,0.000000,0.624690,2.685590,0.000000,0.040000,2.062880,2.062880,0.000000,0.000000,0.000000,0.622710,0.000000,0.000000,0.000000,0.000000,0.000000,0.000000,
2026-04-16 22:00,2.050288,0.000000,0.622710,0.000000,0.000000,0.623700,0.040000,0.000000,0.000000,0.000000,0.000000,0.000000,0.000000,0.000000,0.000000,0.000000,0.000000,0.000000,0.000000,0.000000,0.000000,0.000000,0.000000,0.000000,0.000000,0.000000,0.000000,0.000000,0.000000,0.000000,0.000000,0.000000,0.000000,0.000000,0.000000,0.000000,0.000000,0.000000,0.000000,0.000000,0.623700,2.674480,2.213463,0.040000,1.934438,1.934438,0.000000,0.366221,0.000000,0.622710,0.000000,0.000000,0.000000,0.496276,0.000000,0.000000,
2026-04-16 23:00,2.050288,0.000000,0.622710,0.000000,0.000000,0.623700,0.040000,0.000000,0.000000,0.000000,0.000000,0.000000,0.000000,0.000000,0.000000,0.000000,0.000000,0.000000,0.000000,0.000000,0.000000,0.000000,0.000000,0.000000,0.000000,0.000000,0.000000,0.000000,0.000000,0.000000,0.000000,0.000000,0.000000,0.000000,0.000000,0.000000,0.000000,0.000000,0.000000,0.000000,0.623700,2.667410,2.213463,0.040000,2.012583,2.012583,0.000000,1.351934,0.000000,0.622710,0.000000,0.000000,0.000000,3.164816,0.000000,0.000000,
2026-04-17 00:00,2.050288,0.000000,0.622710,0.000000,0.000000,0.621720,0.040000,0.000000,0.000000,0.000000,0.000000,0.000000,0.000000,0.000000,0.000000,0.000000,0.000000,0.000000,0.000000,0.000000,0.000000,0.000000,0.000000,0.000000,0.000000,0.000000,0.000000,0.000000,0.000000,0.000000,0.000000,0.000000,0.000000,0.000000,0.000000,0.000000,0.000000,0.000000,0.000000,0.000000,0.621720,2.676500,2.416638,0.040000,2.012583,2.012583,0.000000,2.505905,0.000000,0.622710,0.000000,0.000000,0.000000,3.790669,0.000000,0.000000,
2026-04-17 01:00,2.036349,0.000000,0.620730,0.000000,0.000000,0.617760,0.040000,0.000000,0.000000,0.000000,0.000000,0.000000,0.000000,0.000000,0.000000,0.000000,0.000000,0.000000,0.000000,0.000000,0.000000,0.000000,0.000000,0.000000,0.000000,0.000000,0.000000,0.000000,0.000000,0.000000,0.000000,0.000000,0.000000,0.000000,0.000000,0.000000,0.000000,0.000000,0.000000,0.000000,0.617760,2.673470,2.910636,0.040000,2.126064,2.126064,0.000000,3.380047,0.000000,0.620730,0.000000,0.000000,0.000000,3.790669,0.000000,0.000000,
2026-04-17 02:00,2.418812,0.000000,0.620730,0.000000,0.000000,0.617760,0.040000,0.000000,0.000000,0.000000,0.000000,0.000000,0.000000,0.000000,0.000000,0.000000,0.000000,0.000000,0.000000,0.000000,0.000000,0.000000,0.000000,0.000000,0.000000,0.000000,0.000000,0.000000,0.000000,0.000000,0.000000,0.000000,0.000000,0.000000,0.000000,0.000000,0.000000,0.000000,0.000000,0.000000,0.617760,2.673470,2.516274,0.040000,2.575350,2.575350,0.000000,3.412277,0.000000,0.620730,0.000000,0.000000,0.000000,3.790669,0.000000,0.000000,
2026-04-17 03:00,2.614551,0.000000,0.576180,0.000000,0.000000,0.613800,0.040000,0.000000,0.000000,0.000000,0.000000,0.000000,0.000000,0.000000,0.000000,0.000000,0.000000,0.000000,0.000000,0.000000,0.000000,0.000000,0.000000,0.000000,0.000000,0.000000,0.000000,0.000000,0.000000,0.000000,0.000000,0.000000,0.000000,0.000000,0.000000,0.000000,0.000000,0.000000,0.000000,0.000000,0.613800,4.019800,1.929151,0.040000,2.575350,2.575350,0.000000,3.151616,0.000000,0.576180,0.000000,0.000000,0.000000,2.944340,0.000000,0.000000,
2026-04-17 04:00,2.326427,0.000000,0.615780,0.000000,0.000000,0.613800,0.040000,0.000000,0.000000,0.000000,0.000000,0.000000,0.000000,0.000000,0.000000,0.000000,0.000000,0.000000,0.000000,0.000000,0.000000,0.000000,0.000000,0.000000,0.000000,0.000000,0.000000,0.000000,0.000000,0.000000,0.000000,0.000000,0.000000,0.000000,0.000000,0.000000,0.000000,0.000000,0.000000,0.000000,0.613800,4.018790,1.880077,0.040000,2.575350,2.575350,0.000000,1.150600,0.000000,0.615780,0.000000,0.000000,0.000000,1.880077,0.000000,0.000000,
2026-04-17 05:00,1.748794,0.000000,0.542520,0.000000,0.000000,0.616770,0.040000,0.000000,0.000000,0.000000,0.000000,0.000000,0.000000,0.000000,0.000000,0.000000,0.000000,0.000000,0.000000,0.000000,0.000000,0.000000,0.000000,0.000000,0.000000,0.000000,0.000000,0.000000,0.000000,0.000000,0.000000,0.000000,0.000000,0.000000,0.000000,0.000000,0.000000,0.000000,0.000000,0.000000,0.616770,4.021820,1.811094,0.040000,2.575350,2.575350,0.000000,0.000000,0.000000,0.542520,0.000000,0.000000,0.000000,0.555090,0.000000,0.000000,
2026-04-17 06:00,1.445456,0.000000,0.558360,0.000000,0.000000,0.612810,0.040000,0.000000,0.000000,0.534600,0.000000,0.000000,0.000000,0.000000,0.000000,0.000000,0.000000,0.000000,0.000000,0.000000,0.000000,0.000000,0.000000,0.000000,0.000000,0.000000,0.000000,0.000000,0.000000,0.000000,0.000000,0.000000,0.000000,0.000000,0.000000,0.000000,0.000000,0.000000,0.000000,0.534600,0.612810,4.017780,1.811094,0.040000,2.672549,2.672549,0.000000,0.000000,0.000000,0.558360,0.000000,0.000000,0.000000,0.434077,0.000000,0.000000,
2026-04-17 07:00,1.716151,0.000000,0.605880,0.000000,0.000000,0.613800,0.040000,0.000000,0.000000,0.623700,0.000000,0.000000,0.000000,0.000000,0.000000,0.000000,0.000000,0.000000,0.000000,0.000000,0.000000,0.000000,0.000000,0.000000,0.000000,0.000000,0.000000,0.000000,0.000000,0.000000,0.000000,0.000000,0.000000,0.000000,0.000000,0.000000,0.000000,0.000000,0.000000,0.623700,0.613800,4.012730,1.574563,0.040000,2.966040,2.966040,0.000000,0.743988,0.000000,0.605880,0.000000,0.000000,0.000000,0.434077,0.000000,0.000000,
2026-04-17 08:00,1.716151,0.683100,0.601920,0.000000,0.683100,0.614790,0.040000,0.000000,0.000000,0.623700,0.000000,0.000000,0.000000,0.000000,0.000000,0.000000,0.000000,0.000000,0.000000,0.000000,0.000000,0.000000,0.000000,0.000000,0.000000,0.000000,0.000000,0.000000,0.000000,0.000000,0.000000,0.000000,0.000000,0.000000,0.000000,0.000000,0.000000,0.000000,0.000000,0.623700,0.614790,4.010710,1.574563,0.040000,3.247255,3.247255,0.000000,0.940112,0.683100,0.601920,0.683100,0.683100,0.683100,0.768903,0.000000,0.000000,
2026-04-17 09:00,1.387137,0.683100,0.601920,0.000000,0.683100,0.723690,0.040000,0.000000,0.000000,0.623700,0.000000,0.000000,0.000000,0.000000,0.000000,0.000000,0.000000,0.000000,0.000000,0.000000,0.000000,0.000000,0.000000,0.000000,0.000000,0.000000,0.000000,0.000000,0.000000,0.000000,0.000000,0.000000,0.000000,0.000000,0.000000,0.000000,0.000000,0.000000,0.000000,0.623700,0.723690,3.991520,1.601106,0.040000,3.302682,3.302682,0.000000,1.037410,0.683100,0.601920,0.683100,0.683100,0.683100,1.357044,0.000000,0.000000,
2026-04-17 10:00,1.387137,0.760320,0.601920,0.000000,0.760320,0.791010,0.040000,0.000000,0.000000,0.623700,0.000000,0.000000,0.000000,0.000000,0.000000,0.000000,0.000000,0.000000,0.000000,0.000000,0.000000,0.000000,0.000000,0.000000,0.000000,0.000000,0.000000,0.000000,0.000000,0.000000,0.000000,0.000000,0.000000,0.000000,0.000000,0.000000,0.000000,0.000000,0.000000,0.623700,0.791010,3.988490,1.601106,0.040000,3.302682,3.302682,0.000000,1.037410,0.760320,0.601920,0.760320,0.760320,0.760320,1.730689,0.000000,0.000000,
2026-04-17 11:00,2.151256,0.760320,0.766650,0.337998,0.760320,0.822475,0.040000,0.000000,0.120911,0.700333,0.000000,0.000000,0.000000,0.000000,0.000000,0.000000,0.000000,0.000000,0.000000,0.000000,0.000000,0.000000,0.000000,0.000000,0.000000,0.000000,0.000000,0.000000,0.161650,0.015882,0.053320,0.213445,0.000000,0.000000,0.120911,0.070333,0.000000,0.000000,0.000000,0.630000,0.609030,3.952000,1.501731,0.040000,2.964684,3.302682,0.000000,1.214253,0.760320,0.605000,0.707000,0.760320,0.760320,1.730689,0.322116,0.000000,
2026-04-17 12:00,1.879895,0.760320,0.960804,0.337998,0.760320,0.715014,0.040000,0.000000,0.187354,0.700333,0.000000,0.000000,0.000000,0.000000,0.000000,0.000000,0.000000,0.000000,0.000000,0.000000,0.000000,0.000000,0.000000,0.000000,0.000000,0.000000,0.000000,0.000000,0.300804,0.015882,0.053320,0.071514,0.000000,0.000000,0.187354,0.070333,0.000000,0.000000,0.000000,0.630000,0.643500,3.911490,1.636720,0.040000,2.964684,3.302682,0.000000,1.583853,0.760320,0.660000,0.707000,0.760320,0.760320,1.636720,0.322116,0.000000,
2026-04-17 13:00,1.778308,0.760320,0.666000,0.185105,0.760320,0.643500,0.040000,0.000000,0.000000,0.630000,0.000000,0.000000,0.000000,0.000000,0.000000,0.000000,0.000000,0.000000,0.000000,0.000000,0.000000,0.000000,0.000000,0.000000,0.000000,0.000000,0.000000,0.000000,0.000000,0.000000,0.053320,0.000000,0.000000,0.000000,0.000000,0.000000,0.000000,0.000000,0.000000,0.630000,0.643500,4.000610,1.636720,0.040000,2.914841,3.099946,0.000000,1.636720,0.760320,0.666000,0.707000,0.760320,0.760320,1.636720,0.185105,0.000000,
2026-04-17 14:00,1.909176,0.761310,0.666000,0.272031,0.761310,0.873130,0.231651,0.071447,0.047056,0.743200,0.000000,0.000000,0.000000,0.000000,0.000000,0.000000,0.000000,0.000000,0.000000,0.000000,0.000000,0.000000,0.000000,0.000000,0.000000,0.000000,0.000000,0.000000,0.000000,0.012951,0.046310,0.243900,0.191651,0.071447,0.047056,0.113200,0.000000,0.000000,0.000000,0.630000,0.629230,3.955000,1.880700,0.040000,2.782306,3.054336,0.000000,1.627710,0.761310,0.666000,0.715000,0.761310,0.761310,1.809253,0.259080,0.000000,
2026-04-17 15:00,1.952505,0.761310,0.666000,0.259080,0.761310,0.675000,0.040000,0.000000,0.000000,0.620000,0.000000,0.000000,0.000000,0.000000,0.000000,0.000000,0.000000,0.000000,0.000000,0.000000,0.000000,0.000000,0.000000,0.000000,0.000000,0.000000,0.000000,0.000000,0.000000,0.000000,0.032310,0.000000,0.000000,0.000000,0.000000,0.000000,0.000000,0.000000,0.000000,0.620000,0.675000,3.955000,1.948492,0.040000,2.782306,3.041386,0.000000,1.627710,0.761310,0.666000,0.729000,0.761310,0.761310,1.948492,0.259080,0.000000,
2026-04-17 16:00,2.013430,0.761310,0.663300,0.000000,0.761310,0.677160,0.040000,0.000000,0.000000,0.620000,0.000000,0.000000,0.000000,0.000000,0.000000,0.000000,0.000000,0.000000,0.000000,0.000000,0.000000,0.000000,0.000000,0.000000,0.000000,0.000000,0.000000,0.000000,0.000000,0.000000,0.000000,0.000000,0.000000,0.000000,0.000000,0.000000,0.000000,0.000000,0.000000,0.620000,0.677160,4.008690,1.948492,0.040000,2.782306,2.782306,0.000000,1.627710,0.761310,0.663300,0.761310,0.761310,0.761310,1.979366,0.000000,0.000000,
2026-04-17 17:00,1.796366,0.758535,0.619000,0.301939,0.758535,0.684000,0.040000,0.000000,0.000000,0.623700,0.000000,0.000000,0.000000,0.000000,0.000000,0.000000,0.000000,0.000000,0.000000,0.000000,0.000000,0.000000,0.000000,0.000000,0.000000,0.000000,0.000000,0.000000,0.000000,0.000000,0.000000,0.000000,0.000000,0.000000,0.000000,0.000000,0.000000,0.000000,0.000000,0.623700,0.684000,3.998590,1.948492,0.040000,2.480366,2.782306,0.000000,1.628635,0.758535,0.619000,0.758535,0.758535,0.758535,2.032097,0.301939,0.000000,
2026-04-17 18:00,1.794560,0.754566,0.619000,0.388555,0.754566,0.862259,0.150830,0.047233,0.082420,1.149641,0.002566,0.000873,0.000530,0.000000,0.000000,0.000000,0.000000,0.000000,0.000000,0.000000,0.000000,0.000000,0.000000,0.000000,0.000000,0.000000,0.000000,0.000000,0.000000,0.000000,0.002566,0.166259,0.110830,0.047233,0.082420,0.525941,0.002566,0.000873,0.000530,0.623700,0.696000,3.998590,1.948492,0.040000,2.287044,2.675598,0.000000,1.415376,0.755096,0.619000,0.752000,0.755969,0.758535,1.901259,0.388555,0.000000,
2026-04-17 19:00,1.762558,0.754566,0.700953,0.388555,0.754566,0.771865,0.040570,0.047233,0.132008,1.149641,0.002566,0.000873,0.000530,0.000000,0.000000,0.000000,0.000000,0.000000,0.000000,0.000000,0.000000,0.000000,0.000000,0.000000,0.000000,0.000000,0.000000,0.000000,0.079953,0.000000,0.002566,0.075865,0.000570,0.047233,0.132008,0.529641,0.002566,0.000873,0.000530,0.620000,0.696000,3.970000,1.823575,0.040000,2.411164,2.799719,0.000000,1.415376,0.755096,0.621000,0.752000,0.755969,0.758535,1.547384,0.388555,0.000000,
2026-04-17 20:00,1.651417,0.752000,0.703953,0.388555,0.752000,0.696000,0.040000,0.131075,0.143183,0.855738,0.000000,0.000000,0.000000,0.000000,0.000000,0.000000,0.000000,0.000000,0.000000,0.000000,0.000000,0.000000,0.000000,0.000000,0.000000,0.000000,0.000000,0.000000,0.079953,0.000000,0.000000,0.000000,0.000000,0.131075,0.143183,0.235738,0.000000,0.000000,0.000000,0.620000,0.696000,3.957000,1.509829,0.040000,2.470675,2.859230,0.000000,1.484538,0.752000,0.624000,0.752000,0.752000,0.752000,1.493234,0.388555,0.000000,
2026-04-17 21:00,1.651417,0.752000,0.624000,0.000000,0.752000,0.693990,0.040000,0.000000,0.000000,0.732538,0.000000,0.000000,0.000000,0.000000,0.000000,0.000000,0.000000,0.000000,0.000000,0.000000,0.000000,0.000000,0.000000,0.000000,0.000000,0.000000,0.000000,0.000000,0.000000,0.000000,0.000000,0.000000,0.000000,0.000000,0.000000,0.112538,0.000000,0.000000,0.000000,0.620000,0.693990,3.989500,1.509829,0.040000,2.468665,2.468665,0.000000,1.484538,0.752000,0.624000,0.752000,0.752000,0.752000,1.395350,0.000000,0.000000,
2026-04-17 22:00,1.944639,0.744480,0.629640,0.000000,0.744480,0.693990,0.040000,0.000000,0.000000,0.613800,0.000000,0.000000,0.000000,0.000000,0.000000,0.000000,0.000000,0.000000,0.000000,0.000000,0.000000,0.000000,0.000000,0.000000,0.000000,0.000000,0.000000,0.000000,0.000000,0.000000,0.000000,0.000000,0.000000,0.000000,0.000000,0.000000,0.000000,0.000000,0.000000,0.613800,0.693990,3.986470,1.701464,0.040000,2.885146,2.885146,0.000000,1.484538,0.744480,0.629640,0.744480,0.744480,0.744480,1.586985,0.000000,0.000000,
2026-04-17 23:00,2.175184,0.724680,0.631620,0.000000,0.724680,0.690030,0.040000,0.000000,0.000000,0.613800,0.000000,0.000000,0.000000,0.000000,0.000000,0.000000,0.000000,0.000000,0.000000,0.000000,0.000000,0.000000,0.000000,0.000000,0.000000,0.000000,0.000000,0.000000,0.000000,0.000000,0.000000,0.000000,0.000000,0.000000,0.000000,0.000000,0.000000,0.000000,0.000000,0.613800,0.690030,3.972330,1.932009,0.040000,2.927347,2.927347,0.000000,1.581822,0.724680,0.631620,0.724680,0.724680,0.724680,1.703050,0.000000,0.000000,
2026-04-18 00:00,2.191154,0.724680,0.631620,0.000000,0.724680,0.690030,0.040000,0.000000,0.000000,0.613800,0.000000,0.000000,0.000000,0.000000,0.000000,0.000000,0.000000,0.000000,0.000000,0.000000,0.000000,0.000000,0.000000,0.000000,0.000000,0.000000,0.000000,0.000000,0.000000,0.000000,0.000000,0.000000,0.000000,0.000000,0.000000,0.000000,0.000000,0.000000,0.000000,0.613800,0.690030,3.985460,2.151154,0.040000,3.065568,3.065568,0.000000,1.767700,0.724680,0.631620,0.724680,0.724680,0.724680,2.036675,0.000000,0.000000,
2026-04-18 01:00,2.118278,0.720720,0.640530,0.000000,0.720720,0.693000,0.040000,0.000000,0.000000,0.613800,0.000000,0.000000,0.000000,0.000000,0.000000,0.000000,0.000000,0.000000,0.000000,0.000000,0.000000,0.000000,0.000000,0.000000,0.000000,0.000000,0.000000,0.000000,0.000000,0.000000,0.000000,0.000000,0.000000,0.000000,0.000000,0.000000,0.000000,0.000000,0.000000,0.613800,0.693000,4.000610,2.078278,0.040000,3.089367,3.089367,0.000000,1.767700,0.720720,0.640530,0.720720,0.720720,0.720720,2.036675,0.000000,0.000000,
2026-04-18 02:00,2.156764,0.720720,0.644490,0.000000,0.720720,0.691020,0.040000,0.000000,0.000000,0.613800,0.000000,0.000000,0.000000,0.000000,0.000000,0.000000,0.000000,0.000000,0.000000,0.000000,0.000000,0.000000,0.000000,0.000000,0.000000,0.000000,0.000000,0.000000,0.000000,0.000000,0.000000,0.000000,0.000000,0.000000,0.000000,0.000000,0.000000,0.000000,0.000000,0.613800,0.691020,4.001620,2.015177,0.040000,3.185987,3.185987,0.000000,1.704120,0.720720,0.644490,0.720720,0.720720,0.720720,1.973095,0.000000,0.000000,
2026-04-18 03:00,2.258352,0.720720,0.644490,0.000000,0.720720,0.691020,0.040000,0.000000,0.000000,0.613800,0.000000,0.000000,0.000000,0.000000,0.000000,0.000000,0.000000,0.000000,0.000000,0.000000,0.000000,0.000000,0.000000,0.000000,0.000000,0.000000,0.000000,0.000000,0.000000,0.000000,0.000000,0.000000,0.000000,0.000000,0.000000,0.000000,0.000000,0.000000,0.000000,0.613800,0.691020,4.001620,2.015177,0.040000,3.565663,3.565663,0.000000,1.580920,0.720720,0.644490,0.720720,0.720720,0.720720,1.984383,0.000000,0.000000,
2026-04-18 04:00,2.625449,0.720720,0.948028,0.272425,0.720720,0.647000,0.040000,0.000000,0.000000,0.613800,0.000000,0.000000,0.000000,0.000000,0.000000,0.000000,0.000000,0.000000,0.000000,0.000000,0.000000,0.000000,0.000000,0.000000,0.000000,0.000000,0.000000,0.000000,0.303538,0.000000,0.000000,0.000000,0.000000,0.000000,0.000000,0.000000,0.000000,0.000000,0.000000,0.613800,0.647000,3.931290,2.382274,0.040000,3.765483,4.037908,0.000000,1.580920,0.720720,0.644490,0.720720,0.720720,0.720720,1.580920,0.272425,0.000000,
2026-04-18 05:00,3.005156,0.720720,0.620140,0.272425,0.720720,0.647000,0.040000,0.000000,0.000000,0.613800,0.000000,0.000000,0.000000,0.000000,0.000000,0.000000,0.000000,0.000000,0.000000,0.000000,0.000000,0.000000,0.000000,0.000000,0.000000,0.000000,0.000000,0.000000,0.000000,0.000000,0.000000,0.000000,0.000000,0.000000,0.000000,0.000000,0.000000,0.000000,0.000000,0.613800,0.647000,2.667410,2.660393,0.040000,3.652156,3.924581,0.000000,1.523396,0.720720,0.620140,0.720720,0.720720,0.720720,1.429702,0.272425,0.000000,
2026-04-18 06:00,2.227094,0.725000,0.664000,0.771746,0.725000,0.647000,0.109853,0.149477,0.000000,0.799884,0.000000,0.000000,0.000000,0.000000,0.000000,0.000000,0.000000,0.000000,0.000000,0.000000,0.000000,0.000000,0.000000,0.000000,0.000000,0.000000,0.000000,0.000000,0.000000,0.000000,0.000000,0.000000,0.069853,0.149477,0.000000,0.179884,0.000000,0.000000,0.000000,0.620000,0.647000,2.661267,2.523591,0.040000,2.750836,3.522582,0.000000,1.336007,0.725000,0.664000,0.725000,0.725000,0.725000,1.429702,0.771746,0.000000,
2026-04-18 07:00,1.282566,0.731610,0.677160,0.771746,0.731610,0.647000,0.224379,0.631468,0.093695,0.973997,0.000000,0.000000,0.000000,0.000000,0.000000,0.000000,0.000000,0.000000,0.000000,0.000000,0.000000,0.000000,0.000000,0.000000,0.000000,0.000000,0.000000,0.000000,0.000000,0.000000,0.000000,0.000000,0.184379,0.631468,0.093695,0.353997,0.000000,0.000000,0.000000,0.620000,0.647000,2.674480,2.175649,0.040000,1.929566,2.701312,0.000000,1.336007,0.731610,0.677160,0.731610,0.731610,0.731610,1.429702,0.771746,0.000000,
2026-04-18 08:00,2.050811,0.731610,1.743202,1.459125,0.731610,1.073819,0.040000,0.631468,0.114911,0.973997,0.000000,0.000000,0.000000,0.000000,0.000000,0.000000,0.000000,0.000000,0.000000,0.000000,0.000000,0.000000,0.000000,0.000000,0.000000,0.000000,0.000000,0.000000,1.066042,0.147908,0.000000,0.429819,0.000000,0.631468,0.114911,0.353997,0.000000,0.000000,0.000000,0.620000,0.644000,2.618550,1.604461,0.040000,1.645530,3.104655,0.000000,1.336007,0.731610,0.677160,0.731610,0.731610,0.731610,1.316430,1.311217,0.000000,
2026-04-18 09:00,1.742080,0.731610,1.209569,1.311217,0.731610,0.643000,0.040000,0.946700,0.413829,0.843429,0.000000,0.000000,0.000000,0.000000,0.000000,0.000000,0.000000,0.000000,0.000000,0.000000,0.000000,0.000000,0.000000,0.000000,0.000000,0.000000,0.000000,0.000000,0.480929,0.000000,0.007440,0.000000,0.000000,0.946700,0.413829,0.223429,0.000000,0.000000,0.000000,0.620000,0.643000,2.641000,0.889380,0.040000,1.645530,2.956747,0.000000,1.575039,0.731610,0.728640,0.724170,0.731610,0.731610,1.316430,1.311217,0.000000,
2026-04-18 10:00,1.563093,0.731610,0.727000,1.311217,0.731610,0.643000,0.040000,0.000000,0.000000,0.843429,0.000000,0.000000,0.000000,0.000000,0.000000,0.000000,0.000000,0.000000,0.000000,0.000000,0.000000,0.000000,0.000000,0.000000,0.000000,0.000000,0.000000,0.000000,0.000000,0.000000,0.003960,0.000000,0.000000,0.000000,0.000000,0.223429,0.000000,0.000000,0.000000,0.620000,0.643000,2.677510,1.319918,0.040000,1.343285,2.654502,0.000000,1.205439,0.731610,0.727000,0.727650,0.731610,0.731610,1.205439,1.311217,0.000000,
2026-04-18 11:00,1.488586,0.731610,0.904778,1.369314,0.731610,0.741755,0.553102,0.836959,0.490815,1.360986,0.000000,0.000000,0.000000,0.000000,0.000000,0.000000,0.000000,0.000000,0.000000,0.000000,0.000000,0.000000,0.000000,0.000000,0.000000,0.000000,0.000000,0.000000,0.177778,0.058097,0.004610,0.098755,0.513102,0.836959,0.490815,0.740986,0.000000,0.000000,0.000000,0.620000,0.643000,2.667410,1.138659,0.040000,0.627982,1.997296,0.000000,1.359140,0.731610,0.727000,0.727000,0.731610,0.731610,1.446492,1.311217,0.000000,
2026-04-18 12:00,1.082995,0.731610,0.727000,1.065513,0.731610,0.642622,0.553102,0.265322,0.000000,0.620000,0.000000,0.000000,0.000000,0.000000,0.000000,0.000000,0.000000,0.000000,0.000000,0.000000,0.000000,0.000000,0.000000,0.000000,0.000000,0.000000,0.000000,0.000000,0.000000,0.000000,0.025620,0.004622,0.513102,0.265322,0.000000,0.000000,0.000000,0.000000,0.000000,0.620000,0.638000,4.021820,1.139418,0.040000,0.000000,1.065513,0.000000,1.715467,0.731610,0.727000,0.705990,0.731610,0.731610,1.446492,1.065513,0.000000,
2026-04-18 13:00,0.918050,0.748440,1.455040,1.065513,0.748440,0.642622,0.692919,0.274625,0.008525,0.711520,0.000000,0.000000,0.000000,0.000000,0.000000,0.000000,0.000000,0.000000,0.000000,0.000000,0.000000,0.000000,0.000000,0.000000,0.000000,0.000000,0.000000,0.000000,0.718040,0.000000,0.000000,0.004622,0.652919,0.274625,0.008525,0.091520,0.000000,0.000000,0.000000,0.620000,0.638000,3.934260,1.139418,0.040000,0.944380,2.009893,0.000000,1.583160,0.748440,0.737000,0.748440,0.748440,0.748440,1.322710,1.065513,0.000000,
2026-04-18 14:00,0.883267,0.716760,1.455040,0.882605,0.716760,0.643500,0.692919,0.274625,0.052434,0.620000,0.000000,0.000000,0.000000,0.000000,0.000000,0.000000,0.000000,0.000000,0.000000,0.000000,0.000000,0.000000,0.000000,0.000000,0.000000,0.000000,0.000000,0.000000,0.718040,0.000000,0.034000,0.000000,0.652919,0.274625,0.052434,0.000000,0.000000,0.000000,0.000000,0.620000,0.643500,3.934260,0.799873,0.040000,1.896542,2.779147,0.000000,1.583160,0.716760,0.737000,0.682760,0.716760,0.716760,1.097644,0.882605,0.000000,
2026-04-18 15:00,1.027489,0.716760,0.716000,0.209299,0.716760,0.643500,0.040000,0.000000,0.000000,0.620000,0.000000,0.000000,0.000000,0.000000,0.000000,0.000000,0.000000,0.000000,0.000000,0.000000,0.000000,0.000000,0.000000,0.000000,0.000000,0.000000,0.000000,0.000000,0.000000,0.000000,0.034000,0.000000,0.000000,0.000000,0.000000,0.000000,0.000000,0.000000,0.000000,0.620000,0.643500,4.036970,0.581139,0.040000,2.410539,2.619838,0.000000,1.213560,0.716760,0.716000,0.682760,0.716760,0.716760,0.810097,0.209299,0.000000,
2026-04-18 16:00,1.693342,0.716760,1.048336,0.411924,0.716760,0.948417,0.040000,0.000000,0.039265,0.620000,0.000000,0.000000,0.000000,0.000000,0.000000,0.000000,0.000000,0.000000,0.000000,0.000000,0.000000,0.000000,0.000000,0.000000,0.000000,0.000000,0.000000,0.000000,0.332336,0.202624,0.000000,0.339417,0.000000,0.000000,0.039265,0.000000,0.000000,0.000000,0.000000,0.620000,0.609000,3.952080,0.840642,0.040000,2.541029,2.952953,0.000000,1.090360,0.716760,0.716000,0.716760,0.716760,0.716760,0.726163,0.209299,0.000000,
2026-04-18 17:00,1.434445,0.716760,0.619000,0.000000,0.716760,0.590000,0.040000,0.000000,0.000000,0.620000,0.000000,0.000000,0.000000,0.000000,0.000000,0.000000,0.000000,0.000000,0.000000,0.000000,0.000000,0.000000,0.000000,0.000000,0.000000,0.000000,0.000000,0.000000,0.000000,0.000000,0.000000,0.000000,0.000000,0.000000,0.000000,0.000000,0.000000,0.000000,0.000000,0.620000,0.590000,4.002630,1.191270,0.040000,2.987983,2.987983,0.000000,0.902460,0.716760,0.619000,0.716760,0.716760,0.716760,0.802399,0.000000,0.000000,
2026-04-18 18:00,1.775712,0.716760,0.593010,0.000000,0.716760,0.595980,0.040000,0.000000,0.000000,0.613800,0.000000,0.000000,0.000000,0.000000,0.000000,0.000000,0.000000,0.000000,0.000000,0.000000,0.000000,0.000000,0.000000,0.000000,0.000000,0.000000,0.000000,0.000000,0.000000,0.000000,0.000000,0.000000,0.000000,0.000000,0.000000,0.000000,0.000000,0.000000,0.000000,0.613800,0.595980,4.006670,1.329362,0.040000,2.987983,2.987983,0.000000,0.902460,0.716760,0.593010,0.716760,0.716760,0.716760,0.802399,0.000000,0.000000,
2026-04-18 19:00,1.805748,0.717750,0.523710,0.000000,0.717750,0.593010,0.040000,0.000000,0.000000,0.603900,0.000000,0.000000,0.000000,0.000000,0.000000,0.000000,0.000000,0.000000,0.000000,0.000000,0.000000,0.000000,0.000000,0.000000,0.000000,0.000000,0.000000,0.000000,0.000000,0.000000,0.000000,0.000000,0.000000,0.000000,0.000000,0.000000,0.000000,0.000000,0.000000,0.603900,0.593010,3.993540,1.460986,0.040000,3.175007,3.175007,0.000000,0.902460,0.717750,0.523710,0.717750,0.717750,0.717750,1.117548,0.000000,0.000000,
2026-04-18 20:00,1.658010,0.705870,0.521730,0.000000,0.705870,0.595980,0.040000,0.000000,0.000000,0.613800,0.000000,0.000000,0.000000,0.000000,0.000000,0.000000,0.000000,0.000000,0.000000,0.000000,0.000000,0.000000,0.000000,0.000000,0.000000,0.000000,0.000000,0.000000,0.000000,0.000000,0.000000,0.000000,0.000000,0.000000,0.000000,0.000000,0.000000,0.000000,0.000000,0.613800,0.595980,3.993540,1.618010,0.040000,3.175007,3.175007,0.000000,1.081193,0.705870,0.521730,0.705870,0.705870,0.705870,1.593935,0.000000,0.000000,
2026-04-18 21:00,1.861185,0.711810,0.478170,0.000000,0.711810,0.605880,0.040000,0.000000,0.000000,0.613800,0.000000,0.000000,0.000000,0.000000,0.000000,0.000000,0.000000,0.000000,0.000000,0.000000,0.000000,0.000000,0.000000,0.000000,0.000000,0.000000,0.000000,0.000000,0.000000,0.000000,0.000000,0.000000,0.000000,0.000000,0.000000,0.000000,0.000000,0.000000,0.000000,0.613800,0.605880,4.008690,1.618010,0.040000,3.175007,3.175007,0.000000,1.494437,0.711810,0.478170,0.711810,0.711810,0.711810,1.593935,0.000000,0.000000,
2026-04-18 22:00,2.145231,0.715770,0.490050,0.000000,0.715770,0.610830,0.040000,0.000000,0.000000,0.613800,0.000000,0.000000,0.000000,0.000000,0.000000,0.000000,0.000000,0.000000,0.000000,0.000000,0.000000,0.000000,0.000000,0.000000,0.000000,0.000000,0.000000,0.000000,0.000000,0.000000,0.000000,0.000000,0.000000,0.000000,0.000000,0.000000,0.000000,0.000000,0.000000,0.613800,0.610830,4.019800,1.698881,0.040000,3.175007,3.175007,0.000000,1.695210,0.715770,0.490050,0.715770,0.715770,0.715770,1.518073,0.000000,0.000000,
2026-04-18 23:00,2.307861,0.711810,0.497970,0.000000,0.711810,0.609840,0.040000,0.000000,0.000000,0.613800,0.000000,0.000000,0.000000,0.000000,0.000000,0.000000,0.000000,0.000000,0.000000,0.000000,0.000000,0.000000,0.000000,0.000000,0.000000,0.000000,0.000000,0.000000,0.000000,0.000000,0.000000,0.000000,0.000000,0.000000,0.000000,0.000000,0.000000,0.000000,0.000000,0.613800,0.609840,4.013740,1.861511,0.040000,3.175007,3.175007,0.000000,1.695210,0.711810,0.497970,0.711810,0.711810,0.711810,1.518073,0.000000,0.000000,
2026-04-19 00:00,2.431344,0.709830,0.494010,0.000000,0.709830,0.609840,0.040000,0.000000,0.000000,0.613800,0.000000,0.000000,0.000000,0.000000,0.000000,0.000000,0.000000,0.000000,0.000000,0.000000,0.000000,0.000000,0.000000,0.000000,0.000000,0.000000,0.000000,0.000000,0.000000,0.000000,0.000000,0.000000,0.000000,0.000000,0.000000,0.000000,0.000000,0.000000,0.000000,0.613800,0.609840,4.023840,2.086582,0.040000,3.295166,3.295166,0.000000,1.323630,0.709830,0.494010,0.709830,0.709830,0.709830,1.857624,0.000000,0.000000,
2026-04-19 01:00,2.431344,0.712800,0.504900,0.000000,0.712800,0.609840,0.040000,0.000000,0.000000,0.613800,0.000000,0.000000,0.000000,0.000000,0.000000,0.000000,0.000000,0.000000,0.000000,0.000000,0.000000,0.000000,0.000000,0.000000,0.000000,0.000000,0.000000,0.000000,0.000000,0.000000,0.000000,0.000000,0.000000,0.000000,0.000000,0.000000,0.000000,0.000000,0.000000,0.613800,0.609840,4.019800,2.086582,0.040000,3.280236,3.280236,0.000000,1.934680,0.712800,0.504900,0.712800,0.712800,0.712800,1.857624,0.000000,0.000000,
2026-04-19 02:00,2.431344,0.715770,0.498960,0.000000,0.715770,0.610830,0.040000,0.000000,0.000000,0.613800,0.000000,0.000000,0.000000,0.000000,0.000000,0.000000,0.000000,0.000000,0.000000,0.000000,0.000000,0.000000,0.000000,0.000000,0.000000,0.000000,0.000000,0.000000,0.000000,0.000000,0.000000,0.000000,0.000000,0.000000,0.000000,0.000000,0.000000,0.000000,0.000000,0.613800,0.610830,4.013740,2.086582,0.040000,3.280116,3.280116,0.000000,1.953490,0.715770,0.498960,0.715770,0.715770,0.715770,1.972103,0.000000,0.000000,
2026-04-19 03:00,2.023593,0.723690,0.496980,0.000000,0.723690,0.610830,0.040000,0.000000,0.000000,0.613800,0.000000,0.000000,0.000000,0.000000,0.000000,0.000000,0.000000,0.000000,0.000000,0.000000,0.000000,0.000000,0.000000,0.000000,0.000000,0.000000,0.000000,0.000000,0.000000,0.000000,0.000000,0.000000,0.000000,0.000000,0.000000,0.000000,0.000000,0.000000,0.000000,0.613800,0.610830,4.016770,2.203431,0.040000,2.206111,2.206111,0.000000,1.953490,0.723690,0.496980,0.723690,0.723690,0.723690,2.166094,0.000000,0.000000,
2026-04-19 04:00,1.158393,0.714780,0.492030,0.000000,0.714780,0.610830,0.040000,0.000000,0.000000,0.613800,0.000000,0.000000,0.000000,0.000000,0.000000,0.000000,0.000000,0.000000,0.000000,0.000000,0.000000,0.000000,0.000000,0.000000,0.000000,0.000000,0.000000,0.000000,0.000000,0.000000,0.000000,0.000000,0.000000,0.000000,0.000000,0.000000,0.000000,0.000000,0.000000,0.613800,0.610830,4.006670,2.468494,0.040000,2.206111,2.206111,0.000000,1.953490,0.714780,0.492030,0.714780,0.714780,0.714780,2.601642,0.000000,0.000000,
2026-04-19 05:00,1.132395,0.714780,0.518760,0.000000,0.714780,0.609840,0.040000,0.000000,0.000000,0.613800,0.000000,0.000000,0.000000,0.000000,0.000000,0.000000,0.000000,0.000000,0.000000,0.000000,0.000000,0.000000,0.000000,0.000000,0.000000,0.000000,0.000000,0.000000,0.000000,0.000000,0.000000,0.000000,0.000000,0.000000,0.000000,0.000000,0.000000,0.000000,0.000000,0.613800,0.609840,4.008690,2.468494,0.040000,2.358526,2.358526,0.000000,1.727348,0.714780,0.518760,0.714780,0.714780,0.714780,2.601642,0.000000,0.000000,
2026-04-19 06:00,2.620164,0.720720,0.563310,0.000000,0.720720,0.612810,0.040000,0.000000,0.000000,0.613800,0.000000,0.000000,0.000000,0.000000,0.000000,0.000000,0.000000,0.000000,0.000000,0.000000,0.000000,0.000000,0.000000,0.000000,0.000000,0.000000,0.000000,0.000000,0.000000,0.000000,0.000000,0.000000,0.000000,0.000000,0.000000,0.000000,0.000000,0.000000,0.000000,0.613800,0.612810,2.675490,1.833941,0.040000,3.049826,3.049826,0.000000,1.433281,0.720720,0.563310,0.720720,0.720720,0.720720,1.948420,0.000000,0.000000,
2026-04-19 07:00,2.620164,0.869220,0.563310,0.000000,0.869220,0.612810,0.040000,0.000000,0.000000,0.454500,0.000000,0.000000,0.000000,0.000000,0.000000,0.000000,0.000000,0.000000,0.000000,0.000000,0.000000,0.000000,0.000000,0.000000,0.000000,0.000000,0.000000,0.000000,0.000000,0.000000,0.000000,0.000000,0.000000,0.000000,0.000000,0.000000,0.000000,0.000000,0.000000,0.454500,0.612810,2.674480,2.005749,0.040000,3.049826,3.049826,0.000000,1.433281,0.869220,0.563310,0.869220,0.869220,0.869220,1.662312,0.000000,0.000000,
2026-04-19 08:00,2.620164,0.888477,1.914834,0.714538,0.888477,1.433899,0.642164,0.417275,0.766981,1.638456,0.010393,0.002339,0.002415,0.000000,0.000000,0.000000,0.000000,0.000000,0.000000,0.000000,0.000000,0.000000,0.000000,0.000000,0.000000,0.000000,0.000000,0.000000,1.340834,0.265919,0.007477,0.695899,0.602164,0.417275,0.766981,0.888456,0.010393,0.002339,0.002415,0.750000,0.738000,2.625480,2.079587,0.040000,2.694743,3.409280,0.000000,1.433281,0.890892,0.574000,0.881000,0.893231,0.903624,1.662312,0.448618,0.000000,
2026-04-19 09:00,2.536091,0.913000,1.930874,0.714538,0.913000,0.738000,0.441557,0.892690,0.766981,1.638456,0.004730,0.000000,0.000000,0.000000,0.000000,0.000000,0.000000,0.000000,0.000000,0.000000,0.000000,0.000000,0.000000,0.000000,0.000000,0.000000,0.000000,0.000000,1.340834,0.265919,0.000000,0.000000,0.401557,0.892690,0.766981,0.888456,0.004730,0.000000,0.000000,0.750000,0.738000,2.625480,1.789772,0.040000,2.781058,3.495595,0.000000,1.570586,0.913000,0.590040,0.913000,0.913000,0.917730,1.665130,0.448618,0.000000,
2026-04-19 10:00,2.536091,0.917730,0.584000,0.215152,0.917730,0.877140,0.040000,0.000000,0.000000,0.747400,0.000000,0.000000,0.000000,0.000000,0.000000,0.000000,0.000000,0.000000,0.000000,0.000000,0.000000,0.000000,0.000000,0.000000,0.000000,0.000000,0.000000,0.000000,0.000000,0.000000,0.000000,0.000000,0.000000,0.000000,0.000000,0.000000,0.000000,0.000000,0.000000,0.747400,0.877140,4.020810,2.089741,0.040000,2.180648,2.395800,0.000000,1.665130,0.917730,0.584000,0.917730,0.917730,0.917730,1.665130,0.215152,0.000000,
2026-04-19 11:00,2.536091,0.921877,0.584000,0.313938,0.921877,1.394646,0.954288,0.926038,0.085406,1.473330,0.005806,0.000829,0.002488,0.000000,0.000000,0.000000,0.000000,0.000000,0.000000,0.000000,0.000000,0.000000,0.000000,0.000000,0.000000,0.000000,0.000000,0.000000,0.000000,0.000000,0.006817,0.516646,0.914288,0.926038,0.085406,0.725930,0.005806,0.000829,0.002488,0.747400,0.878000,4.016770,2.089741,0.040000,2.081862,2.395800,0.000000,1.665130,0.924365,0.584000,0.915060,0.925194,0.931000,2.422973,0.313938,0.000000,
2026-04-19 12:00,2.590096,0.921877,2.462670,1.018113,0.921877,1.565654,0.955042,0.802945,0.765879,1.948774,0.005806,0.000829,0.002488,0.000000,0.000000,0.000000,0.000000,0.000000,0.000000,0.000000,0.000000,0.000000,0.000000,0.000000,0.000000,0.000000,0.000000,0.000000,1.860712,0.554690,0.006817,0.687654,0.915042,0.802945,0.765879,1.201374,0.005806,0.000829,0.002488,0.747400,0.878000,3.953070,2.244579,0.040000,2.799909,3.818022,0.000000,1.848883,0.924365,0.601958,0.915060,0.925194,0.931000,2.242988,0.463423,0.000000,
2026-04-19 13:00,2.690929,0.931000,0.773368,0.174789,0.931000,0.863550,0.040000,0.000000,0.000000,0.732600,0.000000,0.000000,0.000000,0.000000,0.000000,0.000000,0.000000,0.000000,0.000000,0.000000,0.000000,0.000000,0.000000,0.000000,0.000000,0.000000,0.000000,0.000000,0.134818,0.000000,0.000000,0.000000,0.000000,0.000000,0.000000,0.000000,0.000000,0.000000,0.000000,0.732600,0.863550,4.033940,2.244579,0.040000,3.229729,3.404518,0.000000,2.199711,0.931000,0.638550,0.931000,0.931000,0.931000,2.358022,0.174789,0.000000,
2026-04-19 14:00,2.308289,0.938520,0.616770,0.000000,0.938520,0.896940,0.040000,0.000000,0.000000,0.712800,0.000000,0.000000,0.000000,0.000000,0.000000,0.000000,0.000000,0.000000,0.000000,0.000000,0.000000,0.000000,0.000000,0.000000,0.000000,0.000000,0.000000,0.000000,0.000000,0.000000,0.000000,0.000000,0.000000,0.000000,0.000000,0.000000,0.000000,0.000000,0.000000,0.712800,0.896940,4.009700,2.471464,0.040000,3.229729,3.229729,0.000000,2.269300,0.938520,0.616770,0.938520,0.938520,0.938520,2.358022,0.000000,0.000000,
2026-04-19 15:00,2.206701,0.940500,0.616770,0.000000,0.940500,0.889020,0.040000,0.000000,0.000000,0.712800,0.000000,0.000000,0.000000,0.000000,0.000000,0.000000,0.000000,0.000000,0.000000,0.000000,0.000000,0.000000,0.000000,0.000000,0.000000,0.000000,0.000000,0.000000,0.000000,0.000000,0.000000,0.000000,0.000000,0.000000,0.000000,0.000000,0.000000,0.000000,0.000000,0.712800,0.889020,4.006670,2.471464,0.040000,3.066338,3.066338,0.000000,2.269300,0.940500,0.616770,0.940500,0.940500,0.940500,2.226659,0.000000,0.000000,
2026-04-19 16:00,2.206701,0.929610,0.585090,0.000000,0.929610,0.896940,0.040000,0.000000,0.000000,0.712800,0.000000,0.000000,0.000000,0.000000,0.000000,0.000000,0.000000,0.000000,0.000000,0.000000,0.000000,0.000000,0.000000,0.000000,0.000000,0.000000,0.000000,0.000000,0.000000,0.000000,0.000000,0.000000,0.000000,0.000000,0.000000,0.000000,0.000000,0.000000,0.000000,0.712800,0.896940,4.004650,2.471464,0.040000,2.883820,2.883820,0.000000,2.012010,0.929610,0.585090,0.929610,0.929610,0.929610,1.475976,0.000000,0.000000,
2026-04-19 17:00,2.206701,0.933570,0.535590,0.000000,0.933570,0.864270,0.040000,0.000000,0.000000,0.712800,0.000000,0.000000,0.000000,0.000000,0.000000,0.000000,0.000000,0.000000,0.000000,0.000000,0.000000,0.000000,0.000000,0.000000,0.000000,0.000000,0.000000,0.000000,0.000000,0.000000,0.000000,0.000000,0.000000,0.000000,0.000000,0.000000,0.000000,0.000000,0.000000,0.712800,0.864270,4.020810,2.471464,0.040000,2.883820,2.883820,0.000000,1.399970,0.933570,0.535590,0.933570,0.933570,0.933570,0.964257,0.000000,0.000000,
2026-04-19 18:00,1.844286,0.941490,0.502920,0.000000,0.941490,0.795960,0.040000,0.000000,0.000000,0.732600,0.000000,0.000000,0.000000,0.000000,0.000000,0.000000,0.000000,0.000000,0.000000,0.000000,0.000000,0.000000,0.000000,0.000000,0.000000,0.000000,0.000000,0.000000,0.000000,0.000000,0.000000,0.000000,0.000000,0.000000,0.000000,0.000000,0.000000,0.000000,0.000000,0.732600,0.795960,4.005660,2.109049,0.040000,2.883820,2.883820,0.000000,1.304490,0.941490,0.502920,0.941490,0.941490,0.941490,0.964257,0.000000,0.000000,
2026-04-19 19:00,0.886420,0.932580,0.411840,0.000000,0.932580,0.842490,0.040000,0.000000,0.000000,0.762300,0.000000,0.000000,0.000000,0.000000,0.000000,0.000000,0.000000,0.000000,0.000000,0.000000,0.000000,0.000000,0.000000,0.000000,0.000000,0.000000,0.000000,0.000000,0.000000,0.000000,0.000000,0.000000,0.000000,0.000000,0.000000,0.000000,0.000000,0.000000,0.000000,0.762300,0.842490,4.007680,2.065470,0.040000,2.908129,2.908129,0.000000,1.325280,0.932580,0.411840,0.932580,0.932580,0.932580,1.607553,0.000000,0.000000,
2026-04-19 20:00,0.886420,0.931590,0.382140,0.000000,0.931590,0.687060,0.040000,0.000000,0.000000,0.762300,0.000000,0.000000,0.000000,0.000000,0.000000,0.000000,0.000000,0.000000,0.000000,0.000000,0.000000,0.000000,0.000000,0.000000,0.000000,0.000000,0.000000,0.000000,0.000000,0.000000,0.000000,0.000000,0.000000,0.000000,0.000000,0.000000,0.000000,0.000000,0.000000,0.762300,0.687060,4.004650,0.822750,0.040000,2.908129,2.908129,0.000000,1.470007,0.931590,0.382140,0.931590,0.931590,0.931590,1.808051,0.000000,0.000000,
2026-04-19 21:00,1.528241,0.930600,0.385110,0.000000,0.930600,0.689040,0.040000,0.000000,0.000000,0.762300,0.000000,0.000000,0.000000,0.000000,0.000000,0.000000,0.000000,0.000000,0.000000,0.000000,0.000000,0.000000,0.000000,0.000000,0.000000,0.000000,0.000000,0.000000,0.000000,0.000000,0.000000,0.000000,0.000000,0.000000,0.000000,0.000000,0.000000,0.000000,0.000000,0.762300,0.689040,4.001620,0.597623,0.040000,2.908129,2.908129,0.000000,1.670383,0.930600,0.385110,0.930600,0.930600,0.930600,1.808051,0.000000,0.000000,
2026-04-19 22:00,1.569686,0.864270,0.336600,0.000000,0.864270,0.704880,0.040000,0.000000,0.000000,0.762300,0.000000,0.000000,0.000000,0.000000,0.000000,0.000000,0.000000,0.000000,0.000000,0.000000,0.000000,0.000000,0.000000,0.000000,0.000000,0.000000,0.000000,0.000000,0.000000,0.000000,0.000000,0.000000,0.000000,0.000000,0.000000,0.000000,0.000000,0.000000,0.000000,0.762300,0.704880,4.022830,1.123336,0.040000,2.850306,2.850306,0.000000,1.670383,0.864270,0.336600,0.864270,0.864270,0.864270,1.560629,0.000000,0.000000,
2026-04-19 23:00,1.645386,0.860310,0.294030,0.000000,0.860310,0.704880,0.040000,0.000000,0.000000,0.742500,0.000000,0.000000,0.000000,0.000000,0.000000,0.000000,0.000000,0.000000,0.000000,0.000000,0.000000,0.000000,0.000000,0.000000,0.000000,0.000000,0.000000,0.000000,0.000000,0.000000,0.000000,0.000000,0.000000,0.000000,0.000000,0.000000,0.000000,0.000000,0.000000,0.742500,0.704880,4.014750,1.726998,0.040000,2.850306,2.850306,0.000000,1.805397,0.860310,0.294030,0.860310,0.860310,0.860310,1.560629,0.000000,0.000000,
2026-04-20 00:00,1.645386,0.858330,0.297990,0.000000,0.858330,0.707850,0.040000,0.000000,0.000000,0.712800,0.000000,0.000000,0.000000,0.000000,0.000000,0.000000,0.000000,0.000000,0.000000,0.000000,0.000000,0.000000,0.000000,0.000000,0.000000,0.000000,0.000000,0.000000,0.000000,0.000000,0.000000,0.000000,0.000000,0.000000,0.000000,0.000000,0.000000,0.000000,0.000000,0.712800,0.707850,4.012730,2.398061,0.040000,3.003072,3.003072,0.000000,1.817530,0.858330,0.297990,0.858330,0.858330,0.858330,2.220992,0.000000,0.000000,
2026-04-20 01:00,2.343659,0.857340,0.278190,0.000000,0.857340,0.708840,0.040000,0.000000,0.000000,0.712800,0.000000,0.000000,0.000000,0.000000,0.000000,0.000000,0.000000,0.000000,0.000000,0.000000,0.000000,0.000000,0.000000,0.000000,0.000000,0.000000,0.000000,0.000000,0.000000,0.000000,0.000000,0.000000,0.000000,0.000000,0.000000,0.000000,0.000000,0.000000,0.000000,0.712800,0.708840,4.001620,2.405247,0.040000,3.545533,3.545533,0.000000,2.062940,0.857340,0.278190,0.857340,0.857340,0.857340,2.405247,0.000000,0.000000,
2026-04-20 02:00,2.461938,0.857340,0.282150,0.000000,0.857340,0.709830,0.040000,0.000000,0.000000,0.712800,0.000000,0.000000,0.000000,0.000000,0.000000,0.000000,0.000000,0.000000,0.000000,0.000000,0.000000,0.000000,0.000000,0.000000,0.000000,0.000000,0.000000,0.000000,0.000000,0.000000,0.000000,0.000000,0.000000,0.000000,0.000000,0.000000,0.000000,0.000000,0.000000,0.712800,0.709830,2.656300,2.117176,0.040000,3.664801,3.664801,0.000000,2.062940,0.857340,0.282150,0.857340,0.857340,0.857340,2.117176,0.000000,0.000000,
2026-04-20 03:00,2.461938,0.857340,0.269280,0.000000,0.857340,0.709830,0.040000,0.000000,0.000000,0.712800,0.000000,0.000000,0.000000,0.000000,0.000000,0.000000,0.000000,0.000000,0.000000,0.000000,0.000000,0.000000,0.000000,0.000000,0.000000,0.000000,0.000000,0.000000,0.000000,0.000000,0.000000,0.000000,0.000000,0.000000,0.000000,0.000000,0.000000,0.000000,0.000000,0.712800,0.709830,2.663370,2.117176,0.040000,3.295026,3.295026,0.000000,1.816540,0.857340,0.269280,0.857340,0.857340,0.857340,1.888217,0.000000,0.000000,
2026-04-20 04:00,2.392964,0.855360,0.267300,0.000000,0.855360,0.709830,0.040000,0.000000,0.000000,0.712800,0.000000,0.000000,0.000000,0.000000,0.000000,0.000000,0.000000,0.000000,0.000000,0.000000,0.000000,0.000000,0.000000,0.000000,0.000000,0.000000,0.000000,0.000000,0.000000,0.000000,0.000000,0.000000,0.000000,0.000000,0.000000,0.000000,0.000000,0.000000,0.000000,0.712800,0.709830,2.667410,2.352964,0.040000,3.141821,3.141821,0.000000,1.444960,0.855360,0.267300,0.855360,0.855360,0.855360,1.551610,0.000000,0.000000,
2026-04-20 05:00,2.304268,0.856350,0.263340,0.000000,0.856350,0.708840,0.040000,0.000000,0.000000,0.712800,0.000000,0.000000,0.000000,0.000000,0.000000,0.000000,0.000000,0.000000,0.000000,0.000000,0.000000,0.000000,0.000000,0.000000,0.000000,0.000000,0.000000,0.000000,0.000000,0.000000,0.000000,0.000000,0.000000,0.000000,0.000000,0.000000,0.000000,0.000000,0.000000,0.712800,0.708840,2.666400,2.467443,0.040000,2.989720,2.989720,0.000000,1.321265,0.856350,0.263340,0.856350,0.856350,0.856350,1.551610,0.000000,0.000000,
2026-04-20 06:00,2.304268,0.853380,0.265320,0.000000,0.853380,0.707850,0.040000,0.000000,0.000000,0.712800,0.000000,0.000000,0.000000,0.000000,0.000000,0.000000,0.000000,0.000000,0.000000,0.000000,0.000000,0.000000,0.000000,0.000000,0.000000,0.000000,0.000000,0.000000,0.000000,0.000000,0.000000,0.000000,0.000000,0.000000,0.000000,0.000000,0.000000,0.000000,0.000000,0.712800,0.707850,2.663370,2.365855,0.040000,2.632714,2.632714,0.000000,1.321265,0.853380,0.265320,0.853380,0.853380,0.853380,1.725042,0.000000,0.000000,
2026-04-20 07:00,2.147563,0.853380,0.262000,0.000000,0.853380,0.707850,0.040000,0.000000,0.000000,0.712800,0.000000,0.000000,0.000000,0.000000,0.000000,0.000000,0.000000,0.000000,0.000000,0.000000,0.000000,0.000000,0.000000,0.000000,0.000000,0.000000,0.000000,0.000000,0.000000,0.000000,0.000000,0.000000,0.000000,0.000000,0.000000,0.000000,0.000000,0.000000,0.000000,0.712800,0.707850,2.668420,2.209151,0.040000,2.346769,2.346769,0.000000,1.538418,0.853380,0.262000,0.853380,0.853380,0.853380,2.271249,0.000000,0.000000,
2026-04-20 08:00,1.630308,0.858330,0.267000,0.000000,0.858330,0.706860,0.040000,0.000000,0.000000,0.712800,0.000000,0.000000,0.000000,0.000000,0.000000,0.000000,0.000000,0.000000,0.000000,0.000000,0.000000,0.000000,0.000000,0.000000,0.000000,0.000000,0.000000,0.000000,0.000000,0.000000,0.000000,0.000000,0.000000,0.000000,0.000000,0.000000,0.000000,0.000000,0.000000,0.712800,0.706860,2.671450,2.098246,0.040000,2.346769,2.346769,0.000000,1.722092,0.858330,0.267000,0.858330,0.858330,0.858330,2.333523,0.000000,0.000000,
2026-04-20 09:00,1.577596,0.862290,0.758511,0.662783,0.862290,0.794946,0.164927,0.119905,0.135406,0.720000,0.000000,0.000000,0.000000,0.000000,0.000000,0.000000,0.000000,0.000000,0.000000,0.000000,0.000000,0.000000,0.000000,0.000000,0.000000,0.000000,0.000000,0.000000,0.453591,0.000000,0.000000,0.095946,0.124927,0.119905,0.135406,0.000000,0.000000,0.000000,0.000000,0.720000,0.699000,2.614590,1.717432,0.040000,2.249283,2.912066,0.000000,2.321490,0.862290,0.304920,0.862290,0.862290,0.862290,2.055443,0.662783,0.000000,
2026-04-20 10:00,1.572283,0.862290,0.329275,0.662783,0.862290,0.677000,0.040000,0.000000,0.135406,0.720000,0.000000,0.000000,0.000000,0.000000,0.000000,0.000000,0.000000,0.000000,0.000000,0.000000,0.000000,0.000000,0.000000,0.000000,0.000000,0.000000,0.000000,0.000000,0.069275,0.000000,0.000000,0.000000,0.000000,0.000000,0.135406,0.000000,0.000000,0.000000,0.000000,0.720000,0.677000,2.654681,1.329108,0.040000,2.249283,2.912066,0.000000,2.075090,0.862290,0.260000,0.862290,0.862290,0.862290,1.672546,0.662783,0.000000,
2026-04-20 11:00,1.454794,0.862290,0.329275,0.727886,0.862290,0.974221,0.282111,0.163751,0.000000,0.720000,0.000000,0.000000,0.000000,0.000000,0.000000,0.000000,0.000000,0.000000,0.000000,0.000000,0.000000,0.000000,0.000000,0.000000,0.000000,0.000000,0.000000,0.000000,0.069275,0.011457,0.000000,0.297221,0.242111,0.163751,0.000000,0.000000,0.000000,0.000000,0.000000,0.720000,0.677000,2.653000,1.274271,0.040000,2.182499,2.910385,0.000000,1.951890,0.862290,0.260000,0.862290,0.862290,0.862290,1.682915,0.716429,0.000000,
2026-04-20 12:00,1.245953,0.862290,0.257000,0.716429,0.862290,0.690030,0.040000,0.000000,0.000000,0.720000,0.000000,0.000000,0.000000,0.000000,0.000000,0.000000,0.000000,0.000000,0.000000,0.000000,0.000000,0.000000,0.000000,0.000000,0.000000,0.000000,0.000000,0.000000,0.000000,0.000000,0.000000,0.000000,0.000000,0.000000,0.000000,0.000000,0.000000,0.000000,0.000000,0.720000,0.690030,2.686600,1.104365,0.040000,2.182499,2.898928,0.000000,1.582290,0.862290,0.257000,0.862290,0.862290,0.862290,1.447803,0.716429,0.000000,
2026-04-20 13:00,1.080123,0.862290,0.452064,1.252033,0.862290,0.690030,0.064454,0.000000,0.000000,0.820625,0.000000,0.000000,0.000000,0.000000,0.000000,0.000000,0.000000,0.000000,0.000000,0.000000,0.000000,0.000000,0.000000,0.000000,0.000000,0.000000,0.000000,0.000000,0.168064,0.000000,0.000000,0.000000,0.024454,0.000000,0.000000,0.103525,0.000000,0.000000,0.000000,0.717100,0.690030,2.647000,1.218844,0.040000,1.646895,2.898928,0.000000,1.313315,0.862290,0.284000,0.862290,0.862290,0.862290,1.447803,1.252033,0.000000,
2026-04-20 14:00,1.080123,0.862290,0.452064,1.462691,0.862290,0.731814,0.040000,0.132988,0.055953,0.823525,0.000000,0.000000,0.000000,0.000000,0.000000,0.000000,0.000000,0.000000,0.000000,0.000000,0.000000,0.000000,0.000000,0.000000,0.000000,0.000000,0.000000,0.000000,0.168064,0.000000,0.000000,0.048814,0.000000,0.132988,0.055953,0.103525,0.000000,0.000000,0.000000,0.720000,0.683000,2.647000,1.141711,0.040000,1.318904,2.781596,0.000000,1.316215,0.862290,0.284000,0.862290,0.862290,0.862290,1.237681,1.462691,0.000000,
2026-04-20 15:00,0.978536,0.862290,0.283000,1.462691,0.862290,0.683000,0.040000,0.000000,0.000000,0.823525,0.000000,0.000000,0.000000,0.000000,0.000000,0.000000,0.000000,0.000000,0.000000,0.000000,0.000000,0.000000,0.000000,0.000000,0.000000,0.000000,0.000000,0.000000,0.000000,0.000000,0.000000,0.000000,0.000000,0.000000,0.000000,0.093525,0.000000,0.000000,0.000000,0.730000,0.683000,2.679530,1.141711,0.040000,1.168503,2.631194,0.000000,1.316215,0.862290,0.283000,0.862290,0.862290,0.862290,0.912753,1.462691,0.000000,
2026-04-20 16:00,0.978536,0.862290,0.283000,1.462691,0.862290,0.810031,0.040000,0.038675,0.000000,0.823525,0.000000,0.000000,0.000000,0.000000,0.000000,0.000000,0.000000,0.000000,0.000000,0.000000,0.000000,0.000000,0.000000,0.000000,0.000000,0.000000,0.000000,0.000000,0.000000,0.000000,0.000000,0.127031,0.000000,0.038675,0.000000,0.093525,0.000000,0.000000,0.000000,0.730000,0.683000,2.671450,0.836948,0.040000,0.925759,2.388450,0.000000,1.316215,0.862290,0.283000,0.862290,0.862290,0.862290,0.912753,1.462691,0.000000,
2026-04-20 17:00,0.757763,0.831000,0.283000,1.462691,0.831000,0.907545,0.116884,0.038675,0.000000,0.730000,0.000000,0.000000,0.000000,0.000000,0.000000,0.000000,0.000000,0.000000,0.000000,0.000000,0.000000,0.000000,0.000000,0.000000,0.000000,0.000000,0.000000,0.000000,0.000000,0.000000,0.000000,0.224545,0.076884,0.038675,0.000000,0.000000,0.000000,0.000000,0.000000,0.730000,0.683000,2.671450,0.844054,0.040000,0.925759,2.388450,0.000000,1.437800,0.831000,0.283000,0.831000,0.831000,0.831000,1.034337,1.462691,0.000000,
2026-04-20 18:00,0.393621,0.829000,0.280000,1.329939,0.829000,0.679000,0.040000,0.094855,0.002000,0.730000,0.000000,0.000000,0.000000,0.000000,0.000000,0.000000,0.000000,0.000000,0.000000,0.000000,0.000000,0.000000,0.000000,0.000000,0.000000,0.000000,0.000000,0.000000,0.000000,0.000000,0.000000,0.000000,0.000000,0.094855,0.002000,0.000000,0.000000,0.000000,0.000000,0.730000,0.679000,2.682560,0.556796,0.040000,1.072621,2.402560,0.000000,1.435800,0.829000,0.280000,0.829000,0.829000,0.829000,1.034337,1.329939,0.000000,
2026-04-20 19:00,0.423625,0.822000,0.361772,1.329939,0.822000,0.772255,0.264896,0.217616,0.200785,0.912102,0.007000,0.000000,0.000000,0.000000,0.000000,0.000000,0.000000,0.000000,0.000000,0.000000,0.000000,0.000000,0.000000,0.000000,0.000000,0.000000,0.000000,0.000000,0.087772,0.000000,0.000000,0.093255,0.224896,0.217616,0.200785,0.182102,0.007000,0.000000,0.000000,0.730000,0.679000,2.647000,0.565079,0.040000,1.072621,2.402560,0.000000,1.371502,0.822000,0.274000,0.822000,0.822000,0.829000,1.034337,1.329939,0.000000,
2026-04-20 20:00,1.239836,0.795719,0.315772,1.472970,0.795719,1.807971,0.471582,1.110742,0.200785,0.912102,0.007000,0.000000,0.000000,0.000000,0.000000,0.000000,0.000000,0.000000,0.000000,0.000000,0.000000,0.000000,0.000000,0.000000,0.000000,0.000000,0.000000,0.000000,0.087772,0.143032,0.002719,1.112991,0.431582,1.110742,0.200785,0.182102,0.007000,0.000000,0.000000,0.730000,0.694980,2.654010,0.565079,0.040000,0.865268,2.338238,0.000000,1.345221,0.795719,0.228000,0.793000,0.795719,0.802719,1.277031,1.329939,0.000000,
2026-04-20 21:00,1.239836,0.771000,0.228000,0.567741,0.771000,0.690030,0.040000,0.000000,0.000000,0.730000,0.000000,0.000000,0.000000,0.000000,0.000000,0.000000,0.000000,0.000000,0.000000,0.000000,0.000000,0.000000,0.000000,0.000000,0.000000,0.000000,0.000000,0.000000,0.000000,0.000000,0.000000,0.000000,0.000000,0.000000,0.000000,0.000000,0.000000,0.000000,0.000000,0.730000,0.690030,2.683570,0.996661,0.040000,1.770497,2.338238,0.000000,1.254600,0.771000,0.228000,0.771000,0.771000,0.771000,1.120112,0.567741,0.000000,
2026-04-20 22:00,1.163569,0.757000,0.228690,0.567741,0.757000,0.685000,0.175785,0.000000,0.000000,0.730000,0.000000,0.000000,0.000000,0.000000,0.000000,0.000000,0.000000,0.000000,0.000000,0.000000,0.000000,0.000000,0.000000,0.000000,0.000000,0.000000,0.000000,0.000000,0.000000,0.000000,0.000000,0.000000,0.135785,0.000000,0.000000,0.000000,0.000000,0.000000,0.000000,0.730000,0.685000,2.645000,1.495721,0.040000,1.848569,2.416310,0.000000,1.610200,0.757000,0.228690,0.757000,0.757000,0.757000,1.610200,0.567741,0.000000,
2026-04-20 23:00,1.312272,0.757000,0.162000,0.401762,0.757000,0.683000,0.040000,0.014231,0.200638,0.921538,0.000000,0.000000,0.000000,0.000000,0.000000,0.000000,0.000000,0.000000,0.000000,0.000000,0.000000,0.000000,0.000000,0.000000,0.000000,0.000000,0.000000,0.000000,0.000000,0.000000,0.001000,0.000000,0.000000,0.014231,0.200638,0.191538,0.000000,0.000000,0.000000,0.730000,0.683000,2.670440,1.272272,0.040000,1.872014,2.273776,0.000000,1.555337,0.757000,0.162000,0.756000,0.757000,0.757000,1.487000,0.401762,0.000000,
2026-04-21 00:00,1.527000,0.757000,0.162000,0.306520,0.757000,0.683000,0.040000,0.000000,0.000000,0.730000,0.000000,0.000000,0.000000,0.000000,0.000000,0.000000,0.000000,0.000000,0.000000,0.000000,0.000000,0.000000,0.000000,0.000000,0.000000,0.000000,0.000000,0.000000,0.000000,0.000000,0.001000,0.000000,0.000000,0.000000,0.000000,0.000000,0.000000,0.000000,0.000000,0.730000,0.683000,2.678520,1.487000,0.040000,2.210000,2.516520,0.000000,1.487000,0.757000,0.162000,0.756000,0.757000,0.757000,1.487000,0.306520,0.000000,
