tm,obj,value
2026/04/14 00:00,二级站出口,2.625
2026/04/14 00:00,d0,0.714
2026/04/14 00:00,d1,0.72261203956
2026/04/14 00:00,d2,1.1279891829
2026/04/14 00:00,d3,1.02739877754
2026/04/14 00:00,d4,0.557
2026/04/14 00:00,d5,0
2026/04/14 00:00,d6,0
2026/04/14 00:00,d7,0
2026/04/14 00:00,d8,0
2026/04/14 00:00,d9,0
2026/04/14 00:00,d10,0.155
2026/04/14 01:00,二级站出口,2.6256
2026/04/14 01:00,d0,0.7036
2026/04/14 01:00,d1,0.734863546667
2026/04/14 01:00,d2,1.13191866983
2026/04/14 01:00,d3,1.0448177835
2026/04/14 01:00,d4,0.557
2026/04/14 01:00,d5,0
2026/04/14 01:00,d6,0
2026/04/14 01:00,d7,0
2026/04/14 01:00,d8,0
2026/04/14 01:00,d9,0
2026/04/14 01:00,d10,0.154333333333
2026/04/14 02:00,二级站出口,2.6366
2026/04/14 02:00,d0,0.6966
2026/04/14 02:00,d1,0.733351014925
2026/04/14 02:00,d2,1.12438169613
2026/04/14 02:00,d3,1.04266728894
2026/04/14 02:00,d4,0.557
2026/04/14 02:00,d5,0
2026/04/14 02:00,d6,0
2026/04/14 02:00,d7,0
2026/04/14 02:00,d8,0
2026/04/14 02:00,d9,0
2026/04/14 02:00,d10,0.156
2026/04/14 03:00,二级站出口,2.636
2026/04/14 03:00,d0,0.6448
2026/04/14 03:00,d1,0.751047636302
2026/04/14 03:00,d2,1.12782428837
2026/04/14 03:00,d3,1.06782807533
2026/04/14 03:00,d4,0.557
2026/04/14 03:00,d5,0
2026/04/14 03:00,d6,0
2026/04/14 03:00,d7,0
2026/04/14 03:00,d8,0
2026/04/14 03:00,d9,0
2026/04/14 03:00,d10,0.1556
2026/04/14 04:00,二级站出口,2.634
2026/04/14 04:00,d0,0.6166
2026/04/14 04:00,d1,0.765567941022
2026/04/14 04:00,d2,1.13189256918
2026/04/14 04:00,d3,1.08847282314
2026/04/14 04:00,d4,0.557
2026/04/14 04:00,d5,0
2026/04/14 04:00,d6,0
2026/04/14 04:00,d7,0
2026/04/14 04:00,d8,0
2026/04/14 04:00,d9,0
2026/04/14 04:00,d10,0.1574
2026/04/14 05:00,二级站出口,2.6408
2026/04/14 05:00,d0,0.5404
2026/04/14 05:00,d1,0.793701031416
2026/04/14 05:00,d2,1.13782694657
2026/04/14 05:00,d3,1.12847202201
2026/04/14 05:00,d4,0.557
2026/04/14 05:00,d5,0
2026/04/14 05:00,d6,0
2026/04/14 05:00,d7,0
2026/04/14 05:00,d8,0
2026/04/14 05:00,d9,0
2026/04/14 05:00,d10,0.158
2026/04/14 06:00,二级站出口,2.646
2026/04/14 06:00,d0,0.5592
2026/04/14 06:00,d1,0.790146581823
2026/04/14 06:00,d2,0.95103505839
2026/04/14 06:00,d3,1.12341835979
2026/04/14 06:00,d4,0.557
2026/04/14 06:00,d5,0
2026/04/14 06:00,d6,0
2026/04/14 06:00,d7,0
2026/04/14 06:00,d8,0
2026/04/14 06:00,d9,0
2026/04/14 06:00,d10,0.1566
2026/04/14 07:00,二级站出口,2.6362
2026/04/14 07:00,d0,0.561
2026/04/14 07:00,d1,0.784474587792
2026/04/14 07:00,d2,1.01277140703
2026/04/14 07:00,d3,1.11535400518
2026/04/14 07:00,d4,0.557
2026/04/14 07:00,d5,0
2026/04/14 07:00,d6,0
2026/04/14 07:00,d7,0
2026/04/14 07:00,d8,0
2026/04/14 07:00,d9,0
2026/04/14 07:00,d10,0.158333333333
2026/04/14 08:00,二级站出口,2.6488
2026/04/14 08:00,d0,0.6
2026/04/14 08:00,d1,0.775928783452
2026/04/14 08:00,d2,1.08126750565
2026/04/14 08:00,d3,1.10320371089
2026/04/14 08:00,d4,0.492
2026/04/14 08:00,d5,0
2026/04/14 08:00,d6,0
2026/04/14 08:00,d7,0
2026/04/14 08:00,d8,0
2026/04/14 08:00,d9,0
2026/04/14 08:00,d10,0.1394
2026/04/14 09:00,二级站出口,2.65
2026/04/14 09:00,d0,0.596
2026/04/14 09:00,d1,0.777819448129
2026/04/14 09:00,d2,1.04288872277
2026/04/14 09:00,d3,1.1058918291
2026/04/14 09:00,d4,0.492
2026/04/14 09:00,d5,0
2026/04/14 09:00,d6,0
2026/04/14 09:00,d7,0
2026/04/14 09:00,d8,0
2026/04/14 09:00,d9,0
2026/04/14 09:00,d10,0.141
2026/04/14 10:00,二级站出口,2.641
2026/04/14 10:00,d0,0.651
2026/04/14 10:00,d1,0.752711421218
2026/04/14 10:00,d2,1.03609495943
2026/04/14 10:00,d3,1.07019361935
2026/04/14 10:00,d4,0.492
2026/04/14 10:00,d5,0
2026/04/14 10:00,d6,0
2026/04/14 10:00,d7,0
2026/04/14 10:00,d8,0
2026/04/14 10:00,d9,0
2026/04/14 10:00,d10,0.146
2026/04/14 11:00,二级站出口,2.63233333333
2026/04/14 11:00,d0,0.6368
2026/04/14 11:00,d1,0.760122826752
2026/04/14 11:00,d2,1.03834613054
2026/04/14 11:00,d3,1.08073104271
2026/04/14 11:00,d4,0.319
2026/04/14 11:00,d5,0
2026/04/14 11:00,d6,0
2026/04/14 11:00,d7,0
2026/04/14 11:00,d8,0
2026/04/14 11:00,d9,0
2026/04/14 11:00,d10,0.172
2026/04/14 12:00,二级站出口,2.641
2026/04/14 12:00,d0,0.6296
2026/04/14 12:00,d1,0.761433687595
2026/04/14 12:00,d2,1.04563817441
2026/04/14 12:00,d3,1.08259480466
2026/04/14 12:00,d4,0.319
2026/04/14 12:00,d5,0
2026/04/14 12:00,d6,0
2026/04/14 12:00,d7,0
2026/04/14 12:00,d8,0
2026/04/14 12:00,d9,0
2026/04/14 12:00,d10,0.164666666667
2026/04/14 13:00,二级站出口,2.6358
2026/04/14 13:00,d0,0.647
2026/04/14 13:00,d1,0.752862674392
2026/04/14 13:00,d2,1.0407286568
2026/04/14 13:00,d3,1.07040866881
2026/04/14 13:00,d4,0.352
2026/04/14 13:00,d5,0
2026/04/14 13:00,d6,0
2026/04/14 13:00,d7,0
2026/04/14 13:00,d8,0
2026/04/14 13:00,d9,0
2026/04/14 13:00,d10,0.17
2026/04/14 14:00,二级站出口,2.6412
2026/04/14 14:00,d0,0.6442
2026/04/14 14:00,d1,0.75550960494
2026/04/14 14:00,d2,1.04091836077
2026/04/14 14:00,d3,1.07417203429
2026/04/14 14:00,d4,0.352
2026/04/14 14:00,d5,0
2026/04/14 14:00,d6,0
2026/04/14 14:00,d7,0
2026/04/14 14:00,d8,0
2026/04/14 14:00,d9,0
2026/04/14 14:00,d10,0.1708
2026/04/14 15:00,二级站出口,2.6518
2026/04/14 15:00,d0,0.601
2026/04/14 15:00,d1,0.776004410039
2026/04/14 15:00,d2,1.04488435434
2026/04/14 15:00,d3,1.10331123562
2026/04/14 15:00,d4,0.352
2026/04/14 15:00,d5,0
2026/04/14 15:00,d6,0
2026/04/14 15:00,d7,0
2026/04/14 15:00,d8,0
2026/04/14 15:00,d9,0
2026/04/14 15:00,d10,0.168
2026/04/14 16:00,二级站出口,2.653
2026/04/14 16:00,d0,0.6022
2026/04/14 16:00,d1,0.775853156865
2026/04/14 16:00,d2,1.04485065697
2026/04/14 16:00,d3,1.10309618617
2026/04/14 16:00,d4,0.352
2026/04/14 16:00,d5,0
2026/04/14 16:00,d6,0
2026/04/14 16:00,d7,0
2026/04/14 16:00,d8,0
2026/04/14 16:00,d9,0
2026/04/14 16:00,d10,0.171
2026/04/14 17:00,二级站出口,2.645
2026/04/14 17:00,d0,0.5912
2026/04/14 17:00,d1,0.781071391374
2026/04/14 17:00,d2,1.04301321622
2026/04/14 17:00,d3,1.11051539241
2026/04/14 17:00,d4,0.352
2026/04/14 17:00,d5,0
2026/04/14 17:00,d6,0
2026/04/14 17:00,d7,0
2026/04/14 17:00,d8,0
2026/04/14 17:00,d9,0
2026/04/14 17:00,d10,-0.101858569926
2026/04/14 18:00,二级站出口,2.6505
2026/04/14 18:00,d0,0.5884
2026/04/14 18:00,d1,0.778651340587
2026/04/14 18:00,d2,1.04487405831
2026/04/14 18:00,d3,1.10707460111
2026/04/14 18:00,d4,0.352
2026/04/14 18:00,d5,0
2026/04/14 18:00,d6,0
2026/04/14 18:00,d7,0
2026/04/14 18:00,d8,0
2026/04/14 18:00,d9,0
2026/04/14 18:00,d10,-0.0892560462671
2026/04/14 19:00,二级站出口,2.645
2026/04/14 19:00,d0,0.5934
2026/04/14 19:00,d1,0.77676067591
2026/04/14 19:00,d2,1.04405284119
2026/04/14 19:00,d3,1.1043864829
2026/04/14 19:00,d4,0.352
2026/04/14 19:00,d5,0
2026/04/14 19:00,d6,0
2026/04/14 19:00,d7,0
2026/04/14 19:00,d8,0
2026/04/14 19:00,d9,0
2026/04/14 19:00,d10,-0.0766535226078
2026/04/14 20:00,二级站出口,2.65266666667
2026/04/14 20:00,d0,0.596
2026/04/14 20:00,d1,0.77547502393
2026/04/14 20:00,d2,1.04576641355
2026/04/14 20:00,d3,1.10255856252
2026/04/14 20:00,d4,0.352
2026/04/14 20:00,d5,0
2026/04/14 20:00,d6,0
2026/04/14 20:00,d7,0
2026/04/14 20:00,d8,0
2026/04/14 20:00,d9,0
2026/04/14 20:00,d10,-0.0640509989485
2026/04/14 21:00,二级站出口,2.645
2026/04/14 21:00,d0,0.598
2026/04/14 21:00,d1,0.772449960446
2026/04/14 21:00,d2,1.00069246616
2026/04/14 21:00,d3,1.0982575734
2026/04/14 21:00,d4,0.352
2026/04/14 21:00,d5,0
2026/04/14 21:00,d6,0
2026/04/14 21:00,d7,0
2026/04/14 21:00,d8,0
2026/04/14 21:00,d9,0
2026/04/14 21:00,d10,-0.0514484752892
2026/04/14 22:00,二级站出口,2.6488
2026/04/14 22:00,d0,0.6
2026/04/14 22:00,d1,0.774340625123
2026/04/14 22:00,d2,1.00534701661
2026/04/14 22:00,d3,1.1009456916
2026/04/14 22:00,d4,0.352
2026/04/14 22:00,d5,0
2026/04/14 22:00,d6,0
2026/04/14 22:00,d7,0
2026/04/14 22:00,d8,0
2026/04/14 22:00,d9,0
2026/04/14 22:00,d10,-0.0388459516299
2026/04/14 23:00,二级站出口,2.657
2026/04/14 23:00,d0,0.60075
2026/04/14 23:00,d1,0.774699851412
2026/04/14 23:00,d2,1.00379371453
2026/04/14 23:00,d3,1.10145643406
2026/04/14 23:00,d4,0.352
2026/04/14 23:00,d5,0
2026/04/14 23:00,d6,0
2026/04/14 23:00,d7,0
2026/04/14 23:00,d8,0
2026/04/14 23:00,d9,0
2026/04/14 23:00,d10,-0.0262434279706
2026/04/15 00:00,二级站出口,2.6568
2026/04/15 00:00,d0,0.5762
2026/04/15 00:00,d1,0.784701467554
2026/04/15 00:00,d2,1.00782195309
2026/04/15 00:00,d3,1.11567657936
2026/04/15 00:00,d4,0.352
2026/04/15 00:00,d5,0
2026/04/15 00:00,d6,0
2026/04/15 00:00,d7,0
2026/04/15 00:00,d8,0
2026/04/15 00:00,d9,0
2026/04/15 00:00,d10,-0.0136409043113
2026/04/15 01:00,二级站出口,2.651
2026/04/15 01:00,d0,0.5804
2026/04/15 01:00,d1,0.783037682638
2026/04/15 01:00,d2,1.00705128202
2026/04/15 01:00,d3,1.11331103534
2026/04/15 01:00,d4,0.352
2026/04/15 01:00,d5,0
2026/04/15 01:00,d6,0
2026/04/15 01:00,d7,0
2026/04/15 01:00,d8,0
2026/04/15 01:00,d9,0
2026/04/15 01:00,d10,-0.00103838065195
2026/04/15 02:00,二级站出口,2.6522
2026/04/15 02:00,d0,0.5808
2026/04/15 02:00,d1,0.781903283832
2026/04/15 02:00,d2,1.00819855175
2026/04/15 02:00,d3,1.11169816442
2026/04/15 02:00,d4,0.352
2026/04/15 02:00,d5,0
2026/04/15 02:00,d6,0
2026/04/15 02:00,d7,0
2026/04/15 02:00,d8,0
2026/04/15 02:00,d9,0
2026/04/15 02:00,d10,0.0115641430074
2026/04/15 03:00,二级站出口,2.648
2026/04/15 03:00,d0,0.5872
2026/04/15 03:00,d1,0.779483233045
2026/04/15 03:00,d2,1.00765939384
2026/04/15 03:00,d3,1.10825737312
2026/04/15 03:00,d4,0.352
2026/04/15 03:00,d5,0
2026/04/15 03:00,d6,0
2026/04/15 03:00,d7,0
2026/04/15 03:00,d8,0
2026/04/15 03:00,d9,0
2026/04/15 03:00,d10,0.0241666666667
2026/04/15 04:00,二级站出口,2.65066666667
2026/04/15 04:00,d0,0.603
2026/04/15 04:00,d1,0.772903719969
2026/04/15 04:00,d2,1.00779355826
2026/04/15 04:00,d3,1.09890272177
2026/04/15 04:00,d4,0.352
2026/04/15 04:00,d5,0
2026/04/15 04:00,d6,0
2026/04/15 04:00,d7,0
2026/04/15 04:00,d8,0
2026/04/15 04:00,d9,0
2026/04/15 04:00,d10,0.036769190326
2026/04/15 05:00,二级站出口,2.6404
2026/04/15 05:00,d0,0.608
2026/04/15 05:00,d1,0.768366124744
2026/04/15 05:00,d2,1.00978263718
2026/04/15 05:00,d3,1.09245123808
2026/04/15 05:00,d4,0.352
2026/04/15 05:00,d5,0
2026/04/15 05:00,d6,0
2026/04/15 05:00,d7,0
2026/04/15 05:00,d8,0
2026/04/15 05:00,d9,0
2026/04/15 05:00,d10,0.0493717139853
2026/04/15 06:00,二级站出口,2.6405862069
2026/04/15 06:00,d0,0.618
2026/04/15 06:00,d1,0.762707635461
2026/04/15 06:00,d2,1.00552199452
2026/04/15 06:00,d3,1.08440608431
2026/04/15 06:00,d4,0.352
2026/04/15 06:00,d5,0
2026/04/15 06:00,d6,0
2026/04/15 06:00,d7,0
2026/04/15 06:00,d8,0
2026/04/15 06:00,d9,0
2026/04/15 06:00,d10,0.0619742376446
2026/04/15 07:00,二级站出口,2.636
2026/04/15 07:00,d0,0.6264
2026/04/15 07:00,d1,0.771391188227
2026/04/15 07:00,d2,1.00702325124
2026/04/15 07:00,d3,1.0967522272
2026/04/15 07:00,d4,0.352
2026/04/15 07:00,d5,0
2026/04/15 07:00,d6,0
2026/04/15 07:00,d7,0
2026/04/15 07:00,d8,0
2026/04/15 07:00,d9,0
2026/04/15 07:00,d10,0.0745767613039
2026/04/15 08:00,二级站出口,2.6438
2026/04/15 08:00,d0,0.5136
2026/04/15 08:00,d1,0.805196272653
2026/04/15 08:00,d2,0.999787946657
2026/04/15 08:00,d3,1.14481578069
2026/04/15 08:00,d4,0.352
2026/04/15 08:00,d5,0
2026/04/15 08:00,d6,0
2026/04/15 08:00,d7,0
2026/04/15 08:00,d8,0
2026/04/15 08:00,d9,0
2026/04/15 08:00,d10,0.0871792849632
2026/04/15 09:00,二级站出口,2.65
2026/04/15 09:00,d0,0.4748
2026/04/15 09:00,d1,0.824329799184
2026/04/15 09:00,d2,1.0052506639
2026/04/15 09:00,d3,1.17201953691
2026/04/15 09:00,d4,0.352
2026/04/15 09:00,d5,0
2026/04/15 09:00,d6,0
2026/04/15 09:00,d7,0
2026/04/15 09:00,d8,0
2026/04/15 09:00,d9,0
2026/04/15 09:00,d10,0.0997818086225
2026/04/15 10:00,二级站出口,2.647
2026/04/15 10:00,d0,0.468
2026/04/15 10:00,d1,0.82054846983
2026/04/15 10:00,d2,1.00220822966
2026/04/15 10:00,d3,1.16664330051
2026/04/15 10:00,d4,0.352
2026/04/15 10:00,d5,0
2026/04/15 10:00,d6,0
2026/04/15 10:00,d7,0
2026/04/15 10:00,d8,0
2026/04/15 10:00,d9,0
2026/04/15 10:00,d10,0.112384332282
2026/04/15 11:00,二级站出口,2.632
2026/04/15 11:00,d0,0.4692
2026/04/15 11:00,d1,0.82054846983
2026/04/15 11:00,d2,0.872808229664
2026/04/15 11:00,d3,1.16664330051
2026/04/15 11:00,d4,0.352
2026/04/15 11:00,d5,0
2026/04/15 11:00,d6,0
2026/04/15 11:00,d7,0
2026/04/15 11:00,d8,0
2026/04/15 11:00,d9,0
2026/04/15 11:00,d10,0.124986855941
2026/04/15 12:00,二级站出口,2.637
2026/04/15 12:00,d0,0.5096
2026/04/15 12:00,d1,0.80527189924
2026/04/15 12:00,d2,0.888904795342
2026/04/15 12:00,d3,1.14492330542
2026/04/15 12:00,d4,0.319
2026/04/15 12:00,d5,0
2026/04/15 12:00,d6,0
2026/04/15 12:00,d7,0
2026/04/15 12:00,d8,0
2026/04/15 12:00,d9,0
2026/04/15 12:00,d10,0.1375893796
2026/04/15 13:00,二级站出口,2.62883333333
2026/04/15 13:00,d0,0.5368
2026/04/15 13:00,d1,0.793171645307
2026/04/15 13:00,d2,0.88690900578
2026/04/15 13:00,d3,1.12771934891
2026/04/15 13:00,d4,0.319
2026/04/15 13:00,d5,0
2026/04/15 13:00,d6,0
2026/04/15 13:00,d7,0
2026/04/15 13:00,d8,0
2026/04/15 13:00,d9,0
2026/04/15 13:00,d10,0.15019190326
2026/04/15 14:00,二级站出口,2.6366
2026/04/15 14:00,d0,0.5378
2026/04/15 14:00,d1,0.796877348074
2026/04/15 14:00,d2,1.00993459133
2026/04/15 14:00,d3,1.13298806059
2026/04/15 14:00,d4,0.319
2026/04/15 14:00,d5,0
2026/04/15 14:00,d6,0
2026/04/15 14:00,d7,0
2026/04/15 14:00,d8,0
2026/04/15 14:00,d9,0
2026/04/15 14:00,d10,0.162794426919
2026/04/15 15:00,二级站出口,2.6385
2026/04/15 15:00,d0,0.536
2026/04/15 15:00,d1,0.795440442919
2026/04/15 15:00,d2,0.902414466323
2026/04/15 15:00,d3,1.13094509076
2026/04/15 15:00,d4,0.319
2026/04/15 15:00,d5,0
2026/04/15 15:00,d6,0
2026/04/15 15:00,d7,0
2026/04/15 15:00,d8,0
2026/04/15 15:00,d9,0
2026/04/15 15:00,d10,0.175396950578
2026/04/15 16:00,二级站出口,2.6334
2026/04/15 16:00,d0,0.5552
2026/04/15 16:00,d1,0.785155227076
2026/04/15 16:00,d2,0.900923045196
2026/04/15 16:00,d3,1.11632172773
2026/04/15 16:00,d4,0.319
2026/04/15 16:00,d5,0
2026/04/15 16:00,d6,0
2026/04/15 16:00,d7,0
2026/04/15 16:00,d8,0
2026/04/15 16:00,d9,0
2026/04/15 16:00,d10,0.187999474238
2026/04/15 17:00,二级站出口,1.2956
2026/04/15 17:00,d0,0.5778
2026/04/15 17:00,d1,0.271196941273
2026/04/15 17:00,d2,0.786919383555
2026/04/15 17:00,d3,0.385583675172
2026/04/15 17:00,d4,0.319
2026/04/15 17:00,d5,0
2026/04/15 17:00,d6,0
2026/04/15 17:00,d7,0
2026/04/15 17:00,d8,0
2026/04/15 17:00,d9,0
2026/04/15 17:00,d10,0.200601997897
2026/04/15 18:00,二级站出口,1.29166666667
2026/04/15 18:00,d0,0.5672
2026/04/15 18:00,d1,0.273692618647
2026/04/15 18:00,d2,0.781975390152
2026/04/15 18:00,d3,0.389131991201
2026/04/15 18:00,d4,0.319
2026/04/15 18:00,d5,0
2026/04/15 18:00,d6,0
2026/04/15 18:00,d7,0
2026/04/15 18:00,d8,0
2026/04/15 18:00,d9,0
2026/04/15 18:00,d10,0.213204521556
2026/04/15 19:00,二级站出口,1.2896
2026/04/15 19:00,d0,0.537
2026/04/15 19:00,d1,0.282616555922
2026/04/15 19:00,d2,0.775763534954
2026/04/15 19:00,d3,0.401819909124
2026/04/15 19:00,d4,0.319
2026/04/15 19:00,d5,0
2026/04/15 19:00,d6,0
2026/04/15 19:00,d7,0
2026/04/15 19:00,d8,0
2026/04/15 19:00,d9,0
2026/04/15 19:00,d10,0.225807045216
2026/04/15 20:00,二级站出口,1.288
2026/04/15 20:00,d0,0.575
2026/04/15 20:00,d1,0.268701263899
2026/04/15 20:00,d2,0.774663376958
2026/04/15 20:00,d3,0.382035359143
2026/04/15 20:00,d4,0.319
2026/04/15 20:00,d5,0
2026/04/15 20:00,d6,0
2026/04/15 20:00,d7,0
2026/04/15 20:00,d8,0
2026/04/15 20:00,d9,0
2026/04/15 20:00,d10,0.238409568875
2026/04/15 21:00,二级站出口,1.29
2026/04/15 21:00,d0,0.552
2026/04/15 21:00,d1,0.277990729679
2026/04/15 21:00,d2,0.77693295707
2026/04/15 21:00,d3,0.395242979918
2026/04/15 21:00,d4,0.319
2026/04/15 21:00,d5,0
2026/04/15 21:00,d6,0
2026/04/15 21:00,d7,0
2026/04/15 21:00,d8,0
2026/04/15 21:00,d9,0
2026/04/15 21:00,d10,0.251012092534
2026/04/15 22:00,二级站出口,1.2868
2026/04/15 22:00,d0,0.5628
2026/04/15 22:00,d1,0.27490264404
2026/04/15 22:00,d2,0.774844969109
2026/04/15 22:00,d3,0.390852386852
2026/04/15 22:00,d4,0.319
2026/04/15 22:00,d5,0
2026/04/15 22:00,d6,0
2026/04/15 22:00,d7,0
2026/04/15 22:00,d8,0
2026/04/15 22:00,d9,0
2026/04/15 22:00,d10,0.263614616193
2026/04/15 23:00,二级站出口,1.2854
2026/04/15 23:00,d0,0.557
2026/04/15 23:00,d1,0.274146378169
2026/04/15 23:00,d2,0.774076482261
2026/04/15 23:00,d3,0.38977713957
2026/04/15 23:00,d4,0.319
2026/04/15 23:00,d5,0
2026/04/15 23:00,d6,0
2026/04/15 23:00,d7,0
2026/04/15 23:00,d8,0
2026/04/15 23:00,d9,0
2026/04/15 23:00,d10,0.276217139853
2026/04/16 00:00,二级站出口,1.286
2026/04/16 00:00,d0,0.554
2026/04/16 00:00,d1,0.276037042846
2026/04/16 00:00,d2,0.73589769938
2026/04/16 00:00,d3,0.392465257774
2026/04/16 00:00,d4,0.319
2026/04/16 00:00,d5,0
2026/04/16 00:00,d6,0
2026/04/16 00:00,d7,0
2026/04/16 00:00,d8,0
2026/04/16 00:00,d9,0
2026/04/16 00:00,d10,0.288819663512
2026/04/16 01:00,二级站出口,2.6412
2026/04/16 01:00,d0,0.5298
2026/04/16 01:00,d1,0.798314253228
2026/04/16 01:00,d2,0.849854716344
2026/04/16 01:00,d3,1.13503103043
2026/04/16 01:00,d4,0.319
2026/04/16 01:00,d5,0
2026/04/16 01:00,d6,0
2026/04/16 01:00,d7,0
2026/04/16 01:00,d8,0
2026/04/16 01:00,d9,0
2026/04/16 01:00,d10,0.301422187171
2026/04/16 02:00,二级站出口,2.637
2026/04/16 02:00,d0,0.5398
2026/04/16 02:00,d1,0.794608550461
2026/04/16 02:00,d2,0.847429130791
2026/04/16 02:00,d3,1.12976231875
2026/04/16 02:00,d4,0.319
2026/04/16 02:00,d5,0
2026/04/16 02:00,d6,0
2026/04/16 02:00,d7,0
2026/04/16 02:00,d8,0
2026/04/16 02:00,d9,0
2026/04/16 02:00,d10,0.314024710831
2026/04/16 03:00,二级站出口,2.6352
2026/04/16 03:00,d0,0.5814
2026/04/16 03:00,d1,0.777819448129
2026/04/16 03:00,d2,0.843888722774
2026/04/16 03:00,d3,1.1058918291
2026/04/16 03:00,d4,0.319
2026/04/16 03:00,d5,0
2026/04/16 03:00,d6,0
2026/04/16 03:00,d7,0
2026/04/16 03:00,d8,0
2026/04/16 03:00,d9,0
2026/04/16 03:00,d10,0.32662723449
2026/04/16 04:00,二级站出口,2.635
2026/04/16 04:00,d0,0.5832
2026/04/16 04:00,d1,0.775399397343
2026/04/16 04:00,d2,0.823082898195
2026/04/16 04:00,d3,1.1024510378
2026/04/16 04:00,d4,0.117
2026/04/16 04:00,d5,0
2026/04/16 04:00,d6,0
2026/04/16 04:00,d7,0
2026/04/16 04:00,d8,0
2026/04/16 04:00,d9,0
2026/04/16 04:00,d10,0.339229758149
2026/04/16 05:00,二级站出口,2.6356
2026/04/16 05:00,d0,0.5892
2026/04/16 05:00,d1,0.777441315194
2026/04/16 05:00,d2,0.82380447935
2026/04/16 05:00,d3,1.10535420546
2026/04/16 05:00,d4,0.117
2026/04/16 05:00,d5,0
2026/04/16 05:00,d6,0
2026/04/16 05:00,d7,0
2026/04/16 05:00,d8,0
2026/04/16 05:00,d9,0
2026/04/16 05:00,d10,0.351832281809
2026/04/16 06:00,二级站出口,2.6506
2026/04/16 06:00,d0,0.5924
2026/04/16 06:00,d1,0.776987555671
2026/04/16 06:00,d2,0.842603387241
2026/04/16 06:00,d3,1.10470905709
2026/04/16 06:00,d4,0.117
2026/04/16 06:00,d5,0
2026/04/16 06:00,d6,0
2026/04/16 06:00,d7,0
2026/04/16 06:00,d8,0
2026/04/16 06:00,d9,0
2026/04/16 06:00,d10,0.364434805468
2026/04/16 07:00,二级站出口,2.30311111111
2026/04/16 07:00,d0,0.597842105263
2026/04/16 07:00,d1,0.652959952858
2026/04/16 07:00,d2,0.817471544232
2026/04/16 07:00,d3,0.92836850291
2026/04/16 07:00,d4,0.117
2026/04/16 07:00,d5,0
2026/04/16 07:00,d6,0
2026/04/16 07:00,d7,0
2026/04/16 07:00,d8,0
2026/04/16 07:00,d9,0
2026/04/16 07:00,d10,0.377037329127
2026/04/16 08:00,二级站出口,1.65644444444
2026/04/16 08:00,d0,0.596263157895
2026/04/16 08:00,d1,0.40702229167
2026/04/16 08:00,d2,0.762279621387
2026/04/16 08:00,d3,0.578698086942
2026/04/16 08:00,d4,0.117
2026/04/16 08:00,d5,0
2026/04/16 08:00,d6,0
2026/04/16 08:00,d7,0
2026/04/16 08:00,d8,0
2026/04/16 08:00,d9,0
2026/04/16 08:00,d10,0.389639852787
2026/04/16 09:00,二级站出口,1.285
2026/04/16 09:00,d0,0.582
2026/04/16 09:00,d1,0.266331630837
2026/04/16 09:00,d2,0.729135451502
2026/04/16 09:00,d3,0.378666250994
2026/04/16 09:00,d4,0.117
2026/04/16 09:00,d5,0
2026/04/16 09:00,d6,0
2026/04/16 09:00,d7,0
2026/04/16 09:00,d8,0
2026/04/16 09:00,d9,0
2026/04/16 09:00,d10,0.402242376446
2026/04/16 10:00,二级站出口,1.28533333333
2026/04/16 10:00,d0,0.5944
2026/04/16 10:00,d1,0.261214231778
2026/04/16 10:00,d2,0.730195357167
2026/04/16 10:00,d3,0.371390411055
2026/04/16 10:00,d4,0.117
2026/04/16 10:00,d5,0
2026/04/16 10:00,d6,0
2026/04/16 10:00,d7,0
2026/04/16 10:00,d8,0
2026/04/16 10:00,d9,0
2026/04/16 10:00,d10,0.414844900105
2026/04/16 11:00,二级站出口,1.2844
2026/04/16 11:00,d0,0.614
2026/04/16 11:00,d1,0.253500319896
2026/04/16 11:00,d2,0.725810124654
2026/04/16 11:00,d3,0.360422888783
2026/04/16 11:00,d4,0.117
2026/04/16 11:00,d5,0
2026/04/16 11:00,d6,0
2026/04/16 11:00,d7,0
2026/04/16 11:00,d8,0
2026/04/16 11:00,d9,0
2026/04/16 11:00,d10,0.427447423764
2026/04/16 12:00,二级站出口,1.286
2026/04/16 12:00,d0,0.617
2026/04/16 12:00,d1,0.251231522283
2026/04/16 12:00,d2,0.727304664112
2026/04/16 12:00,d3,0.357197146938
2026/04/16 12:00,d4,0.117
2026/04/16 12:00,d5,0
2026/04/16 12:00,d6,0
2026/04/16 12:00,d7,0
2026/04/16 12:00,d8,0
2026/04/16 12:00,d9,0
2026/04/16 12:00,d10,0.440049947424
2026/04/16 13:00,二级站出口,1.283
2026/04/16 13:00,d0,0.6616
2026/04/16 13:00,d1,0.235728071932
2026/04/16 13:00,d2,0.721684017069
2026/04/16 13:00,d3,0.335154577666
2026/04/16 13:00,d4,0.117
2026/04/16 13:00,d5,0
2026/04/16 13:00,d6,0
2026/04/16 13:00,d7,0
2026/04/16 13:00,d8,0
2026/04/16 13:00,d9,0
2026/04/16 13:00,d10,0.452652471083
2026/04/16 14:00,二级站出口,1.2884
2026/04/16 14:00,d0,0.6544
2026/04/16 14:00,d1,0.240341293744
2026/04/16 14:00,d2,0.686878453506
2026/04/16 14:00,d3,0.341713586084
2026/04/16 14:00,d4,0.117
2026/04/16 14:00,d5,0
2026/04/16 14:00,d6,0
2026/04/16 14:00,d7,0
2026/04/16 14:00,d8,0
2026/04/16 14:00,d9,0
2026/04/16 14:00,d10,0.465254994742
2026/04/16 15:00,二级站出口,1.29
2026/04/16 15:00,d0,0.6575
2026/04/16 15:00,d1,0.238677508828
2026/04/16 15:00,d2,0.681574449108
2026/04/16 15:00,d3,0.339348042064
2026/04/16 15:00,d4,0.117
2026/04/16 15:00,d5,0
2026/04/16 15:00,d6,0
2026/04/16 15:00,d7,0
2026/04/16 15:00,d8,0
2026/04/16 15:00,d9,0
2026/04/16 15:00,d10,0.477857518402
2026/04/16 16:00,二级站出口,1.2882
2026/04/16 16:00,d0,0.6564
2026/04/16 16:00,d1,0.239963160808
2026/04/16 16:00,d2,0.681460876749
2026/04/16 16:00,d3,0.341175962443
2026/04/16 16:00,d4,0.135
2026/04/16 16:00,d5,0
2026/04/16 16:00,d6,0
2026/04/16 16:00,d7,0
2026/04/16 16:00,d8,0
2026/04/16 16:00,d9,0
2026/04/16 16:00,d10,0.490460042061
2026/04/16 17:00,二级站出口,1.287
2026/04/16 17:00,d0,0.655
2026/04/16 17:00,d1,0.239055641763
2026/04/16 17:00,d2,0.681258692532
2026/04/16 17:00,d3,0.339885665705
2026/04/16 17:00,d4,0.135
2026/04/16 17:00,d5,0
2026/04/16 17:00,d6,0
2026/04/16 17:00,d7,0
2026/04/16 17:00,d8,0
2026/04/16 17:00,d9,0
2026/04/16 17:00,d10,0.50306256572
2026/04/16 18:00,二级站出口,2.651
2026/04/16 18:00,d0,0.6424
2026/04/16 18:00,d1,0.761105972384
2026/04/16 18:00,d2,0.797565163441
2026/04/16 18:00,d3,1.08212886417
2026/04/16 18:00,d4,0.135
2026/04/16 18:00,d5,0
2026/04/16 18:00,d6,0
2026/04/16 18:00,d7,0
2026/04/16 18:00,d8,0
2026/04/16 18:00,d9,0
2026/04/16 18:00,d10,0.51566508938
2026/04/16 19:00,二级站出口,2.6502
2026/04/16 19:00,d0,0.626
2026/04/16 19:00,d1,0.766929219589
2026/04/16 19:00,d2,0.821695845501
2026/04/16 19:00,d3,1.09040826824
2026/04/16 19:00,d4,0.135
2026/04/16 19:00,d5,0
2026/04/16 19:00,d6,0
2026/04/16 19:00,d7,0
2026/04/16 19:00,d8,0
2026/04/16 19:00,d9,0
2026/04/16 19:00,d10,0.528267613039
2026/04/16 20:00,二级站出口,2.65
2026/04/16 20:00,d0,0.6274
2026/04/16 20:00,d1,0.765567941022
2026/04/16 20:00,d2,0.801159235842
2026/04/16 20:00,d3,1.08847282314
2026/04/16 20:00,d4,0.135
2026/04/16 20:00,d5,0
2026/04/16 20:00,d6,0
2026/04/16 20:00,d7,0
2026/04/16 20:00,d8,0
2026/04/16 20:00,d9,0
2026/04/16 20:00,d10,0.540870136698
2026/04/16 21:00,二级站出口,2.645
2026/04/16 21:00,d0,0.627833333333
2026/04/16 21:00,d1,0.767761112047
2026/04/16 21:00,d2,0.8014478477
2026/04/16 21:00,d3,1.09159104025
2026/04/16 21:00,d4,0.135
2026/04/16 21:00,d5,0
2026/04/16 21:00,d6,0
2026/04/16 21:00,d7,0
2026/04/16 21:00,d8,0
2026/04/16 21:00,d9,0
2026/04/16 21:00,d10,0.553472660358
2026/04/16 22:00,二级站出口,2.6488
2026/04/16 22:00,d0,0.626
2026/04/16 22:00,d1,0.763450396584
2026/04/16 22:00,d2,0.801087472669
2026/04/16 22:00,d3,1.08546213075
2026/04/16 22:00,d4,0.135
2026/04/16 22:00,d5,0
2026/04/16 22:00,d6,0
2026/04/16 22:00,d7,0
2026/04/16 22:00,d8,0
2026/04/16 22:00,d9,0
2026/04/16 22:00,d10,0.566075184017
2026/04/16 23:00,二级站出口,2.637
2026/04/16 23:00,d0,0.628
2026/04/16 23:00,d1,0.761559731907
2026/04/16 23:00,d2,0.79846625555
2026/04/16 23:00,d3,1.08277401254
2026/04/16 23:00,d4,1.168
2026/04/16 23:00,d5,0
2026/04/16 23:00,d6,0
2026/04/16 23:00,d7,0
2026/04/16 23:00,d8,0
2026/04/16 23:00,d9,0
2026/04/16 23:00,d10,0.578677707676
2026/04/17 00:00,二级站出口,2.64833333333
2026/04/17 00:00,d0,0.6282
2026/04/17 00:00,d1,0.76458479539
2026/04/17 00:00,d2,0.79734020294
2026/04/17 00:00,d3,1.08707500167
2026/04/17 00:00,d4,1.168
2026/04/17 00:00,d5,0
2026/04/17 00:00,d6,0
2026/04/17 00:00,d7,0
2026/04/17 00:00,d8,0
2026/04/17 00:00,d9,0
2026/04/17 00:00,d10,0.591280231335
2026/04/17 01:00,二级站出口,2.6428
2026/04/17 01:00,d0,0.627
2026/04/17 01:00,d1,0.761874842686
2026/04/17 01:00,d2,0.793736458403
2026/04/17 01:00,d3,1.08322203224
2026/04/17 01:00,d4,1.168
2026/04/17 01:00,d5,0
2026/04/17 01:00,d6,0
2026/04/17 01:00,d7,0
2026/04/17 01:00,d8,0
2026/04/17 01:00,d9,0
2026/04/17 01:00,d10,0.603882754995
2026/04/17 02:00,二级站出口,2.648
2026/04/17 02:00,d0,0.6286
2026/04/17 02:00,d1,0.763526023171
2026/04/17 02:00,d2,0.793104321354
2026/04/17 02:00,d3,1.08556965548
2026/04/17 02:00,d4,1.168
2026/04/17 02:00,d5,0
2026/04/17 02:00,d6,0
2026/04/17 02:00,d7,0
2026/04/17 02:00,d8,0
2026/04/17 02:00,d9,0
2026/04/17 02:00,d10,0.616485278654
2026/04/17 03:00,二级站出口,3.982
2026/04/17 03:00,d0,0.5856
2026/04/17 03:00,d1,1.28345880935
2026/04/17 03:00,d2,0.90653902909
2026/04/17 03:00,d3,1.82480216156
2026/04/17 03:00,d4,1.168
2026/04/17 03:00,d5,0
2026/04/17 03:00,d6,0
2026/04/17 03:00,d7,0
2026/04/17 03:00,d8,0
2026/04/17 03:00,d9,0
2026/04/17 03:00,d10,0.629087802313
2026/04/17 04:00,二级站出口,3.9846
2026/04/17 04:00,d0,0.5998
2026/04/17 04:00,d1,1.27370297962
2026/04/17 04:00,d2,0.903098882089
2026/04/17 04:00,d3,1.81093147162
2026/04/17 04:00,d4,1.168
2026/04/17 04:00,d5,0
2026/04/17 04:00,d6,0
2026/04/17 04:00,d7,0
2026/04/17 04:00,d8,0
2026/04/17 04:00,d9,0
2026/04/17 04:00,d10,0.641690325973
2026/04/17 05:00,二级站出口,3.982
2026/04/17 05:00,d0,0.548
2026/04/17 05:00,d1,1.29563468987
2026/04/17 05:00,d2,0.910651667337
2026/04/17 05:00,d3,1.84211364279
2026/04/17 05:00,d4,1.168
2026/04/17 05:00,d5,0
2026/04/17 05:00,d6,0
2026/04/17 05:00,d7,0
2026/04/17 05:00,d8,0
2026/04/17 05:00,d9,0
2026/04/17 05:00,d10,0.654292849632
2026/04/17 06:00,二级站出口,3.9778
2026/04/17 06:00,d0,0.5646
2026/04/17 06:00,d1,1.29260962639
2026/04/17 06:00,d2,0.907177719946
2026/04/17 06:00,d3,1.83781265366
2026/04/17 06:00,d4,1.168
2026/04/17 06:00,d5,0.544
2026/04/17 06:00,d6,0
2026/04/17 06:00,d7,0
2026/04/17 06:00,d8,0
2026/04/17 06:00,d9,0
2026/04/17 06:00,d10,0.666895373291
2026/04/17 07:00,二级站出口,3.9714
2026/04/17 07:00,d0,0.6096
2026/04/17 07:00,d1,1.26840911852
2026/04/17 07:00,d2,0.903786140823
2026/04/17 07:00,d3,1.80340474065
2026/04/17 07:00,d4,1.787
2026/04/17 07:00,d5,0.626
2026/04/17 07:00,d6,0
2026/04/17 07:00,d7,0
2026/04/17 07:00,d8,0
2026/04/17 07:00,d9,0
2026/04/17 07:00,d10,0.679497896951
2026/04/17 08:00,二级站出口,3.967
2026/04/17 08:00,d0,0.6052
2026/04/17 08:00,d1,1.2720391947
2026/04/17 08:00,d2,0.905394877691
2026/04/17 08:00,d3,1.8085659276
2026/04/17 08:00,d4,1.751
2026/04/17 08:00,d5,0.63
2026/04/17 08:00,d6,0
2026/04/17 08:00,d7,0
2026/04/17 08:00,d8,0
2026/04/17 08:00,d9,0
2026/04/17 08:00,d10,0.69
2026/04/17 09:00,二级站出口,3.95283333333
2026/04/17 09:00,d0,0.600666666667
2026/04/17 09:00,d1,1.26803098559
2026/04/17 09:00,d2,1.0131018974
2026/04/17 09:00,d3,1.80286711701
2026/04/17 09:00,d4,1.751
2026/04/17 09:00,d5,0.63
2026/04/17 09:00,d6,0
2026/04/17 09:00,d7,0
2026/04/17 09:00,d8,0
2026/04/17 09:00,d9,0
2026/04/17 09:00,d10,0.69
2026/04/17 10:00,二级站出口,3.9402
2026/04/17 10:00,d0,0.6052
2026/04/17 10:00,d1,1.26099771299
2026/04/17 10:00,d2,0.973934969716
2026/04/17 10:00,d3,1.79286731729
2026/04/17 10:00,d4,1.751
2026/04/17 10:00,d5,0.63
2026/04/17 10:00,d6,0
2026/04/17 10:00,d7,0
2026/04/17 10:00,d8,0
2026/04/17 10:00,d9,0
2026/04/17 10:00,d10,0.775
2026/04/17 11:00,二级站出口,3.9472
2026/04/17 11:00,d0,0.6124
2026/04/17 11:00,d1,1.2609220864
2026/04/17 11:00,d2,0.902251454365
2026/04/17 11:00,d3,1.79275979257
2026/04/17 11:00,d4,1.751
2026/04/17 11:00,d5,0.63
2026/04/17 11:00,d6,0
2026/04/17 11:00,d7,0
2026/04/17 11:00,d8,0
2026/04/17 11:00,d9,0
2026/04/17 11:00,d10,0.706833333333
2026/04/17 12:00,二级站出口,3.9472
2026/04/17 12:00,d0,0.661
2026/04/17 12:00,d1,1.24088104083
2026/04/17 12:00,d2,0.926053219569
2026/04/17 12:00,d3,1.7642657396
2026/04/17 12:00,d4,1.751
2026/04/17 12:00,d5,0.63
2026/04/17 12:00,d6,0
2026/04/17 12:00,d7,0
2026/04/17 12:00,d8,0
2026/04/17 12:00,d9,0
2026/04/17 12:00,d10,0.6998
2026/04/17 13:00,二级站出口,3.9766
2026/04/17 13:00,d0,0.667
2026/04/17 13:00,d1,1.24708242097
2026/04/17 13:00,d2,0.92783481172
2026/04/17 13:00,d3,1.77308276731
2026/04/17 13:00,d4,1.751
2026/04/17 13:00,d5,0.63
2026/04/17 13:00,d6,0
2026/04/17 13:00,d7,0
2026/04/17 13:00,d8,0
2026/04/17 13:00,d9,0
2026/04/17 13:00,d10,0.704
2026/04/17 14:00,二级站出口,3.9558
2026/04/17 14:00,d0,0.664
2026/04/17 14:00,d1,1.24216669281
2026/04/17 14:00,d2,0.90073964721
2026/04/17 14:00,d3,1.76609365998
2026/04/17 14:00,d4,1.751
2026/04/17 14:00,d5,0.624
2026/04/17 14:00,d6,0
2026/04/17 14:00,d7,0
2026/04/17 14:00,d8,0
2026/04/17 14:00,d9,0
2026/04/17 14:00,d10,0.708
2026/04/17 15:00,二级站出口,3.94
2026/04/17 15:00,d0,0.6698
2026/04/17 15:00,d1,1.23649469878
2026/04/17 15:00,d2,0.954075995853
2026/04/17 15:00,d3,1.75802930537
2026/04/17 15:00,d4,1.751
2026/04/17 15:00,d5,0.62
2026/04/17 15:00,d6,0
2026/04/17 15:00,d7,0
2026/04/17 15:00,d8,0
2026/04/17 15:00,d9,0
2026/04/17 15:00,d10,0.731
2026/04/17 16:00,二级站出口,3.9635
2026/04/17 16:00,d0,0.6732
2026/04/17 16:00,d1,1.24534300946
2026/04/17 16:00,d2,0.96064729197
2026/04/17 16:00,d3,1.77060969857
2026/04/17 16:00,d4,1.787
2026/04/17 16:00,d5,0.621666666667
2026/04/17 16:00,d6,0
2026/04/17 16:00,d7,0
2026/04/17 16:00,d8,0
2026/04/17 16:00,d9,0
2026/04/17 16:00,d10,0.7674
2026/04/17 17:00,二级站出口,3.9712
2026/04/17 17:00,d0,0.62
2026/04/17 17:00,d1,1.26712346654
2026/04/17 17:00,d2,0.967299713182
2026/04/17 17:00,d3,1.80157682027
2026/04/17 17:00,d4,1.787
2026/04/17 17:00,d5,0.63
2026/04/17 17:00,d6,0
2026/04/17 17:00,d7,0
2026/04/17 17:00,d8,0
2026/04/17 17:00,d9,0
2026/04/17 17:00,d10,0.762
2026/04/17 18:00,二级站出口,3.971
2026/04/17 18:00,d0,0.6182
2026/04/17 18:00,d1,1.26538405504
2026/04/17 18:00,d2,0.978912193432
2026/04/17 18:00,d3,1.79910375153
2026/04/17 18:00,d4,1.787
2026/04/17 18:00,d5,0.63
2026/04/17 18:00,d6,0
2026/04/17 18:00,d7,0
2026/04/17 18:00,d8,0
2026/04/17 18:00,d9,0
2026/04/17 18:00,d10,0.7512
2026/04/17 19:00,二级站出口,3.965
2026/04/17 19:00,d0,0.624
2026/04/17 19:00,d1,1.26311525743
2026/04/17 19:00,d2,0.978206732889
2026/04/17 19:00,d3,1.79587800968
2026/04/17 19:00,d4,1.787
2026/04/17 19:00,d5,0.62
2026/04/17 19:00,d6,0
2026/04/17 19:00,d7,0
2026/04/17 19:00,d8,0
2026/04/17 19:00,d9,0
2026/04/17 19:00,d10,0.748
2026/04/17 20:00,二级站出口,3.95366666667
2026/04/17 20:00,d0,0.6264
2026/04/17 20:00,d1,1.25827515586
2026/04/17 20:00,d2,0.977328417065
2026/04/17 20:00,d3,1.78899642708
2026/04/17 20:00,d4,1.638
2026/04/17 20:00,d5,0.62
2026/04/17 20:00,d6,0
2026/04/17 20:00,d7,0
2026/04/17 20:00,d8,0
2026/04/17 20:00,d9,0
2026/04/17 20:00,d10,0.723
2026/04/17 21:00,二级站出口,3.951
2026/04/17 21:00,d0,0.6304
2026/04/17 21:00,d1,1.25502321261
2026/04/17 21:00,d2,0.98060392362
2026/04/17 21:00,d3,1.78437286377
2026/04/17 21:00,d4,1.638
2026/04/17 21:00,d5,0.62
2026/04/17 21:00,d6,0
2026/04/17 21:00,d7,0
2026/04/17 21:00,d8,0
2026/04/17 21:00,d9,0
2026/04/17 21:00,d10,0.7526
2026/04/17 22:00,二级站出口,3.9434
2026/04/17 22:00,d0,0.636
2026/04/17 22:00,d1,1.2504099908
2026/04/17 22:00,d2,0.980576153849
2026/04/17 22:00,d3,1.77781385535
2026/04/17 22:00,d4,1.638
2026/04/17 22:00,d5,0.62
2026/04/17 22:00,d6,0
2026/04/17 22:00,d7,0
2026/04/17 22:00,d8,0
2026/04/17 22:00,d9,0
2026/04/17 22:00,d10,0.750333333333
2026/04/17 23:00,二级站出口,3.92883333333
2026/04/17 23:00,d0,0.639
2026/04/17 23:00,d1,1.24481362335
2026/04/17 23:00,d2,0.973829351177
2026/04/17 23:00,d3,1.76985702547
2026/04/17 23:00,d4,1.638
2026/04/17 23:00,d5,0.62
2026/04/17 23:00,d6,0
2026/04/17 23:00,d7,0
2026/04/17 23:00,d8,0
2026/04/17 23:00,d9,0
2026/04/17 23:00,d10,0.724
2026/04/18 00:00,二级站出口,3.9412
2026/04/18 00:00,d0,0.639
2026/04/18 00:00,d1,1.25029655092
2026/04/18 00:00,d2,0.974950880822
2026/04/18 00:00,d3,1.77765256826
2026/04/18 00:00,d4,1.638
2026/04/18 00:00,d5,0.62
2026/04/18 00:00,d6,0
2026/04/18 00:00,d7,0
2026/04/18 00:00,d8,0
2026/04/18 00:00,d9,0
2026/04/18 00:00,d10,0.7314
2026/04/18 01:00,二级站出口,3.95
2026/04/18 01:00,d0,0.6475
2026/04/18 01:00,d1,1.24796473115
2026/04/18 01:00,d2,0.975531379709
2026/04/18 01:00,d3,1.77433722247
2026/04/18 01:00,d4,1.638
2026/04/18 01:00,d5,0.62
2026/04/18 01:00,d6,0
2026/04/18 01:00,d7,0
2026/04/18 01:00,d8,0
2026/04/18 01:00,d9,0
2026/04/18 01:00,d10,0.722
2026/04/18 02:00,二级站出口,3.966
2026/04/18 02:00,d0,0.6504
2026/04/18 02:00,d1,1.25267878841
2026/04/18 02:00,d2,0.977081614392
2026/04/18 02:00,d3,1.7810395972
2026/04/18 02:00,d4,1.638
2026/04/18 02:00,d5,0.62
2026/04/18 02:00,d6,0
2026/04/18 02:00,d7,0
2026/04/18 02:00,d8,0
2026/04/18 02:00,d9,0
2026/04/18 02:00,d10,0.724666666667
2026/04/18 03:00,二级站出口,3.956
2026/04/18 03:00,d0,0.6502
2026/04/18 03:00,d1,1.2538888138
2026/04/18 03:00,d2,0.978551193348
2026/04/18 03:00,d3,1.78275999285
2026/04/18 03:00,d4,1.638
2026/04/18 03:00,d5,0.62
2026/04/18 03:00,d6,0
2026/04/18 03:00,d7,0
2026/04/18 03:00,d8,0
2026/04/18 03:00,d9,0
2026/04/18 03:00,d10,0.719
2026/04/18 04:00,二级站出口,3.955
2026/04/18 04:00,d0,0.6514
2026/04/18 04:00,d1,1.25245190865
2026/04/18 04:00,d2,0.915197735005
2026/04/18 04:00,d3,1.78071702301
2026/04/18 04:00,d4,1.638
2026/04/18 04:00,d5,0.62
2026/04/18 04:00,d6,0
2026/04/18 04:00,d7,0
2026/04/18 04:00,d8,0
2026/04/18 04:00,d9,0
2026/04/18 04:00,d10,0.7268
2026/04/18 05:00,二级站出口,2.6385
2026/04/18 05:00,d0,0.614
2026/04/18 05:00,d1,0.76639983348
2026/04/18 05:00,d2,0.822744571375
2026/04/18 05:00,d3,1.08965559515
2026/04/18 05:00,d4,1.638
2026/04/18 05:00,d5,0.62
2026/04/18 05:00,d6,0
2026/04/18 05:00,d7,0
2026/04/18 05:00,d8,0
2026/04/18 05:00,d9,0
2026/04/18 05:00,d10,0.721
2026/04/18 06:00,二级站出口,2.643
2026/04/18 06:00,d0,0.653
2026/04/18 06:00,d1,0.752030781934
2026/04/18 06:00,d2,0.81674332127
2026/04/18 06:00,d3,1.0692258968
2026/04/18 06:00,d4,1.638
2026/04/18 06:00,d5,0.62
2026/04/18 06:00,d6,0
2026/04/18 06:00,d7,0
2026/04/18 06:00,d8,0
2026/04/18 06:00,d9,0
2026/04/18 06:00,d10,0.723333333333
2026/04/18 07:00,二级站出口,2.6456
2026/04/18 07:00,d0,0.682
2026/04/18 07:00,d1,0.740762420459
2026/04/18 07:00,d2,0.81153286724
2026/04/18 07:00,d3,1.0532047123
2026/04/18 07:00,d4,1.638
2026/04/18 07:00,d5,0.62
2026/04/18 07:00,d6,0
2026/04/18 07:00,d7,0
2026/04/18 07:00,d8,0
2026/04/18 07:00,d9,0
2026/04/18 07:00,d10,0.7382
2026/04/18 08:00,二级站出口,2.644
2026/04/18 08:00,d0,0.67
2026/04/18 08:00,d1,0.747190680361
2026/04/18 08:00,d2,0.810465005445
2026/04/18 08:00,d3,1.06234431419
2026/04/18 08:00,d4,1.664
2026/04/18 08:00,d5,0.62
2026/04/18 08:00,d6,0
2026/04/18 08:00,d7,0
2026/04/18 08:00,d8,0
2026/04/18 08:00,d9,0
2026/04/18 08:00,d10,0.7392
2026/04/18 09:00,二级站出口,2.643
2026/04/18 09:00,d0,0.735
2026/04/18 09:00,d1,0.722914545908
2026/04/18 09:00,d2,0.803056577637
2026/04/18 09:00,d3,1.02782887646
2026/04/18 09:00,d4,1.664
2026/04/18 09:00,d5,0.62
2026/04/18 09:00,d6,0
2026/04/18 09:00,d7,0
2026/04/18 09:00,d8,0
2026/04/18 09:00,d9,0
2026/04/18 09:00,d10,0.72
2026/04/18 10:00,二级站出口,2.6474
2026/04/18 10:00,d0,0.725
2026/04/18 10:00,d1,0.725107716934
2026/04/18 10:00,d2,0.803945189495
2026/04/18 10:00,d3,1.03094709357
2026/04/18 10:00,d4,1.664
2026/04/18 10:00,d5,0.62
2026/04/18 10:00,d6,0
2026/04/18 10:00,d7,0
2026/04/18 10:00,d8,0
2026/04/18 10:00,d9,0
2026/04/18 10:00,d10,0.7346
2026/04/18 11:00,二级站出口,2.641
2026/04/18 11:00,d0,0.7216
2026/04/18 11:00,d1,0.726317742327
2026/04/18 11:00,d2,0.804214768451
2026/04/18 11:00,d3,1.03266748922
2026/04/18 11:00,d4,1.751
2026/04/18 11:00,d5,0.62
2026/04/18 11:00,d6,0
2026/04/18 11:00,d7,0
2026/04/18 11:00,d8,0
2026/04/18 11:00,d9,0
2026/04/18 11:00,d10,0.7216
2026/04/18 12:00,二级站出口,3.974
2026/04/18 12:00,d0,0.7296
2026/04/18 12:00,d1,1.22772201467
2026/04/18 12:00,d2,0.910321548421
2026/04/18 12:00,d3,1.7455564369
2026/04/18 12:00,d4,1.751
2026/04/18 12:00,d5,0.62
2026/04/18 12:00,d6,0
2026/04/18 12:00,d7,0
2026/04/18 12:00,d8,0
2026/04/18 12:00,d9,0
2026/04/18 12:00,d10,0.914
2026/04/18 13:00,二级站出口,3.9664
2026/04/18 13:00,d0,0.7396
2026/04/18 13:00,d1,1.22152063453
2026/04/18 13:00,d2,0.90813995627
2026/04/18 13:00,d3,1.7367394092
2026/04/18 13:00,d4,1.751
2026/04/18 13:00,d5,0.62
2026/04/18 13:00,d6,0
2026/04/18 13:00,d7,0
2026/04/18 13:00,d8,0
2026/04/18 13:00,d9,0
2026/04/18 13:00,d10,0.7536
2026/04/18 14:00,二级站出口,3.97566666667
2026/04/18 14:00,d0,0.7442
2026/04/18 14:00,d1,1.22152063453
2026/04/18 14:00,d2,0.92113995627
2026/04/18 14:00,d3,1.7367394092
2026/04/18 14:00,d4,1.751
2026/04/18 14:00,d5,0.62
2026/04/18 14:00,d6,0
2026/04/18 14:00,d7,0
2026/04/18 14:00,d8,0
2026/04/18 14:00,d9,0
2026/04/18 14:00,d10,0.6792
2026/04/18 15:00,二级站出口,3.9964
2026/04/18 15:00,d0,0.7192
2026/04/18 15:00,d1,1.23778035076
2026/04/18 15:00,d2,0.928762423494
2026/04/18 15:00,d3,1.75985722575
2026/04/18 15:00,d4,1.53
2026/04/18 15:00,d5,0.62
2026/04/18 15:00,d6,0
2026/04/18 15:00,d7,0
2026/04/18 15:00,d8,0
2026/04/18 15:00,d9,0
2026/04/18 15:00,d10,0.679
2026/04/18 16:00,二级站出口,3.99283333333
2026/04/18 16:00,d0,0.7208
2026/04/18 16:00,d1,1.23573843291
2026/04/18 16:00,d2,0.881507509006
2026/04/18 16:00,d3,1.75695405809
2026/04/18 16:00,d4,1.53
2026/04/18 16:00,d5,0.62
2026/04/18 16:00,d6,0
2026/04/18 16:00,d7,0
2026/04/18 16:00,d8,0
2026/04/18 16:00,d9,0
2026/04/18 16:00,d10,0.7232
2026/04/18 17:00,二级站出口,3.974
2026/04/18 17:00,d0,0.6076
2026/04/18 17:00,d1,1.27181231494
2026/04/18 17:00,d2,0.884344331637
2026/04/18 17:00,d3,1.80824335342
2026/04/18 17:00,d4,1.53
2026/04/18 17:00,d5,0.616
2026/04/18 17:00,d6,0
2026/04/18 17:00,d7,0
2026/04/18 17:00,d8,0
2026/04/18 17:00,d9,0
2026/04/18 17:00,d10,0.7108
2026/04/18 18:00,二级站出口,3.96566666667
2026/04/18 18:00,d0,0.6034
2026/04/18 18:00,d1,1.27037540979
2026/04/18 18:00,d2,0.884624206626
2026/04/18 18:00,d3,1.80620038359
2026/04/18 18:00,d4,1.664
2026/04/18 18:00,d5,0.62
2026/04/18 18:00,d6,0
2026/04/18 18:00,d7,0
2026/04/18 18:00,d8,0
2026/04/18 18:00,d9,0
2026/04/18 18:00,d10,0.7248
2026/04/18 19:00,二级站出口,3.9556
2026/04/18 19:00,d0,0.5282
2026/04/18 19:00,d1,1.29571031646
2026/04/18 19:00,d2,0.888468516022
2026/04/18 19:00,d3,1.84222116752
2026/04/18 19:00,d4,1.664
2026/04/18 19:00,d5,0.618
2026/04/18 19:00,d6,0
2026/04/18 19:00,d7,0
2026/04/18 19:00,d8,0
2026/04/18 19:00,d9,0
2026/04/18 19:00,d10,0.731
2026/04/18 20:00,二级站出口,3.955
2026/04/18 20:00,d0,0.5258
2026/04/18 20:00,d1,1.29412215813
2026/04/18 20:00,d2,0.890314693642
2026/04/18 20:00,d3,1.83996314823
2026/04/18 20:00,d4,1.664
2026/04/18 20:00,d5,0.62
2026/04/18 20:00,d6,0
2026/04/18 20:00,d7,0
2026/04/18 20:00,d8,0
2026/04/18 20:00,d9,0
2026/04/18 20:00,d10,0.7105
2026/04/18 21:00,二级站出口,3.9708
2026/04/18 21:00,d0,0.4842
2026/04/18 21:00,d1,1.31612949497
2026/04/18 21:00,d2,0.906417660907
2026/04/18 21:00,d3,1.87125284412
2026/04/18 21:00,d4,1.664
2026/04/18 21:00,d5,0.62
2026/04/18 21:00,d6,0
2026/04/18 21:00,d7,0
2026/04/18 21:00,d8,0
2026/04/18 21:00,d9,0
2026/04/18 21:00,d10,0.7174
2026/04/18 22:00,二级站出口,3.971
2026/04/18 22:00,d0,0.4954
2026/04/18 22:00,d1,1.31567573545
2026/04/18 22:00,d2,0.910116568799
2026/04/18 22:00,d3,1.87060769575
2026/04/18 22:00,d4,1.664
2026/04/18 22:00,d5,0.615
2026/04/18 22:00,d6,0
2026/04/18 22:00,d7,0
2026/04/18 22:00,d8,0
2026/04/18 22:00,d9,0
2026/04/18 22:00,d10,0.721
2026/04/18 23:00,二级站出口,3.977
2026/04/18 23:00,d0,0.5028
2026/04/18 23:00,d1,1.31310443149
2026/04/18 23:00,d2,0.908743713517
2026/04/18 23:00,d3,1.86695185499
2026/04/18 23:00,d4,1.664
2026/04/18 23:00,d5,0.62
2026/04/18 23:00,d6,0
2026/04/18 23:00,d7,0
2026/04/18 23:00,d8,0
2026/04/18 23:00,d9,0
2026/04/18 23:00,d10,0.7174
2026/04/19 00:00,二级站出口,3.97466666667
2026/04/19 00:00,d0,0.4996
2026/04/19 00:00,d1,1.31688576084
2026/04/19 00:00,d2,0.907586147755
2026/04/19 00:00,d3,1.8723280914
2026/04/19 00:00,d4,1.664
2026/04/19 00:00,d5,0.62
2026/04/19 00:00,d6,0
2026/04/19 00:00,d7,0
2026/04/19 00:00,d8,0
2026/04/19 00:00,d9,0
2026/04/19 00:00,d10,0.7172
2026/04/19 01:00,二级站出口,3.976
2026/04/19 01:00,d0,0.5
2026/04/19 01:00,d1,1.31408757712
2026/04/19 01:00,d2,0.908762746419
2026/04/19 01:00,d3,1.86834967646
2026/04/19 01:00,d4,1.664
2026/04/19 01:00,d5,0.62
2026/04/19 01:00,d6,0
2026/04/19 01:00,d7,0
2026/04/19 01:00,d8,0
2026/04/19 01:00,d9,0
2026/04/19 01:00,d10,0.718333333333
2026/04/19 02:00,二级站出口,3.98
2026/04/19 02:00,d0,0.499
2026/04/19 02:00,d1,1.31318005808
2026/04/19 02:00,d2,0.909560562201
2026/04/19 02:00,d3,1.86705937972
2026/04/19 02:00,d4,1.664
2026/04/19 02:00,d5,0.62
2026/04/19 02:00,d6,0
2026/04/19 02:00,d7,0
2026/04/19 02:00,d8,0
2026/04/19 02:00,d9,0
2026/04/19 02:00,d10,0.7236
2026/04/19 03:00,二级站出口,3.977
2026/04/19 03:00,d0,0.506
2026/04/19 03:00,d1,1.31249941879
2026/04/19 03:00,d2,0.909408924039
2026/04/19 03:00,d3,1.86609165717
2026/04/19 03:00,d4,1.664
2026/04/19 03:00,d5,0.62
2026/04/19 03:00,d6,0
2026/04/19 03:00,d7,0
2026/04/19 03:00,d8,0
2026/04/19 03:00,d9,0
2026/04/19 03:00,d10,0.717666666667
2026/04/19 04:00,二级站出口,3.9666
2026/04/19 04:00,d0,0.499
2026/04/19 04:00,d1,1.31287755173
2026/04/19 04:00,d2,0.909493167462
2026/04/19 04:00,d3,1.86662928081
2026/04/19 04:00,d4,1.664
2026/04/19 04:00,d5,0.62
2026/04/19 04:00,d6,0
2026/04/19 04:00,d7,0
2026/04/19 04:00,d8,0
2026/04/19 04:00,d9,0
2026/04/19 04:00,d10,0.720666666667
2026/04/19 05:00,二级站出口,3.975
2026/04/19 05:00,d0,0.534
2026/04/19 05:00,d1,1.29964289899
2026/04/19 05:00,d2,0.907944647629
2026/04/19 05:00,d3,1.84781245338
2026/04/19 05:00,d4,1.664
2026/04/19 05:00,d5,0.62
2026/04/19 05:00,d6,0
2026/04/19 05:00,d7,0
2026/04/19 05:00,d8,0
2026/04/19 05:00,d9,0
2026/04/19 05:00,d10,0.719
2026/04/19 06:00,二级站出口,2.649
2026/04/19 06:00,d0,0.566
2026/04/19 06:00,d1,0.789163436191
2026/04/19 06:00,d2,0.794816025488
2026/04/19 06:00,d3,1.12202053832
2026/04/19 06:00,d4,1.664
2026/04/19 06:00,d5,0.62
2026/04/19 06:00,d6,0
2026/04/19 06:00,d7,0
2026/04/19 06:00,d8,0
2026/04/19 06:00,d9,0
2026/04/19 06:00,d10,0.721333333333
2026/04/19 07:00,二级站出口,2.65133333333
2026/04/19 07:00,d0,0.5596
2026/04/19 07:00,d1,0.792188499675
2026/04/19 07:00,d2,0.819289972878
2026/04/19 07:00,d3,1.12632152745
2026/04/19 07:00,d4,1.664
2026/04/19 07:00,d5,0.45
2026/04/19 07:00,d6,0
2026/04/19 07:00,d7,0
2026/04/19 07:00,d8,0
2026/04/19 07:00,d9,0
2026/04/19 07:00,d10,0.8796
2026/04/19 08:00,二级站出口,2.6496
2026/04/19 08:00,d0,0.5812
2026/04/19 08:00,d1,0.778953846935
2026/04/19 08:00,d2,0.909941453045
2026/04/19 08:00,d3,1.10750470002
2026/04/19 08:00,d4,1.775
2026/04/19 08:00,d5,0.75
2026/04/19 08:00,d6,0
2026/04/19 08:00,d7,0
2026/04/19 08:00,d8,0
2026/04/19 08:00,d9,0
2026/04/19 08:00,d10,0.8782
2026/04/19 09:00,二级站出口,2.64016666667
2026/04/19 09:00,d0,0.59
2026/04/19 09:00,d1,0.774643131472
2026/04/19 09:00,d2,0.907781078014
2026/04/19 09:00,d3,1.10137579051
2026/04/19 09:00,d4,1.775
2026/04/19 09:00,d5,0.75
2026/04/19 09:00,d6,0
2026/04/19 09:00,d7,0
2026/04/19 09:00,d8,0
2026/04/19 09:00,d9,0
2026/04/19 09:00,d10,0.913
2026/04/19 10:00,二级站出口,3.9796
2026/04/19 10:00,d0,0.5912
2026/04/19 10:00,d1,1.21773930518
2026/04/19 10:00,d2,1.15629752203
2026/04/19 10:00,d3,1.73136317279
2026/04/19 10:00,d4,1.775
2026/04/19 10:00,d5,0.746
2026/04/19 10:00,d6,0
2026/04/19 10:00,d7,0
2026/04/19 10:00,d8,0
2026/04/19 10:00,d9,0
2026/04/19 10:00,d10,0.921
2026/04/19 11:00,二级站出口,3.9734
2026/04/19 11:00,d0,0.581
2026/04/19 11:00,d1,1.28088750539
2026/04/19 11:00,d2,1.16436617381
2026/04/19 11:00,d3,1.8211463208
2026/04/19 11:00,d4,2.107
2026/04/19 11:00,d5,0.74
2026/04/19 11:00,d6,0
2026/04/19 11:00,d7,0
2026/04/19 11:00,d8,0
2026/04/19 11:00,d9,0
2026/04/19 11:00,d10,0.909
2026/04/19 12:00,二级站出口,3.988
2026/04/19 12:00,d0,0.5906
2026/04/19 12:00,d1,1.28240003713
2026/04/19 12:00,d2,1.1621031475
2026/04/19 12:00,d3,1.82329681536
2026/04/19 12:00,d4,2.107
2026/04/19 12:00,d5,0.741666666667
2026/04/19 12:00,d6,0
2026/04/19 12:00,d7,0
2026/04/19 12:00,d8,0
2026/04/19 12:00,d9,0
2026/04/19 12:00,d10,0.912
2026/04/19 13:00,二级站出口,3.98883333333
2026/04/19 13:00,d0,0.6442
2026/04/19 13:00,d1,1.25260316182
2026/04/19 13:00,d2,1.13406476571
2026/04/19 13:00,d3,1.78093207247
2026/04/19 13:00,d4,2.107
2026/04/19 13:00,d5,0.75
2026/04/19 13:00,d6,0
2026/04/19 13:00,d7,0
2026/04/19 13:00,d8,0
2026/04/19 13:00,d9,0
2026/04/19 13:00,d10,0.9342
2026/04/19 14:00,二级站出口,3.96866666667
2026/04/19 14:00,d0,0.6234
2026/04/19 14:00,d1,1.26424965623
2026/04/19 14:00,d2,1.18685946316
2026/04/19 14:00,d3,1.7974908806
2026/04/19 14:00,d4,2.107
2026/04/19 14:00,d5,0.72
2026/04/19 14:00,d6,0
2026/04/19 14:00,d7,0
2026/04/19 14:00,d8,0
2026/04/19 14:00,d9,0
2026/04/19 14:00,d10,0.9478
2026/04/19 15:00,二级站出口,3.9686
2026/04/19 15:00,d0,0.6202
2026/04/19 15:00,d1,1.26697221337
2026/04/19 15:00,d2,1.18146601581
2026/04/19 15:00,d3,1.80136177082
2026/04/19 15:00,d4,2.107
2026/04/19 15:00,d5,0.72
2026/04/19 15:00,d6,0
2026/04/19 15:00,d7,0
2026/04/19 15:00,d8,0
2026/04/19 15:00,d9,0
2026/04/19 15:00,d10,0.9468
2026/04/19 16:00,二级站出口,3.9778
2026/04/19 16:00,d0,0.5898
2026/04/19 16:00,d1,1.28020686611
2026/04/19 16:00,d2,1.16061453565
2026/04/19 16:00,d3,1.82017859825
2026/04/19 16:00,d4,1.99
2026/04/19 16:00,d5,0.72
2026/04/19 16:00,d6,0
2026/04/19 16:00,d7,0
2026/04/19 16:00,d8,0
2026/04/19 16:00,d9,0
2026/04/19 16:00,d10,0.945
2026/04/19 17:00,二级站出口,3.979
2026/04/19 17:00,d0,0.5416
2026/04/19 17:00,d1,1.29729847479
2026/04/19 17:00,d2,1.1620223384
2026/04/19 17:00,d3,1.84447918681
2026/04/19 17:00,d4,1.99
2026/04/19 17:00,d5,0.72
2026/04/19 17:00,d6,0
2026/04/19 17:00,d7,0
2026/04/19 17:00,d8,0
2026/04/19 17:00,d9,0
2026/04/19 17:00,d10,0.9414
2026/04/19 18:00,二级站出口,3.9684
2026/04/19 18:00,d0,0.508
2026/04/19 18:00,d1,1.30856683626
2026/04/19 18:00,d2,1.08233279243
2026/04/19 18:00,d3,1.8605003713
2026/04/19 18:00,d4,1.99
2026/04/19 18:00,d5,0.74
2026/04/19 18:00,d6,0
2026/04/19 18:00,d7,0
2026/04/19 18:00,d8,0
2026/04/19 18:00,d9,0
2026/04/19 18:00,d10,0.946
2026/04/19 19:00,二级站出口,3.9708
2026/04/19 19:00,d0,0.414
2026/04/19 19:00,d1,1.34388445243
2026/04/19 19:00,d2,1.15160112821
2026/04/19 19:00,d3,1.91071441935
2026/04/19 19:00,d4,1.99
2026/04/19 19:00,d5,0.77
2026/04/19 19:00,d6,0
2026/04/19 19:00,d7,0
2026/04/19 19:00,d8,0
2026/04/19 19:00,d9,0
2026/04/19 19:00,d10,0.941
2026/04/19 20:00,二级站出口,3.96666666667
2026/04/19 20:00,d0,0.389
2026/04/19 20:00,d1,1.35711910517
2026/04/19 20:00,d2,0.997949648048
2026/04/19 20:00,d3,1.92953124678
2026/04/19 20:00,d4,1.697
2026/04/19 20:00,d5,0.77
2026/04/19 20:00,d6,0
2026/04/19 20:00,d7,0
2026/04/19 20:00,d8,0
2026/04/19 20:00,d9,0
2026/04/19 20:00,d10,0.943
2026/04/19 21:00,二级站出口,3.96416666667
2026/04/19 21:00,d0,0.385
2026/04/19 21:00,d1,1.35220337701
2026/04/19 21:00,d2,0.997654483539
2026/04/19 21:00,d3,1.92254213945
2026/04/19 21:00,d4,1.697
2026/04/19 21:00,d5,0.77
2026/04/19 21:00,d6,0
2026/04/19 21:00,d7,0
2026/04/19 21:00,d8,0
2026/04/19 21:00,d9,0
2026/04/19 21:00,d10,0.9406
2026/04/19 22:00,二级站出口,3.9754
2026/04/19 22:00,d0,0.3424
2026/04/19 22:00,d1,1.37148815672
2026/04/19 22:00,d2,1.01595089815
2026/04/19 22:00,d3,1.94996094513
2026/04/19 22:00,d4,1.697
2026/04/19 22:00,d5,0.762
2026/04/19 22:00,d6,0
2026/04/19 22:00,d7,0
2026/04/19 22:00,d8,0
2026/04/19 22:00,d9,0
2026/04/19 22:00,d10,0.873
2026/04/19 23:00,二级站出口,3.967
2026/04/19 23:00,d0,0.2986
2026/04/19 23:00,d1,1.38736974
2026/04/19 23:00,d2,1.02142245529
2026/04/19 23:00,d3,1.97254113804
2026/04/19 23:00,d4,1.697
2026/04/19 23:00,d5,0.75
2026/04/19 23:00,d6,0
2026/04/19 23:00,d7,0
2026/04/19 23:00,d8,0
2026/04/19 23:00,d9,0
2026/04/19 23:00,d10,0.864333333333
2026/04/20 00:00,二级站出口,3.971
2026/04/20 00:00,d0,0.301
2026/04/20 00:00,d1,1.3862353412
2026/04/20 00:00,d2,1.02203639168
2026/04/20 00:00,d3,1.97092826712
2026/04/20 00:00,d4,1.697
2026/04/20 00:00,d5,0.72
2026/04/20 00:00,d6,0
2026/04/20 00:00,d7,0
2026/04/20 00:00,d8,0
2026/04/20 00:00,d9,0
2026/04/20 00:00,d10,0.8695
2026/04/20 01:00,二级站出口,3.9652
2026/04/20 01:00,d0,0.2786
2026/04/20 01:00,d1,1.39568866458
2026/04/20 01:00,d2,1.02594247728
2026/04/20 01:00,d3,1.98436885814
2026/04/20 01:00,d4,1.697
2026/04/20 01:00,d5,0.72
2026/04/20 01:00,d6,0
2026/04/20 01:00,d7,0
2026/04/20 01:00,d8,0
2026/04/20 01:00,d9,0
2026/04/20 01:00,d10,0.8672
2026/04/20 02:00,二级站出口,2.636
2026/04/20 02:00,d0,0.2842
2026/04/20 02:00,d1,0.890881195815
2026/04/20 02:00,d2,0.915277506492
2026/04/20 02:00,d3,1.26664129769
2026/04/20 02:00,d4,1.697
2026/04/20 02:00,d5,0.72
2026/04/20 02:00,d6,0
2026/04/20 02:00,d7,0
2026/04/20 02:00,d8,0
2026/04/20 02:00,d9,0
2026/04/20 02:00,d10,0.872
2026/04/20 03:00,二级站出口,2.636
2026/04/20 03:00,d0,0.2724
2026/04/20 03:00,d1,0.892393727557
2026/04/20 03:00,d2,0.914614480188
2026/04/20 03:00,d3,1.26879179226
2026/04/20 03:00,d4,1.697
2026/04/20 03:00,d5,0.72
2026/04/20 03:00,d6,0
2026/04/20 03:00,d7,0
2026/04/20 03:00,d8,0
2026/04/20 03:00,d9,0
2026/04/20 03:00,d10,0.863
2026/04/20 04:00,二级站出口,2.6354
2026/04/20 04:00,d0,0.27
2026/04/20 04:00,d1,0.895116284692
2026/04/20 04:00,d2,0.915421032839
2026/04/20 04:00,d3,1.27266268247
2026/04/20 04:00,d4,1.697
2026/04/20 04:00,d5,0.72
2026/04/20 04:00,d6,0
2026/04/20 04:00,d7,0
2026/04/20 04:00,d8,0
2026/04/20 04:00,d9,0
2026/04/20 04:00,d10,0.864
2026/04/20 05:00,二级站出口,2.642
2026/04/20 05:00,d0,0.27
2026/04/20 05:00,d1,0.896250683498
2026/04/20 05:00,d2,0.91567376311
2026/04/20 05:00,d3,1.27427555339
2026/04/20 05:00,d4,1.697
2026/04/20 05:00,d5,0.72
2026/04/20 05:00,d6,0
2026/04/20 05:00,d7,0
2026/04/20 05:00,d8,0
2026/04/20 05:00,d9,0
2026/04/20 05:00,d10,0.8682
2026/04/20 06:00,二级站出口,2.64
2026/04/20 06:00,d0,0.266
2026/04/20 06:00,d1,0.895191911279
2026/04/20 06:00,d2,0.914437881524
2026/04/20 06:00,d3,1.2727702072
2026/04/20 06:00,d4,1.697
2026/04/20 06:00,d5,0.721666666667
2026/04/20 06:00,d6,0
2026/04/20 06:00,d7,0
2026/04/20 06:00,d8,0
2026/04/20 06:00,d9,0
2026/04/20 06:00,d10,0.8638
2026/04/20 07:00,二级站出口,2.635
2026/04/20 07:00,d0,0.266
2026/04/20 07:00,d1,0.898065721588
2026/04/20 07:00,d2,0.915078131545
2026/04/20 07:00,d3,1.27685614687
2026/04/20 07:00,d4,1.697
2026/04/20 07:00,d5,0.72
2026/04/20 07:00,d6,0
2026/04/20 07:00,d7,0
2026/04/20 07:00,d8,0
2026/04/20 07:00,d9,0
2026/04/20 07:00,d10,0.864
2026/04/20 08:00,二级站出口,2.6438
2026/04/20 08:00,d0,0.311
2026/04/20 08:00,d1,0.881276619256
2026/04/20 08:00,d2,0.908837723528
2026/04/20 08:00,d3,1.25298565722
2026/04/20 08:00,d4,1.697
2026/04/20 08:00,d5,0.72
2026/04/20 08:00,d6,0
2026/04/20 08:00,d7,0
2026/04/20 08:00,d8,0
2026/04/20 08:00,d9,0
2026/04/20 08:00,d10,0.862333333333
2026/04/20 09:00,二级站出口,2.643
2026/04/20 09:00,d0,0.309
2026/04/20 09:00,d1,0.882184138301
2026/04/20 09:00,d2,0.894739907745
2026/04/20 09:00,d3,1.25427595395
2026/04/20 09:00,d4,1.697
2026/04/20 09:00,d5,0.72
2026/04/20 09:00,d6,0
2026/04/20 09:00,d7,0
2026/04/20 09:00,d8,0
2026/04/20 09:00,d9,0
2026/04/20 09:00,d10,0.857
2026/04/20 10:00,二级站出口,2.64533333333
2026/04/20 10:00,d0,0.2564
2026/04/20 10:00,d1,0.901771424355
2026/04/20 10:00,d2,0.878103717098
2026/04/20 10:00,d3,1.28212485855
2026/04/20 10:00,d4,1.606
2026/04/20 10:00,d5,0.72
2026/04/20 10:00,d6,0
2026/04/20 10:00,d7,0
2026/04/20 10:00,d8,0
2026/04/20 10:00,d9,0
2026/04/20 10:00,d10,0.8644
2026/04/20 11:00,二级站出口,2.64633333333
2026/04/20 11:00,d0,0.2592
2026/04/20 11:00,d1,0.901847050942
2026/04/20 11:00,d2,0.876920565783
2026/04/20 11:00,d3,1.28223238328
2026/04/20 11:00,d4,1.606
2026/04/20 11:00,d5,0.712
2026/04/20 11:00,d6,0
2026/04/20 11:00,d7,0
2026/04/20 11:00,d8,0
2026/04/20 11:00,d9,0
2026/04/20 11:00,d10,0.8616
2026/04/20 12:00,二级站出口,2.6536
2026/04/20 12:00,d0,0.2546
2026/04/20 12:00,d1,0.905704006883
2026/04/20 12:00,d2,0.898779848706
2026/04/20 12:00,d3,1.28771614441
2026/04/20 12:00,d4,1.606
2026/04/20 12:00,d5,0.718
2026/04/20 12:00,d6,0
2026/04/20 12:00,d7,0
2026/04/20 12:00,d8,0
2026/04/20 12:00,d9,0
2026/04/20 12:00,d10,0.8634
2026/04/20 13:00,二级站出口,2.6502
2026/04/20 13:00,d0,0.2852
2026/04/20 13:00,d1,0.888234265268
2026/04/20 13:00,d2,0.889221135859
2026/04/20 13:00,d3,1.26287793221
2026/04/20 13:00,d4,1.606
2026/04/20 13:00,d5,0.71
2026/04/20 13:00,d6,0
2026/04/20 13:00,d7,0
2026/04/20 13:00,d8,0
2026/04/20 13:00,d9,0
2026/04/20 13:00,d10,0.869
2026/04/20 14:00,二级站出口,2.6636
2026/04/20 14:00,d0,0.2834
2026/04/20 14:00,d1,0.903359582684
2026/04/20 14:00,d2,0.886057539478
2026/04/20 14:00,d3,1.28438287784
2026/04/20 14:00,d4,1.606
2026/04/20 14:00,d5,0.72
2026/04/20 14:00,d6,0
2026/04/20 14:00,d7,0
2026/04/20 14:00,d8,0
2026/04/20 14:00,d9,0
2026/04/20 14:00,d10,0.8562
2026/04/20 15:00,二级站出口,2.66433333333
2026/04/20 15:00,d0,0.2834
2026/04/20 15:00,d1,0.89957825333
2026/04/20 15:00,d2,0.88441510524
2026/04/20 15:00,d3,1.27900664143
2026/04/20 15:00,d4,1.606
2026/04/20 15:00,d5,0.73
2026/04/20 15:00,d6,0
2026/04/20 15:00,d7,0
2026/04/20 15:00,d8,0
2026/04/20 15:00,d9,0
2026/04/20 15:00,d10,0.8624
2026/04/20 16:00,二级站出口,2.676
2026/04/20 16:00,d0,0.2844
2026/04/20 16:00,d1,0.894662525169
2026/04/20 16:00,d2,0.88331994073
2026/04/20 16:00,d3,1.2720175341
2026/04/20 16:00,d4,1.55
2026/04/20 16:00,d5,0.73
2026/04/20 16:00,d6,0
2026/04/20 16:00,d7,0
2026/04/20 16:00,d8,0
2026/04/20 16:00,d9,0
2026/04/20 16:00,d10,0.837
2026/04/20 17:00,二级站出口,2.647
2026/04/20 17:00,d0,0.277
2026/04/20 17:00,d1,0.890956822402
2026/04/20 17:00,d2,0.881494355177
2026/04/20 17:00,d3,1.26674882242
2026/04/20 17:00,d4,1.463
2026/04/20 17:00,d5,0.73
2026/04/20 17:00,d6,0
2026/04/20 17:00,d7,0
2026/04/20 17:00,d8,0
2026/04/20 17:00,d9,0
2026/04/20 17:00,d10,0.8322
2026/04/20 18:00,二级站出口,2.656
2026/04/20 18:00,d0,0.2776
2026/04/20 18:00,d1,0.898670734285
2026/04/20 18:00,d2,0.879212921023
2026/04/20 18:00,d3,1.27771634469
2026/04/20 18:00,d4,1.463
2026/04/20 18:00,d5,0.73
2026/04/20 18:00,d6,0
2026/04/20 18:00,d7,0
2026/04/20 18:00,d8,0
2026/04/20 18:00,d9,0
2026/04/20 18:00,d10,0.8294
2026/04/20 19:00,二级站出口,2.656
2026/04/20 19:00,d0,0.2744
2026/04/20 19:00,d1,0.899880759678
2026/04/20 19:00,d2,0.878882499979
2026/04/20 19:00,d3,1.27943674034
2026/04/20 19:00,d4,1.463
2026/04/20 19:00,d5,0.73
2026/04/20 19:00,d6,0
2026/04/20 19:00,d7,0
2026/04/20 19:00,d8,0
2026/04/20 19:00,d9,0
2026/04/20 19:00,d10,0.826666666667
2026/04/20 20:00,二级站出口,2.6554
2026/04/20 20:00,d0,0.2278
2026/04/20 20:00,d1,0.917047994945
2026/04/20 20:00,d2,0.905973818087
2026/04/20 20:00,d3,1.30384485363
2026/04/20 20:00,d4,1.345
2026/04/20 20:00,d5,0.73
2026/04/20 20:00,d6,0
2026/04/20 20:00,d7,0
2026/04/20 20:00,d8,0
2026/04/20 20:00,d9,0
2026/04/20 20:00,d10,0.803
2026/04/20 21:00,二级站出口,2.653
2026/04/20 21:00,d0,0.2282
2026/04/20 21:00,d1,0.916821115184
2026/04/20 21:00,d2,0.900589938699
2026/04/20 21:00,d3,1.30352227945
2026/04/20 21:00,d4,1.345
2026/04/20 21:00,d5,0.73
2026/04/20 21:00,d6,0
2026/04/20 21:00,d7,0
2026/04/20 21:00,d8,0
2026/04/20 21:00,d9,0
2026/04/20 21:00,d10,0.769
2026/04/20 22:00,二级站出口,2.6466
2026/04/20 22:00,d0,0.230333333333
2026/04/20 22:00,d1,0.914552317572
2026/04/20 22:00,d2,0.888084478156
2026/04/20 22:00,d3,1.30029653761
2026/04/20 22:00,d4,1.345
2026/04/20 22:00,d5,0.728
2026/04/20 22:00,d6,0
2026/04/20 22:00,d7,0
2026/04/20 22:00,d8,0
2026/04/20 22:00,d9,0
2026/04/20 22:00,d10,0.757
2026/04/20 23:00,二级站出口,2.644
2026/04/20 23:00,d0,0.164
2026/04/20 23:00,d1,0.939376744781
2026/04/20 23:00,d2,0.892781725596
2026/04/20 23:00,d3,1.33559152962
2026/04/20 23:00,d4,1.345
2026/04/20 23:00,d5,0.73
2026/04/20 23:00,d6,0
2026/04/20 23:00,d7,0
2026/04/20 23:00,d8,0
2026/04/20 23:00,d9,0
2026/04/20 23:00,d10,0.758
2026/04/21 00:00,二级站出口,2.6465
2026/04/21 00:00,d0,0.166
2026/04/21 00:00,d1,0.938979705199
2026/04/21 00:00,d2,0.897793270001
2026/04/21 00:00,d3,1.3350270248
2026/04/21 00:00,d4,1.345
2026/04/21 00:00,d5,0.73
2026/04/21 00:00,d6,0
2026/04/21 00:00,d7,0
2026/04/21 00:00,d8,0
2026/04/21 00:00,d9,0
2026/04/21 00:00,d10,0.75
2026/04/21 01:00,二级站出口,2.648
2026/04/21 01:00,d0,0.1432
2026/04/21 01:00,d1,0.945332338514
2026/04/21 01:00,d2,0.766608559521
2026/04/21 01:00,d3,1.34405910197
2026/04/21 01:00,d4,1.345
2026/04/21 01:00,d5,0.73
2026/04/21 01:00,d6,0
2026/04/21 01:00,d7,0
2026/04/21 01:00,d8,0
2026/04/21 01:00,d9,0
2026/04/21 01:00,d10,0.746
2026/04/21 02:00,二级站出口,2.6446
2026/04/21 02:00,d0,0.1412
2026/04/21 02:00,d1,0.94646673732
2026/04/21 02:00,d2,0.765661289792
2026/04/21 02:00,d3,1.34567197289
2026/04/21 02:00,d4,1.345
2026/04/21 02:00,d5,0.73
2026/04/21 02:00,d6,0
2026/04/21 02:00,d7,0
2026/04/21 02:00,d8,0
2026/04/21 02:00,d9,0
2026/04/21 02:00,d10,0.7532
2026/04/21 03:00,二级站出口,2.6426
2026/04/21 03:00,d0,0.141
2026/04/21 03:00,d1,0.947979269062
2026/04/21 03:00,d2,0.766198263487
2026/04/21 03:00,d3,1.34782246745
2026/04/21 03:00,d4,1.345
2026/04/21 03:00,d5,0.73
2026/04/21 03:00,d6,0
2026/04/21 03:00,d7,0
2026/04/21 03:00,d8,0
2026/04/21 03:00,d9,0
2026/04/21 03:00,d10,0.7556
2026/04/21 04:00,二级站出口,2.649
2026/04/21 04:00,d0,0.117
2026/04/21 04:00,d1,0.9500968135
2026/04/21 04:00,d2,0.766670026661
2026/04/21 04:00,d3,1.35083315984
2026/04/21 04:00,d4,1.345
2026/04/21 04:00,d5,0.74
2026/04/21 04:00,d6,0
2026/04/21 04:00,d7,0
2026/04/21 04:00,d8,0
2026/04/21 04:00,d9,0
2026/04/21 04:00,d10,0.7536
2026/04/21 05:00,二级站出口,2.6442
2026/04/21 05:00,d0,0.0986
2026/04/21 05:00,d1,0.963028959891
2026/04/21 05:00,d2,0.921951151755
2026/04/21 05:00,d3,1.36921988835
2026/04/21 05:00,d4,1.345
2026/04/21 05:00,d5,0.73
2026/04/21 05:00,d6,0
2026/04/21 05:00,d7,0
2026/04/21 05:00,d8,0
2026/04/21 05:00,d9,0
2026/04/21 05:00,d10,0.749
2026/04/21 06:00,二级站出口,2.6436
2026/04/21 06:00,d0,0.0986
2026/04/21 06:00,d1,0.963104586478
2026/04/21 06:00,d2,0.75756800044
2026/04/21 06:00,d3,1.36932741308
2026/04/21 06:00,d4,1.345
2026/04/21 06:00,d5,0.74
2026/04/21 06:00,d6,0
2026/04/21 06:00,d7,0
2026/04/21 06:00,d8,0
2026/04/21 06:00,d9,0
2026/04/21 06:00,d10,0.7132
2026/04/21 07:00,二级站出口,2.6464
2026/04/21 07:00,d0,0.0158
2026/04/21 07:00,d1,0.998119696296
2026/04/21 07:00,d2,0.910368941484
2026/04/21 07:00,d3,1.41911136222
2026/04/21 07:00,d4,1.777
2026/04/21 07:00,d5,0.72
2026/04/21 07:00,d6,0
2026/04/21 07:00,d7,0
2026/04/21 07:00,d8,0
2026/04/21 07:00,d9,0
2026/04/21 07:00,d10,0.6982
2026/04/21 08:00,二级站出口,2.644
2026/04/21 08:00,d0,0.012
2026/04/21 08:00,d1,0.995245885987
2026/04/21 08:00,d2,0.748128691463
2026/04/21 08:00,d3,1.41502542255
2026/04/21 08:00,d4,1.658
2026/04/21 08:00,d5,0.72
2026/04/21 08:00,d6,0
2026/04/21 08:00,d7,0
2026/04/21 08:00,d8,0
2026/04/21 08:00,d9,0
2026/04/21 08:00,d10,0.636
2026/04/21 09:00,二级站出口,2.6444
2026/04/21 09:00,d0,0.012
2026/04/21 09:00,d1,0.99698529749
2026/04/21 09:00,d2,0.746316211213
2026/04/21 09:00,d3,1.4174984913
2026/04/21 09:00,d4,1.424
2026/04/21 09:00,d5,0.72
2026/04/21 09:00,d6,0
2026/04/21 09:00,d7,0
2026/04/21 09:00,d8,0
2026/04/21 09:00,d9,0
2026/04/21 09:00,d10,0.645
2026/04/21 10:00,二级站出口,2.6416
2026/04/21 10:00,d0,0.012
2026/04/21 10:00,d1,0.994716499878
2026/04/21 10:00,d2,0.68121075067
2026/04/21 10:00,d3,1.41427274945
2026/04/21 10:00,d4,1.295
2026/04/21 10:00,d5,0.72
2026/04/21 10:00,d6,0
2026/04/21 10:00,d7,0
2026/04/21 10:00,d8,0
2026/04/21 10:00,d9,0
2026/04/21 10:00,d10,0.644
2026/04/21 11:00,二级站出口,1.2885
2026/04/21 11:00,d0,0.012
2026/04/21 11:00,d1,0.482648878752
2026/04/21 11:00,d2,0.576728306149
2026/04/21 11:00,d3,0.686222815099
2026/04/21 11:00,d4,1.295
2026/04/21 11:00,d5,0.72
2026/04/21 11:00,d6,0
2026/04/21 11:00,d7,0
2026/04/21 11:00,d8,0
2026/04/21 11:00,d9,0
2026/04/21 11:00,d10,0.638
2026/04/21 12:00,二级站出口,1.2808
2026/04/21 12:00,d0,0.012
2026/04/21 12:00,d1,0.484010157319
2026/04/21 12:00,d2,0.574831582475
2026/04/21 12:00,d3,0.688158260206
2026/04/21 12:00,d4,1.295
2026/04/21 12:00,d5,0.72
2026/04/21 12:00,d6,0
2026/04/21 12:00,d7,0
2026/04/21 12:00,d8,0
2026/04/21 12:00,d9,0
2026/04/21 12:00,d10,0.639
2026/04/21 13:00,二级站出口,0
2026/04/21 13:00,d0,0.012
2026/04/21 13:00,d1,0
2026/04/21 13:00,d2,0.467
2026/04/21 13:00,d3,0
2026/04/21 13:00,d4,1.295
2026/04/21 13:00,d5,0.65
2026/04/21 13:00,d6,0
2026/04/21 13:00,d7,0
2026/04/21 13:00,d8,0
2026/04/21 13:00,d9,0
2026/04/21 13:00,d10,0.6032
2026/04/21 14:00,二级站出口,0
2026/04/21 14:00,d0,0.012
2026/04/21 14:00,d1,0
2026/04/21 14:00,d2,0.415
2026/04/21 14:00,d3,0
2026/04/21 14:00,d4,1.295
2026/04/21 14:00,d5,0.63
2026/04/21 14:00,d6,0
2026/04/21 14:00,d7,0
2026/04/21 14:00,d8,0
2026/04/21 14:00,d9,0
2026/04/21 14:00,d10,0.6128
2026/04/21 15:00,二级站出口,0
2026/04/21 15:00,d0,0.012
2026/04/21 15:00,d1,0
2026/04/21 15:00,d2,0.4132
2026/04/21 15:00,d3,0
2026/04/21 15:00,d4,1.295
2026/04/21 15:00,d5,0.636
2026/04/21 15:00,d6,0
2026/04/21 15:00,d7,0
2026/04/21 15:00,d8,0
2026/04/21 15:00,d9,0
2026/04/21 15:00,d10,0.619166666667
2026/04/21 16:00,二级站出口,0
2026/04/21 16:00,d0,0.012
2026/04/21 16:00,d1,0
2026/04/21 16:00,d2,0.3998
2026/04/21 16:00,d3,0
2026/04/21 16:00,d4,0
2026/04/21 16:00,d5,0.61
2026/04/21 16:00,d6,0
2026/04/21 16:00,d7,0
2026/04/21 16:00,d8,0
2026/04/21 16:00,d9,0
2026/04/21 16:00,d10,0.615
2026/04/21 17:00,二级站出口,0
2026/04/21 17:00,d0,0.012
2026/04/21 17:00,d1,0
2026/04/21 17:00,d2,0.237
2026/04/21 17:00,d3,0
2026/04/21 17:00,d4,0
2026/04/21 17:00,d5,0.61
2026/04/21 17:00,d6,0
2026/04/21 17:00,d7,0
2026/04/21 17:00,d8,0
2026/04/21 17:00,d9,0
2026/04/21 17:00,d10,0.6076
2026/04/21 18:00,二级站出口,0
2026/04/21 18:00,d0,0.012
2026/04/21 18:00,d1,0
2026/04/21 18:00,d2,0
2026/04/21 18:00,d3,0
2026/04/21 18:00,d4,0
2026/04/21 18:00,d5,0.61
2026/04/21 18:00,d6,0
2026/04/21 18:00,d7,0
2026/04/21 18:00,d8,0
2026/04/21 18:00,d9,0
2026/04/21 18:00,d10,0.388
