tm,obj,q
2025/9/1 10:00,富家岭节制闸,0.48
2025/9/1 9:45,富家岭节制闸,0.48
2025/9/1 9:30,富家岭节制闸,0.48
2025/9/1 9:15,富家岭节制闸,0.48
2025/9/1 9:00,富家岭节制闸,0.72
2025/9/1 8:45,富家岭节制闸,0.72
2025/9/1 8:30,富家岭节制闸,0.72
2025/9/1 8:15,富家岭节制闸,0.72
2025/9/1 8:00,富家岭节制闸,0.72
2025/9/1 7:45,富家岭节制闸,0.72
2025/9/1 7:30,富家岭节制闸,0.72
2025/9/1 7:15,富家岭节制闸,0.72
2025/9/1 7:00,富家岭节制闸,0.72
2025/9/1 6:45,富家岭节制闸,0.72
2025/9/1 6:30,富家岭节制闸,0.72
2025/9/1 6:15,富家岭节制闸,0.72
2025/9/1 6:00,富家岭节制闸,0.72
2025/9/1 5:45,富家岭节制闸,0.72
2025/9/1 5:30,富家岭节制闸,0.72
2025/9/1 5:15,富家岭节制闸,0.72
2025/9/1 5:00,富家岭节制闸,0.68
2025/9/1 4:45,富家岭节制闸,0.45
2025/9/1 4:30,富家岭节制闸,0.45
2025/9/1 4:15,富家岭节制闸,0.45
2025/9/1 4:00,富家岭节制闸,0.45
2025/9/1 3:45,富家岭节制闸,0.45
2025/9/1 3:30,富家岭节制闸,0.45
2025/9/1 3:15,富家岭节制闸,0.45
2025/9/1 3:00,富家岭节制闸,0.45
2025/9/1 2:45,富家岭节制闸,0.45
2025/9/1 2:30,富家岭节制闸,0.45
,,
,,
,,
,,
,,
,,
,,
,,
,,
,,
,,
,,
,,
,,
,,
,,
,,
,,
,,
,,
,,
,,
,,
,,
,,
,,
,,
,,
,,
,,
,,
