time,state_time,q_base_planned_m3s,q_command_m3s,source_Q_m3s,opening_observed_m,opening_command_m,q_lower,q_upper,h_sim_m,h_target_m
2026-04-14T00:00:00,2026-04-14T01:00:00,0.0,0.0,2.625,0.25,0.25,0.0,0.0,1.2079858802270564,1.534
2026-04-14T01:00:00,2026-04-14T02:00:00,0.702,0.4913999999999999,2.621,0.25,0.25,0.4913999999999999,0.4913999999999999,1.2343426521288166,1.54
2026-04-14T02:00:00,2026-04-14T03:00:00,0.696,0.6264,2.633,0.2,0.2,0.6264,0.6264,1.4132808041634917,1.53
2026-04-14T03:00:00,2026-04-14T04:00:00,0.697,0.6273,2.636,0.2,0.2,0.6273,0.6273,1.449739045612887,1.54
2026-04-14T04:00:00,2026-04-14T05:00:00,0.616,0.5544,2.634,0.2,0.2,0.5544,0.5544,1.4727702789241448,1.54
2026-04-14T05:00:00,2026-04-14T06:00:00,0.54,0.432,2.642,0.2,0.2,0.432,0.432,1.500061718637994,1.56
2026-04-14T06:00:00,2026-04-14T07:00:00,0.559,0.6708000000000001,2.651,0.2,0.2,0.6708000000000001,0.6708000000000001,1.5172418146437394,1.56
2026-04-14T07:00:00,2026-04-14T08:00:00,0.561,0.6732,2.644,0.2,0.2,0.6732,0.6732,1.516789460943755,1.56
2026-04-14T08:00:00,2026-04-14T09:00:00,0.599,0.7188,2.648,0.2,0.2,0.7188,0.7188,1.513869965233198,1.56
2026-04-14T09:00:00,2026-04-14T10:00:00,0.597,0.7163999999999999,2.65,0.2,0.2,0.7163999999999999,0.7163999999999999,1.5086417164316115,1.466
2026-04-14T10:00:00,2026-04-14T11:00:00,0.652,0.5216000000000001,2.643,0.3,0.3,0.5216000000000001,0.5216000000000001,1.153645275220697,1.3633333333333335
2026-04-14T11:00:00,2026-04-14T12:00:00,0.636,0.5088,2.643,0.3,0.3,0.5088,0.5088,1.083352966595271,1.29
2026-04-14T12:00:00,2026-04-14T13:00:00,0.628,0.5024000000000001,2.641,0.3,0.3,0.5024000000000001,0.5024000000000001,1.0741086023236903,1.24
2026-04-14T13:00:00,2026-04-14T14:00:00,0.651,0.4557,2.635,0.3,0.3,0.4557,0.4557,1.071572469862872,1.2816666666666667
2026-04-14T14:00:00,2026-04-14T15:00:00,0.649,0.7788,2.63,0.2,0.2,0.7788,0.7788,1.3546689540730767,1.36
2026-04-14T15:00:00,2026-04-14T16:00:00,0.601,0.7212,2.652,0.2,0.2,0.7212,0.7212,1.3906296897605444,1.42
2026-04-14T16:00:00,2026-04-14T17:00:00,0.604,0.7248,2.659,0.2,0.2,0.7248,0.7248,1.4078625014739146,1.4533333333333334
2026-04-14T17:00:00,2026-04-14T18:00:00,0.593,0.7115999999999999,2.645,0.2,0.2,0.7115999999999999,0.7115999999999999,1.4180565599253896,1.482
2026-04-14T18:00:00,2026-04-14T19:00:00,0.589,0.6046453125,2.649,0.2,0.2,0.6046453125,0.6046453125,1.4312734546388128,1.51
2026-04-14T19:00:00,2026-04-14T20:00:00,0.591,0.7091999999999999,2.645,0.2,0.2,0.7091999999999999,0.7091999999999999,1.443477771216294,1.52
2026-04-14T20:00:00,2026-04-14T21:00:00,0.596,0.7152,2.653,0.2,0.2,0.7152,0.7152,1.445802140687192,1.53
2026-04-14T21:00:00,2026-04-14T22:00:00,0.598,0.4784,2.648,0.2,0.2,0.4784,0.4784,1.4600433039652216,1.55
2026-04-14T22:00:00,2026-04-14T23:00:00,0.6,0.72,2.656,0.2,0.2,0.72,0.72,1.476140569612653,1.56
2026-04-14T23:00:00,2026-04-15T00:00:00,0.603,0.48616875,2.657,0.2,0.2,0.48616875,0.48616875,1.4869221059740312,1.58
2026-04-15T00:00:00,2026-04-15T01:00:00,0.577,0.6067515625,2.659,0.2,0.2,0.6067515625,0.6067515625,1.5058440154788286,1.6
2026-04-15T01:00:00,2026-04-15T02:00:00,0.58,0.4639999999999999,2.651,0.2,0.2,0.4639999999999999,0.4639999999999999,1.5230076175507747,1.62
2026-04-15T02:00:00,2026-04-15T03:00:00,0.58,0.4639999999999999,2.653,0.2,0.2,0.4639999999999999,0.4639999999999999,1.54722435063195,1.69
2026-04-15T03:00:00,2026-04-15T04:00:00,0.587,0.7043999999999999,2.648,0.15,0.15,0.7043999999999999,0.7043999999999999,1.6999012699740206,1.762
2026-04-15T04:00:00,2026-04-15T05:00:00,0.598,0.7175999999999999,2.644,0.15,0.15,0.7175999999999999,0.7175999999999999,1.7452504927654218,1.812
2026-04-15T05:00:00,2026-04-15T06:00:00,0.612,0.623475,2.64,0.15,0.15,0.623475,0.623475,1.7830033033256996,1.86
2026-04-15T06:00:00,2026-04-15T07:00:00,0.624,0.7488,2.643,0.15,0.15,0.7488,0.7488,1.8104850099103944,1.88
2026-04-15T07:00:00,2026-04-15T08:00:00,0.624,0.7488,2.636,0.15,0.15,0.7488,0.7488,1.8301545698037671,1.89
2026-04-15T08:00:00,2026-04-15T09:00:00,0.512,0.6144,2.645,0.18,0.18,0.6144,0.6144,1.7824348773909833,1.87
2026-04-15T09:00:00,2026-04-15T10:00:00,0.485,0.388,2.653,0.2,0.2,0.388,0.388,1.74232477761484,1.8883333333333328
2026-04-15T10:00:00,2026-04-15T11:00:00,0.471,0.546065625,2.647,0.17,0.17,0.546065625,0.546065625,1.8161543675201983,1.91
2026-04-15T11:00:00,2026-04-15T12:00:00,0.471,0.4378828125,2.632,0.17,0.17,0.4378828125,0.4378828125,1.8459373408953752,1.94
2026-04-15T12:00:00,2026-04-15T13:00:00,0.509,0.9671,2.641,0.17,0.17,0.7635000000000001,0.7635000000000001,1.8434493055333403,1.95
2026-04-15T13:00:00,2026-04-15T14:00:00,0.534,1.0146,2.648,0.17,0.17,0.6174375000000001,0.6174375000000001,1.8212659323608025,1.96
2026-04-15T14:00:00,2026-04-15T15:00:00,0.539,1.0241,2.636,0.17,0.17,0.6737500000000001,0.6737500000000001,1.8007186828373278,1.97
2026-04-15T15:00:00,2026-04-15T16:00:00,0.54,1.026,2.639,0.17,0.17,0.6328125000000001,0.6328125000000001,1.7811815084751288,1.98
2026-04-15T16:00:00,2026-04-15T17:00:00,0.554,1.0526,2.631,0.17,0.17,0.8310000000000001,0.8310000000000001,1.7607608799097534,1.8766666666666665
2026-04-15T17:00:00,2026-04-15T18:00:00,0.578,1.0981999999999998,1.294,0.17,0.17,0.867,0.867,1.7371921087083138,1.686
2026-04-15T18:00:00,2026-04-15T19:00:00,0.565,1.0735,1.292,0.17,0.17,0.8474999999999999,0.8474999999999999,1.6716629883911764,1.515
2026-04-15T19:00:00,2026-04-15T20:00:00,0.538,1.0222,1.289,0.17,0.17,0.807,0.807,1.5682565189862316,1.356
2026-04-15T20:00:00,2026-04-15T21:00:00,0.576,1.0943999999999998,1.288,0.17,0.17,0.8639999999999999,0.8639999999999999,1.4456402015471213,1.2333333333333334
2026-04-15T21:00:00,2026-04-15T22:00:00,0.549,1.0431,1.29,0.15,0.15,0.8235000000000001,0.8235000000000001,1.3753161538321592,1.125
2026-04-15T22:00:00,2026-04-15T23:00:00,0.566,1.0754,1.287,0.15,0.15,0.849,0.849,1.261525868875765,1.02
2026-04-15T23:00:00,2026-04-16T00:00:00,0.557,1.0583,1.286,0.15,0.15,0.8355000000000001,0.8355000000000001,1.1316440061402773,0.908
2026-04-16T00:00:00,2026-04-16T01:00:00,0.557,1.0583,1.286,0.15,0.15,0.8355000000000001,0.8355000000000001,0.9894421333675608,0.862
2026-04-16T01:00:00,2026-04-16T02:00:00,0.528,1.0032,2.642,0.15,0.15,0.792,0.792,0.9216111612598752,1.165
2026-04-16T02:00:00,2026-04-16T03:00:00,0.541,0.4328000000000001,2.637,0.2,0.2,0.4328000000000001,0.4328000000000001,0.911461350900936,1.3250000000000002
2026-04-16T03:00:00,2026-04-16T04:00:00,0.583,0.4664,2.634,0.2,0.2,0.4664,0.4664,0.9728517895542836,1.408
2026-04-16T04:00:00,2026-04-16T05:00:00,0.582,1.1058,2.643,0.2,0.2,0.291,0.291,1.0239659790955784,1.461666666666667
2026-04-16T05:00:00,2026-04-16T06:00:00,0.589,1.1191,2.632,0.2,0.2,0.2945,0.2945,1.0467157629785788,1.51
2026-04-16T06:00:00,2026-04-16T07:00:00,0.592,0.592,2.647,0.2,0.2,0.592,0.592,1.066045155450979,
2026-04-16T07:00:00,2026-04-16T08:00:00,0.598,0.598,2.648,0.15,0.15,0.598,0.598,1.1954025693037238,
2026-04-16T08:00:00,2026-04-16T09:00:00,0.598,1.1362,2.648,0.15,0.15,0.5419375,0.5419375,1.2749169763141026,1.59
2026-04-16T09:00:00,2026-04-16T10:00:00,0.586,1.1134,1.285,0.15,0.15,0.879,0.879,1.2959909369914158,1.45
2026-04-16T10:00:00,2026-04-16T11:00:00,0.595,1.1304999999999998,1.286,0.15,0.15,0.8925,0.8925,1.2861391619761662,1.35
2026-04-16T11:00:00,2026-04-16T12:00:00,0.614,1.1666,1.286,0.12,0.12,0.921,0.921,1.314214196651278,1.258
2026-04-16T12:00:00,2026-04-16T13:00:00,0.617,1.1723,1.286,0.12,0.12,0.9255,0.9255,1.2463486562294293,1.22
2026-04-16T13:00:00,2026-04-16T14:00:00,0.664,1.2616,1.285,0.09,0.09,0.996,0.996,1.2512279676707294,1.158
2026-04-16T14:00:00,2026-04-16T15:00:00,0.655,1.2445,1.29,0.09,0.09,0.9825,0.9825,1.180993425518409,1.12
2026-04-16T15:00:00,2026-04-16T16:00:00,0.658,1.2502,1.29,0.06,0.06,0.987,0.987,1.1958587582120117,1.11
2026-04-16T16:00:00,2026-04-16T17:00:00,0.658,1.2502,1.288,0.06,0.06,0.987,0.987,1.150551465041417,0.798
2026-04-16T17:00:00,2026-04-16T18:00:00,0.655,1.2445,1.288,0.4,0.4,0.3275,0.3275,0.506756542244716,0.832
2026-04-16T18:00:00,2026-04-16T19:00:00,0.643,1.2217,2.651,0.1,0.1,0.9645,0.9645,0.849740668032041,1.05
2026-04-16T19:00:00,2026-04-16T20:00:00,0.627,1.1913,2.649,0.4,0.4,0.3135,0.3135,0.7496623681729488,1.08
2026-04-16T20:00:00,2026-04-16T21:00:00,0.627,1.1913,2.651,0.4,0.4,0.3135,0.3135,0.7801659385477251,1.09
2026-04-16T21:00:00,2026-04-16T22:00:00,0.628,1.1932,2.645,0.5,0.5,0.314,0.314,0.7853460418236864,1.0883333333333334
2026-04-16T22:00:00,2026-04-16T23:00:00,0.629,1.1951,2.648,0.5,0.5,0.3145,0.3145,0.8012472095816747,1.1
2026-04-16T23:00:00,2026-04-17T00:00:00,0.628,1.1932,2.641,0.5,0.5,0.314,0.314,0.8112275011006886,1.1
2026-04-17T00:00:00,2026-04-17T01:00:00,0.629,1.1951,2.65,0.5,0.5,0.3145,0.3145,0.823311918894774,1.1
2026-04-17T01:00:00,2026-04-17T02:00:00,0.627,1.1913,2.647,0.5,0.5,0.3135,0.3135,0.8351480668146678,1.102
2026-04-17T02:00:00,2026-04-17T03:00:00,0.627,0.7524,2.648,0.5,0.5,0.7524,0.7524,0.8514473150236199,0.958
2026-04-17T03:00:00,2026-04-17T04:00:00,0.582,0.4656,3.982,0.5,0.5,0.4656,0.4656,0.9188752702115152,1.126
2026-04-17T04:00:00,2026-04-17T05:00:00,0.622,0.4353999999999999,3.979,0.5,0.5,0.4353999999999999,0.4353999999999999,0.9689077291033072,1.232
2026-04-17T05:00:00,2026-04-17T06:00:00,0.548,0.3836,3.982,0.5,0.5,0.3836,0.3836,1.043823467596212,1.4633333333333334
2026-04-17T06:00:00,2026-04-17T07:00:00,0.564,0.3947999999999999,3.978,0.45,0.45,0.3947999999999999,0.3947999999999999,1.1294098316479904,1.44
2026-04-17T07:00:00,2026-04-17T08:00:00,0.612,0.4283999999999999,3.973,0.55,0.55,0.4283999999999999,0.4283999999999999,1.115932590679904,1.412
2026-04-17T08:00:00,2026-04-17T09:00:00,0.608,0.4256,3.971,0.55,0.55,0.4256,0.4256,1.12932375138746,1.426
2026-04-17T09:00:00,2026-04-17T10:00:00,0.602,0.4213999999999999,3.952,0.55,0.55,0.4213999999999999,0.4213999999999999,1.1388953397411117,1.4366666666666663
2026-04-17T10:00:00,2026-04-17T11:00:00,0.608,0.4256,3.949,0.55,0.55,0.4256,0.4256,1.1458249435949028,1.4016666666666666
2026-04-17T11:00:00,2026-04-17T12:00:00,0.605,0.4235,3.952,0.55,0.55,0.4235,0.4235,1.1509705172171607,1.39
2026-04-17T12:00:00,2026-04-17T13:00:00,0.66,0.4619999999999999,3.951,0.55,0.55,0.4619999999999999,0.4619999999999999,1.1544436945857797,1.37
2026-04-17T13:00:00,2026-04-17T14:00:00,0.669,0.4683,3.961,0.55,0.55,0.4683,0.4683,1.1568767649105212,1.382
2026-04-17T14:00:00,2026-04-17T15:00:00,0.666,0.4662,3.955,0.5,0.5,0.4662,0.4662,1.1768526102694068,1.398
2026-04-17T15:00:00,2026-04-17T16:00:00,0.669,0.4683,3.94,0.5,0.5,0.4683,0.4683,1.178878025228073,1.42
2026-04-17T16:00:00,2026-04-17T17:00:00,0.67,0.469,3.969,0.5,0.5,0.469,0.469,1.1801849622200962,1.482
2026-04-17T17:00:00,2026-04-17T18:00:00,0.616,0.4311999999999999,3.976,0.42,0.42,0.4311999999999999,0.4311999999999999,1.2426058658078318,1.53
2026-04-17T18:00:00,2026-04-17T19:00:00,0.619,0.4332999999999999,3.971,0.38,0.38,0.4332999999999999,0.4332999999999999,1.3590077165067669,1.59
2026-04-17T19:00:00,2026-04-17T20:00:00,0.621,0.4347,3.97,0.38,0.38,0.4347,0.4347,1.3882388745494154,1.64
2026-04-17T20:00:00,2026-04-17T21:00:00,0.624,0.4367999999999999,3.957,0.38,0.38,0.4367999999999999,0.4367999999999999,1.4061949056923595,1.66
2026-04-17T21:00:00,2026-04-17T22:00:00,0.63,0.4409999999999999,3.95,0.38,0.38,0.4409999999999999,0.4409999999999999,1.4227758364907004,1.74
2026-04-17T22:00:00,2026-04-17T23:00:00,0.636,0.5088,3.947,0.33,0.33,0.5088,0.5088,1.5847386599773472,1.785
2026-04-17T23:00:00,2026-04-18T00:00:00,0.638,0.5104000000000001,3.933,0.33,0.33,0.5104000000000001,0.5104000000000001,1.6225639900475244,1.814
2026-04-18T00:00:00,2026-04-18T01:00:00,0.638,0.5104000000000001,3.946,0.33,0.33,0.5104000000000001,0.5104000000000001,1.6441808783156375,1.84
2026-04-18T01:00:00,2026-04-18T02:00:00,0.647,1.2293,3.95,0.33,0.33,0.3235,0.3235,1.6148437418974029,1.864
2026-04-18T02:00:00,2026-04-18T03:00:00,0.651,1.2369,3.962,0.33,0.33,0.3255,0.3255,1.5491768149501013,1.88
2026-04-18T03:00:00,2026-04-18T04:00:00,0.65,1.235,3.962,0.33,0.33,0.325,0.325,1.4928174711154725,1.89
2026-04-18T04:00:00,2026-04-18T05:00:00,0.651,1.2369,3.955,0.33,0.33,0.9765,0.9765,1.444186511216344,1.7633333333333334
2026-04-18T05:00:00,2026-04-18T06:00:00,0.614,1.1666,2.641,0.33,0.33,0.921,0.921,1.4252696134757343,1.604
2026-04-18T06:00:00,2026-04-18T07:00:00,0.664,1.2616,2.639,0.33,0.33,0.996,0.996,1.4152272324696469,1.468
2026-04-18T07:00:00,2026-04-18T08:00:00,0.684,1.2996,2.648,0.33,0.33,1.026,1.026,1.2889073753736966,1.42
2026-04-18T08:00:00,2026-04-18T09:00:00,0.672,1.2768,2.644,0.28,0.28,1.008,1.008,1.3374587722067872,1.2166666666666666
2026-04-18T09:00:00,2026-04-18T10:00:00,0.736,1.3984,2.643,0.5,0.5,1.104,1.104,1.1438662246514468,1.1
2026-04-18T10:00:00,2026-04-18T11:00:00,0.727,0.8724,2.651,0.6,0.6,0.8724,0.8724,0.981981579207627,1.0333333333333334
2026-04-18T11:00:00,2026-04-18T12:00:00,0.72,0.864,2.641,0.6,0.6,0.864,0.864,0.9578295002838786,1.03
2026-04-18T12:00:00,2026-04-18T13:00:00,0.732,0.5856,3.982,0.6,0.6,0.5856,0.5856,1.0529342729762448,1.2266666666666666
2026-04-18T13:00:00,2026-04-18T14:00:00,0.738,0.5904,3.964,0.6,0.6,0.5904,0.5904,1.1507849592767343,1.24
2026-04-18T14:00:00,2026-04-18T15:00:00,0.737,0.8844,3.974,0.7,0.7,0.8844,0.8844,1.195927523092223,1.15
2026-04-18T15:00:00,2026-04-18T16:00:00,0.721,0.5768,3.997,0.7,0.7,0.5768,0.5768,1.1503930628906571,1.295
2026-04-18T16:00:00,2026-04-18T17:00:00,0.716,0.5728,3.992,0.7,0.7,0.5728,0.5728,1.19829515337085,1.28
2026-04-18T17:00:00,2026-04-18T18:00:00,0.619,0.4952,3.974,0.7,0.7,0.4952,0.4952,1.2426200810442651,1.304
2026-04-18T18:00:00,2026-04-18T19:00:00,0.599,0.4792,3.967,0.7,0.7,0.4792,0.4792,1.2727775073934708,1.35
2026-04-18T19:00:00,2026-04-18T20:00:00,0.529,0.4232,3.954,0.7,0.7,0.4232,0.4232,1.3077267582192462,1.354
2026-04-18T20:00:00,2026-04-18T21:00:00,0.527,0.4216,3.954,0.7,0.7,0.4216,0.4216,1.3411001186881322,1.3833333333333333
2026-04-18T21:00:00,2026-04-18T22:00:00,0.483,0.3864,3.969,0.7,0.7,0.3864,0.3864,1.3662239949128434,1.41
2026-04-18T22:00:00,2026-04-18T23:00:00,0.495,0.594,3.971,0.7,0.7,0.594,0.594,1.375514030841032,1.4
2026-04-18T23:00:00,2026-04-19T00:00:00,0.503,0.4024,3.974,0.7,0.7,0.4024,0.4024,1.3371671593458814,1.49
2026-04-19T00:00:00,2026-04-19T01:00:00,0.499,0.3992,3.984,0.5,0.5,0.3992,0.3992,1.4310866137086578,1.5016666666666667
2026-04-19T01:00:00,2026-04-19T02:00:00,0.51,0.969,3.976,0.5,0.5,0.255,0.255,1.4592965800021602,1.53
2026-04-19T02:00:00,2026-04-19T03:00:00,0.504,0.9576,3.974,0.5,0.5,0.252,0.252,1.4677448083901936,1.534
2026-04-19T03:00:00,2026-04-19T04:00:00,0.502,0.9538,3.977,0.5,0.5,0.251,0.251,1.4677850056601756,1.824
2026-04-19T04:00:00,2026-04-19T05:00:00,0.497,0.9443,3.967,0.18,0.18,0.7455,0.7455,1.9186577579024515,1.93
2026-04-19T05:00:00,2026-04-19T06:00:00,0.524,0.9956,3.969,0.35,0.35,0.262,0.262,1.5851915010953237,1.87
2026-04-19T06:00:00,2026-04-19T07:00:00,0.569,1.0811,2.649,0.25,0.25,0.8534999999999999,0.8534999999999999,1.7883285936025004,1.79
2026-04-19T07:00:00,2026-04-19T08:00:00,0.558,1.0602,2.648,0.25,0.25,0.8370000000000001,0.8370000000000001,1.773747596467956,1.706
2026-04-19T08:00:00,2026-04-19T09:00:00,0.574,1.0905999999999998,2.652,0.25,0.25,0.861,0.861,1.7056653334849443,1.432
2026-04-19T09:00:00,2026-04-19T10:00:00,0.596,1.1324,2.641,0.667,0.667,0.8939999999999999,0.8939999999999999,1.291146980905296,1.214
2026-04-19T10:00:00,2026-04-19T11:00:00,0.584,1.1096,3.981,1.0,1.0,0.292,0.292,1.1233294696053235,1.3383333333333334
2026-04-19T11:00:00,2026-04-19T12:00:00,0.581,1.1039,3.977,1.0,1.0,0.2905,0.2905,1.1151263068926482,1.42
2026-04-19T12:00:00,2026-04-19T13:00:00,0.596,0.7152,3.988,1.0,1.0,0.7152,0.7152,1.2002345807507029,1.2166666666666666
2026-04-19T13:00:00,2026-04-19T14:00:00,0.645,0.774,3.994,1.0,1.0,0.774,0.774,1.1782385499019483,1.1416666666666666
2026-04-19T14:00:00,2026-04-19T15:00:00,0.623,0.7475999999999999,3.97,1.0,1.0,0.7475999999999999,0.7475999999999999,1.1678047468278692,1.14
2026-04-19T15:00:00,2026-04-19T16:00:00,0.623,0.7475999999999999,3.967,1.0,1.0,0.7475999999999999,0.7475999999999999,1.1748753086550323,1.146
2026-04-19T16:00:00,2026-04-19T17:00:00,0.591,0.7091999999999999,3.965,1.0,1.0,0.7091999999999999,0.7091999999999999,1.1855373657161865,1.16
2026-04-19T17:00:00,2026-04-19T18:00:00,0.541,0.6492,3.979,1.0,1.0,0.6492,0.6492,1.2057577528662478,1.17
2026-04-19T18:00:00,2026-04-19T19:00:00,0.508,0.3555999999999999,3.966,1.0,1.0,0.3555999999999999,0.3555999999999999,1.0440618549287135,1.4449999999999998
2026-04-19T19:00:00,2026-04-19T20:00:00,0.416,0.3328,3.968,0.6,0.6,0.3328,0.3328,1.383948213273584,1.4216666666666666
2026-04-19T20:00:00,2026-04-19T21:00:00,0.386,0.3088,3.965,0.6,0.6,0.3088,0.3088,1.3979394373805007,1.43
2026-04-19T21:00:00,2026-04-19T22:00:00,0.389,0.2723,3.962,0.6,0.6,0.2723,0.2723,1.2783890651047614,1.574
2026-04-19T22:00:00,2026-04-19T23:00:00,0.34,0.238,3.983,0.4,0.4,0.238,0.238,1.4008512414391134,1.67
2026-04-19T23:00:00,2026-04-20T00:00:00,0.297,0.2078999999999999,3.975,0.4,0.4,0.2078999999999999,0.2078999999999999,1.4295196681201787,1.74
2026-04-20T00:00:00,2026-04-20T01:00:00,0.301,0.2106999999999999,3.973,0.38,0.38,0.2106999999999999,0.2106999999999999,1.4801652585161946,1.804
2026-04-20T01:00:00,2026-04-20T02:00:00,0.281,0.1967,3.962,0.38,0.38,0.1967,0.1967,1.507661055201197,1.792
2026-04-20T02:00:00,2026-04-20T03:00:00,0.285,0.3419999999999999,2.636,0.35,0.35,0.3419999999999999,0.3419999999999999,1.6147413038389686,1.686
2026-04-20T03:00:00,2026-04-20T04:00:00,0.272,0.3264,2.637,0.35,0.35,0.3264,0.3264,1.580463841449955,1.6033333333333335
2026-04-20T04:00:00,2026-04-20T05:00:00,0.27,0.324,2.641,0.35,0.35,0.324,0.324,1.49412391585156,1.548
2026-04-20T05:00:00,2026-04-20T06:00:00,0.266,0.316290625,2.642,0.35,0.35,0.316290625,0.316290625,1.405548127103998,1.506
2026-04-20T06:00:00,2026-04-20T07:00:00,0.268,0.3216,2.637,0.33,0.33,0.3216,0.3216,1.3738332057489515,1.48
2026-04-20T07:00:00,2026-04-20T08:00:00,0.262,0.2096,2.635,0.33,0.33,0.2096,0.2096,1.313995801704209,1.49
2026-04-20T08:00:00,2026-04-20T09:00:00,0.267,0.2136,2.645,0.3,0.3,0.2136,0.2136,1.367769074646617,1.49
2026-04-20T09:00:00,2026-04-20T10:00:00,0.308,0.3696,2.643,0.3,0.3,0.3696,0.3696,1.347265713769957,1.3916666666666666
2026-04-20T10:00:00,2026-04-20T11:00:00,0.258,0.2064,2.647,0.4,0.4,0.2064,0.2064,1.2522816329388888,1.35
2026-04-20T11:00:00,2026-04-20T12:00:00,0.26,0.208,2.653,0.4,0.4,0.208,0.208,1.2511587457921678,1.2966666666666666
2026-04-20T12:00:00,2026-04-20T13:00:00,0.257,0.2056,2.66,0.4,0.4,0.2056,0.2056,1.2423954162866266,1.256
2026-04-20T13:00:00,2026-04-20T14:00:00,0.284,0.3407999999999999,2.647,0.5,0.5,0.3407999999999999,0.3407999999999999,1.221453788754161,1.2
2026-04-20T14:00:00,2026-04-20T15:00:00,0.284,0.2271999999999999,2.667,0.7,0.7,0.2271999999999999,0.2271999999999999,1.086783294792781,1.15
2026-04-20T15:00:00,2026-04-20T16:00:00,0.281,0.2248,2.653,0.7,0.7,0.2248,0.2248,1.069548291024944,1.125
2026-04-20T16:00:00,2026-04-20T17:00:00,0.285,0.1994999999999999,2.676,1.0,1.0,0.1994999999999999,0.1994999999999999,0.940346818172884,1.1349999999999998
2026-04-20T17:00:00,2026-04-20T18:00:00,0.283,0.1980999999999999,2.647,1.0,1.0,0.1980999999999999,0.1980999999999999,0.9390088929665126,1.13
2026-04-20T18:00:00,2026-04-20T19:00:00,0.28,0.196,2.656,1.0,1.0,0.196,0.196,0.9428657675106252,1.13
2026-04-20T19:00:00,2026-04-20T20:00:00,0.274,0.1918,2.656,1.0,1.0,0.1918,0.1918,0.946245076903324,1.12
2026-04-20T20:00:00,2026-04-20T21:00:00,0.228,0.1596,2.656,1.0,1.0,0.1596,0.1596,0.9459695744155852,1.12
2026-04-20T21:00:00,2026-04-20T22:00:00,0.228,0.1596,2.657,1.0,1.0,0.1596,0.1596,0.9431804785647272,1.1283333333333332
2026-04-20T22:00:00,2026-04-20T23:00:00,0.231,0.1617,2.645,1.0,1.0,0.1617,0.1617,0.9462942221355206,1.13
2026-04-20T23:00:00,2026-04-21T00:00:00,0.161,0.1127,2.644,1.0,1.0,0.1127,0.1127,0.9628641479087036,1.148
