tm,15号桥节制闸-富家岭节制闸,17号桥节制闸-总干渠尾,二级站出口-总干渠老庄节制闸,富家岭节制闸-一级路南节制闸,圪塔节制闸-15号桥节制闸,刘原节制闸-阳院节制闸,麻原节制闸-17号桥节制闸,杨元坝节制闸-麻原节制闸,阳院节制闸-杨元坝节制闸,一级路南节制闸-刘原节制闸,总干渠老庄节制闸-圪塔节制闸,
2025-06-13 16:00,1.500000,1.500000,1.700000,1.500000,1.500000,1.500000,1.500000,1.500000,1.500000,1.500000,1.500000,
2025-06-13 17:00,1.500000,1.500000,1.700000,1.500000,1.500000,1.500000,1.500000,1.500000,1.500000,1.500000,1.500000,
2025-06-13 18:00,1.500000,1.500000,1.700000,1.500000,1.500000,1.500000,1.500000,1.500000,1.500000,1.500000,1.500000,
2025-06-13 19:00,1.500000,1.500000,1.700000,1.500000,1.500000,1.500000,1.500000,1.500000,1.500000,1.500000,1.500000,
2025-06-13 20:00,1.500000,1.500000,1.700000,1.500000,1.500000,1.500000,1.500000,1.500000,1.500000,1.500000,1.500000,
2025-06-13 21:00,1.500000,1.500000,1.700000,1.500000,1.500000,1.500000,1.500000,1.500000,1.500000,1.500000,1.500000,
2025-06-13 22:00,1.500000,1.500000,1.700000,1.500000,1.500000,1.500000,1.500000,1.500000,1.500000,1.500000,1.500000,
2025-06-13 23:00,1.500000,1.500000,1.700000,1.500000,1.500000,1.500000,1.500000,1.500000,1.500000,1.500000,1.500000,
2025-06-14 00:00,1.500000,1.500000,1.700000,1.500000,1.500000,1.500000,1.500000,1.500000,1.500000,1.500000,1.500000,
2025-06-14 01:00,1.500000,1.500000,1.700000,1.500000,1.500000,1.500000,1.500000,1.500000,1.500000,1.500000,1.500000,
2025-06-14 02:00,1.500000,1.500000,1.700000,1.500000,1.500000,1.500000,1.500000,1.500000,1.500000,1.500000,1.500000,
2025-06-14 03:00,1.500000,1.500000,1.700000,1.500000,1.500000,1.500000,1.500000,1.500000,1.500000,1.500000,1.500000,
2025-06-14 04:00,1.500000,1.500000,1.700000,1.500000,1.500000,1.500000,1.500000,1.500000,1.500000,1.500000,1.500000,
2025-06-14 05:00,1.500000,1.500000,1.700000,1.500000,1.500000,1.500000,1.500000,1.500000,1.500000,1.500000,1.500000,
2025-06-14 06:00,1.500000,1.500000,1.700000,1.500000,1.500000,1.500000,1.500000,1.500000,1.500000,1.500000,1.500000,
2025-06-14 07:00,1.500000,1.500000,1.700000,1.500000,1.500000,1.500000,1.500000,1.500000,1.500000,1.500000,1.500000,
2025-06-14 08:00,1.500000,1.500000,1.700000,1.500000,1.500000,1.500000,1.500000,1.500000,1.500000,1.500000,1.500000,
2025-06-14 09:00,1.500000,1.500000,1.700000,1.500000,1.500000,1.500000,1.500000,1.500000,1.500000,1.500000,1.500000,
2025-06-14 10:00,1.500000,1.500000,1.700000,1.500000,1.500000,1.500000,1.500000,1.500000,1.500000,1.500000,1.500000,
2025-06-14 11:00,1.500000,1.500000,1.700000,1.500000,1.500000,1.500000,1.500000,1.500000,1.500000,1.500000,1.500000,
2025-06-14 12:00,1.500000,1.500000,1.700000,1.500000,1.500000,1.500000,1.500000,1.500000,1.500000,1.500000,1.500000,
2025-06-14 13:00,1.500000,1.500000,1.700000,1.500000,1.500000,1.500000,1.500000,1.500000,1.500000,1.500000,1.500000,
2025-06-14 14:00,1.500000,1.500000,1.700000,1.500000,1.500000,1.500000,1.500000,1.500000,1.500000,1.500000,1.500000,
2025-06-14 15:00,1.500000,1.500000,1.700000,1.500000,1.500000,1.500000,1.500000,1.500000,1.500000,1.500000,1.500000,
