tm,15号桥节制闸,17号桥节制闸,富家岭节制闸,圪塔节制闸,老庄节制闸,刘原节制闸,麻原节制闸,杨元坝节制闸,阳院节制闸,一级路南节制闸,总干渠尾,
2026-04-14 00:00,1.700000,1.500000,1.500000,1.566190,1.865955,1.300000,1.500000,1.500000,1.500000,1.500000,1.500000,
2026-04-14 01:00,1.700000,1.500000,1.463052,1.700000,1.900000,1.300000,1.500000,1.500000,1.620000,1.391144,1.500000,
2026-04-14 02:00,1.700000,1.500000,1.446313,1.683022,1.899971,1.314377,1.500000,1.500000,1.630073,1.375177,1.500000,
2026-04-14 03:00,1.700000,1.500000,1.440000,1.666685,1.900000,1.300000,1.500000,1.500000,1.640000,1.380000,1.500000,
2026-04-14 04:00,1.700000,1.500000,1.422818,1.650484,1.900000,1.300000,1.500000,1.500000,1.649735,1.380372,1.500000,
2026-04-14 05:00,1.700000,1.500000,1.400000,1.634114,1.900000,1.300000,1.500000,1.500000,1.659470,1.386334,1.500000,
2026-04-14 06:00,1.700000,1.500000,1.370000,1.617879,1.900000,1.300000,1.500000,1.500000,1.660000,1.390000,1.500000,
2026-04-14 07:00,1.700000,1.500000,1.340155,1.605420,1.900000,1.300000,1.500000,1.500000,1.650000,1.380000,1.500000,
2026-04-14 08:00,1.700000,1.500000,1.338704,1.591845,1.900000,1.300000,1.500000,1.500000,1.640000,1.360000,1.500000,
2026-04-14 09:00,1.700000,1.500000,1.337253,1.576919,1.900000,1.327710,1.500000,1.500000,1.631249,1.330000,1.500000,
2026-04-14 10:00,1.700000,1.500000,1.335803,1.562839,1.900000,1.327710,1.500000,1.500000,1.626208,1.330000,1.500000,
2026-04-14 11:00,1.700000,1.500000,1.334352,1.548656,1.900000,1.327710,1.500000,1.500000,1.620913,1.330000,1.500000,
2026-04-14 12:00,1.700000,1.500000,1.332901,1.534371,1.900000,1.327710,1.500000,1.500000,1.614566,1.330000,1.500000,
2026-04-14 13:00,1.700000,1.500000,1.331451,1.520103,1.900000,1.327710,1.500000,1.500000,1.608655,1.330000,1.500000,
2026-04-14 14:00,1.700000,1.500000,1.330000,1.505647,1.900000,1.327710,1.500000,1.500000,1.602526,1.330000,1.500000,
2026-04-14 15:00,1.700000,1.500000,1.328549,1.500000,1.892639,1.306054,1.500000,1.500000,1.620000,1.330000,1.500000,
2026-04-14 16:00,1.700000,1.500000,1.322680,1.500000,1.880642,1.300000,1.500000,1.500000,1.635163,1.320000,1.500000,
2026-04-14 17:00,1.700000,1.500000,1.310922,1.500000,1.868703,1.300000,1.500000,1.500000,1.640000,1.319239,1.500000,
2026-04-14 18:00,1.700000,1.500000,1.308704,1.500000,1.856677,1.300000,1.500000,1.500000,1.640000,1.320000,1.500000,
2026-04-14 19:00,1.700000,1.500000,1.307253,1.500000,1.844622,1.300000,1.500000,1.500000,1.640000,1.320000,1.500000,
2026-04-14 20:00,1.700000,1.500000,1.305803,1.500000,1.832524,1.300000,1.500000,1.500000,1.640000,1.320000,1.500000,
2026-04-14 21:00,1.700000,1.500000,1.304352,1.500000,1.820527,1.300000,1.500000,1.500000,1.640000,1.320000,1.500000,
2026-04-14 22:00,1.700000,1.500000,1.302901,1.500000,1.809073,1.300000,1.500000,1.500000,1.640000,1.320000,1.500000,
2026-04-14 23:00,1.700000,1.500000,1.301451,1.500000,1.797591,1.300000,1.500000,1.500000,1.640000,1.320000,1.500000,
2026-04-15 00:00,1.700000,1.500000,1.300000,1.500000,1.786066,1.300000,1.500000,1.500000,1.630000,1.320000,1.500000,
2026-04-15 01:00,1.700000,1.500000,1.300000,1.500000,1.766056,1.300000,1.500000,1.500000,1.620000,1.340000,1.500000,
2026-04-15 02:00,1.700000,1.500000,1.300000,1.500000,1.760904,1.300000,1.500000,1.500000,1.620000,1.370000,1.500000,
2026-04-15 03:00,1.700000,1.500000,1.300000,1.500000,1.758592,1.300000,1.500000,1.500000,1.610000,1.420000,1.500000,
2026-04-15 04:00,1.700000,1.500000,1.300000,1.500000,1.760000,1.300000,1.500000,1.500000,1.610000,1.460000,1.500000,
2026-04-15 05:00,1.700000,1.500000,1.300000,1.500000,1.765185,1.300000,1.500000,1.500000,1.610000,1.490000,1.500000,
2026-04-15 06:00,1.700000,1.500000,1.310000,1.500000,1.766138,1.300000,1.500000,1.500000,1.600000,1.520000,1.500000,
2026-04-15 07:00,1.700000,1.500000,1.300000,1.500000,1.782809,1.300000,1.500000,1.500000,1.590000,1.530000,1.500000,
2026-04-15 08:00,1.700000,1.500000,1.300000,1.500000,1.774601,1.300000,1.500000,1.500000,1.560000,1.530000,1.500000,
2026-04-15 09:00,1.700000,1.500000,1.300000,1.500000,1.762731,1.300000,1.500000,1.500000,1.540000,1.530000,1.500000,
2026-04-15 10:00,1.700000,1.500000,1.300000,1.500000,1.750920,1.300000,1.500000,1.500000,1.540000,1.530000,1.500000,
2026-04-15 11:00,1.700000,1.500000,1.300000,1.500000,1.739005,1.300000,1.500000,1.500000,1.540000,1.530000,1.500000,
2026-04-15 12:00,1.700000,1.500000,1.300000,1.500000,1.728922,1.300000,1.500000,1.500000,1.520000,1.530000,1.500000,
2026-04-15 13:00,1.700000,1.500000,1.300000,1.500000,1.718497,1.300000,1.500000,1.500000,1.500000,1.530000,1.500000,
2026-04-15 14:00,1.700000,1.500000,1.300000,1.500000,1.708288,1.300000,1.500000,1.500000,1.480000,1.530000,1.500000,
2026-04-15 15:00,1.700000,1.500000,1.300000,1.500000,1.697318,1.300000,1.500000,1.500000,1.460000,1.530000,1.500000,
2026-04-15 16:00,1.700000,1.500000,1.300000,1.500000,1.686707,1.300000,1.500000,1.500000,1.430000,1.530000,1.500000,
2026-04-15 17:00,1.700000,1.500000,1.300000,1.500000,1.676138,1.300000,1.500000,1.500000,1.410000,1.530000,1.500000,
2026-04-15 18:00,1.700000,1.500000,1.300000,1.500000,1.665363,1.300000,1.500000,1.500000,1.390000,1.530000,1.500000,
2026-04-15 19:00,1.700000,1.500000,1.300000,1.500000,1.654601,1.300000,1.500000,1.500000,1.376076,1.530000,1.500000,
2026-04-15 20:00,1.700000,1.500000,1.300000,1.500000,1.643997,1.300000,1.500000,1.500000,1.376076,1.530000,1.500000,
2026-04-15 21:00,1.700000,1.500000,1.300000,1.500000,1.633422,1.300000,1.500000,1.500000,1.370000,1.530000,1.500000,
2026-04-15 22:00,1.700000,1.500000,1.300000,1.500000,1.622789,1.300000,1.500000,1.500000,1.380000,1.490000,1.500000,
2026-04-15 23:00,1.700000,1.500000,1.300000,1.500000,1.612213,1.300000,1.500000,1.500000,1.380000,1.470000,1.500000,
2026-04-16 00:00,1.700000,1.500000,1.300000,1.500000,1.601594,1.300000,1.500000,1.500000,1.380000,1.460000,1.500000,
2026-04-16 01:00,1.700000,1.500000,1.300000,1.500000,1.591447,1.300000,1.500000,1.500000,1.380000,1.450000,1.500000,
2026-04-16 02:00,1.700000,1.500000,1.300000,1.500000,1.581666,1.300000,1.500000,1.500000,1.390000,1.440000,1.500000,
2026-04-16 03:00,1.700000,1.500000,1.300000,1.500000,1.571785,1.300000,1.500000,1.500000,1.400000,1.430082,1.500000,
2026-04-16 04:00,1.700000,1.500000,1.300000,1.500000,1.561860,1.309161,1.500000,1.500000,1.410000,1.400000,1.500000,
2026-04-16 05:00,1.700000,1.500000,1.300000,1.500000,1.552366,1.300000,1.500000,1.500000,1.420000,1.400000,1.500000,
2026-04-16 06:00,1.700000,1.500000,1.300000,1.500000,1.547696,1.300000,1.500000,1.500000,1.420000,1.400000,1.500000,
2026-04-16 07:00,1.700000,1.500000,1.300000,1.500000,1.567305,1.300000,1.500000,1.500000,1.350000,1.390000,1.500000,
2026-04-16 08:00,1.700000,1.500000,1.300000,1.500000,1.562527,1.300000,1.500000,1.500000,1.300000,1.390000,1.500000,
2026-04-16 09:00,1.700000,1.500000,1.300000,1.500000,1.552690,1.300000,1.500000,1.500000,1.300000,1.390000,1.500000,
2026-04-16 10:00,1.700000,1.500000,1.300000,1.500000,1.542730,1.300000,1.500000,1.500000,1.300000,1.390000,1.500000,
2026-04-16 11:00,1.700000,1.500000,1.300000,1.500000,1.532741,1.300000,1.500000,1.500000,1.300000,1.380000,1.500000,
2026-04-16 12:00,1.700000,1.500000,1.320000,1.500000,1.514861,1.300000,1.500000,1.500000,1.300000,1.380000,1.500000,
2026-04-16 13:00,1.700000,1.500000,1.355803,1.500000,1.500318,1.300000,1.500000,1.500000,1.300000,1.380000,1.500000,
2026-04-16 14:00,1.700000,1.500000,1.354352,1.499765,1.500000,1.300000,1.500000,1.500000,1.300000,1.380000,1.500000,
2026-04-16 15:00,1.700000,1.500000,1.352901,1.500000,1.500000,1.300000,1.500000,1.500000,1.300000,1.380000,1.500000,
2026-04-16 16:00,1.700000,1.500000,1.351451,1.500000,1.500000,1.300000,1.500000,1.500000,1.300000,1.380000,1.500000,
2026-04-16 17:00,1.700000,1.500000,1.350000,1.500000,1.500000,1.300000,1.500000,1.500000,1.300000,1.380000,1.500000,
2026-04-16 18:00,1.700000,1.500000,1.348549,1.500000,1.500000,1.300000,1.500000,1.500000,1.300000,1.380000,1.500000,
2026-04-16 19:00,1.700000,1.500000,1.347099,1.500000,1.500000,1.300000,1.500000,1.500000,1.300000,1.380000,1.500000,
2026-04-16 20:00,1.700000,1.500000,1.345648,1.500000,1.500000,1.300000,1.500000,1.500000,1.300000,1.380000,1.500000,
2026-04-16 21:00,1.700000,1.500000,1.360000,1.500000,1.500000,1.300000,1.500000,1.500000,1.300000,1.380000,1.500000,
2026-04-16 22:00,1.557064,1.500000,1.575777,1.499259,1.500000,1.300000,1.500000,1.500000,1.300000,1.380000,1.500000,
2026-04-16 23:00,1.542752,1.500000,1.574326,1.499689,1.500000,1.300000,1.500000,1.500000,1.300000,1.380000,1.500000,
2026-04-17 00:00,1.528441,1.500000,1.572876,1.500000,1.500000,1.347065,1.500000,1.500000,1.300000,1.329046,1.500000,
2026-04-17 01:00,1.514175,1.500000,1.560000,1.500000,1.500336,1.384360,1.500000,1.500000,1.300000,1.300000,1.500000,
2026-04-17 02:00,1.500000,1.500000,1.500000,1.500000,1.500801,1.437996,1.500000,1.500000,1.300000,1.300000,1.500000,
2026-04-17 03:00,1.485825,1.500000,1.440000,1.500000,1.501180,1.405626,1.500000,1.500000,1.393885,1.300000,1.500000,
2026-04-17 04:00,1.382632,1.500000,1.520000,1.506746,1.531066,1.300000,1.500000,1.500000,1.570000,1.300000,1.500000,
2026-04-17 05:00,1.380000,1.500000,1.560000,1.500000,1.519427,1.300000,1.500000,1.500000,1.677437,1.300000,1.500000,
2026-04-17 06:00,1.480000,1.500000,1.552116,1.496731,1.500000,1.300000,1.500000,1.500000,1.683871,1.300000,1.500000,
2026-04-17 07:00,1.540000,1.500000,1.537465,1.500000,1.500000,1.305894,1.500000,1.500000,1.664287,1.306711,1.500000,
2026-04-17 08:00,1.580000,1.500000,1.521365,1.503914,1.511278,1.305894,1.500000,1.500000,1.641438,1.321240,1.500000,
2026-04-17 09:00,1.670000,1.500000,1.530000,1.479086,1.500000,1.300000,1.500000,1.500000,1.600000,1.350000,1.500000,
2026-04-17 10:00,1.700000,1.500000,1.510000,1.496305,1.500000,1.300000,1.500000,1.500000,1.573739,1.358426,1.500000,
2026-04-17 11:00,1.700000,1.500000,1.480000,1.500000,1.500000,1.300000,1.500000,1.500000,1.550000,1.360000,1.500000,
2026-04-17 12:00,1.700000,1.500000,1.540000,1.500000,1.500000,1.300000,1.500000,1.500000,1.530000,1.340000,1.500000,
2026-04-17 13:00,1.700000,1.500000,1.560000,1.500000,1.500000,1.300000,1.500000,1.500000,1.540000,1.340000,1.500000,
2026-04-17 14:00,1.700000,1.500000,1.570000,1.500000,1.500000,1.300000,1.500000,1.500000,1.560000,1.340000,1.500000,
2026-04-17 15:00,1.700000,1.500000,1.550000,1.500000,1.520097,1.300000,1.500000,1.500000,1.570000,1.340000,1.500000,
2026-04-17 16:00,1.700000,1.500000,1.540000,1.500000,1.538018,1.300000,1.500000,1.500000,1.580000,1.340000,1.500000,
2026-04-17 17:00,1.700000,1.500000,1.550000,1.500000,1.539775,1.300000,1.500000,1.500000,1.610000,1.340000,1.500000,
2026-04-17 18:00,1.700000,1.500000,1.530000,1.500000,1.562107,1.300000,1.500000,1.500000,1.630000,1.330000,1.500000,
2026-04-17 19:00,1.700000,1.500000,1.506560,1.500000,1.600490,1.308707,1.500000,1.500000,1.590000,1.332345,1.500000,
2026-04-17 20:00,1.700000,1.500000,1.490000,1.500000,1.637957,1.300000,1.500000,1.500000,1.550000,1.350000,1.500000,
2026-04-17 21:00,1.700000,1.500000,1.500000,1.500000,1.660000,1.300000,1.500000,1.500000,1.540000,1.340000,1.500000,
2026-04-17 22:00,1.700000,1.500000,1.510000,1.500000,1.669898,1.300000,1.500000,1.500000,1.540000,1.350000,1.500000,
2026-04-17 23:00,1.700000,1.500000,1.530000,1.500000,1.671790,1.300000,1.500000,1.500000,1.550000,1.360000,1.500000,
2026-04-18 00:00,1.700000,1.500000,1.550000,1.500000,1.665986,1.300000,1.500000,1.500000,1.570000,1.380000,1.500000,
2026-04-18 01:00,1.700000,1.500000,1.550000,1.500000,1.664233,1.300000,1.500000,1.500000,1.610000,1.390000,1.500000,
2026-04-18 02:00,1.700000,1.500000,1.550000,1.500000,1.666285,1.310000,1.500000,1.500000,1.640000,1.390000,1.500000,
2026-04-18 03:00,1.700000,1.500000,1.560000,1.500000,1.656007,1.330000,1.500000,1.500000,1.670000,1.400000,1.500000,
2026-04-18 04:00,1.700000,1.500000,1.580000,1.500000,1.642755,1.360000,1.500000,1.500000,1.690000,1.400000,1.500000,
2026-04-18 05:00,1.700000,1.500000,1.600000,1.500000,1.574695,1.360000,1.500000,1.500000,1.700000,1.470000,1.500000,
2026-04-18 06:00,1.700000,1.500000,1.607673,1.500000,1.524342,1.315548,1.500000,1.500000,1.700000,1.565064,1.500000,
2026-04-18 07:00,1.700000,1.500000,1.552262,1.500000,1.515233,1.300000,1.500000,1.500000,1.689743,1.597209,1.500000,
2026-04-18 08:00,1.700000,1.500000,1.521451,1.500000,1.506440,1.300000,1.500000,1.500000,1.669817,1.597209,1.500000,
2026-04-18 09:00,1.697771,1.500000,1.520000,1.498744,1.500000,1.300000,1.500000,1.500000,1.650000,1.568090,1.500000,
2026-04-18 10:00,1.649236,1.500000,1.572751,1.499157,1.500000,1.300000,1.500000,1.500000,1.650000,1.520000,1.500000,
2026-04-18 11:00,1.634607,1.500000,1.571300,1.499672,1.500000,1.300000,1.500000,1.500000,1.620000,1.501016,1.500000,
2026-04-18 12:00,1.620000,1.500000,1.569850,1.500000,1.500000,1.356365,1.500000,1.500000,1.581224,1.430000,1.500000,
2026-04-18 13:00,1.605507,1.500000,1.540000,1.500000,1.500570,1.376704,1.500000,1.500000,1.590000,1.380000,1.500000,
2026-04-18 14:00,1.591105,1.500000,1.510150,1.500000,1.500879,1.384791,1.500000,1.500000,1.600000,1.340000,1.500000,
2026-04-18 15:00,1.576362,1.500000,1.508700,1.500000,1.501534,1.360360,1.500000,1.500000,1.620000,1.300000,1.500000,
2026-04-18 16:00,1.561596,1.500000,1.507249,1.500000,1.508266,1.326330,1.500000,1.500000,1.610000,1.300000,1.500000,
2026-04-18 17:00,1.545130,1.500000,1.510000,1.504767,1.551674,1.300000,1.500000,1.500000,1.590000,1.300000,1.500000,
2026-04-18 18:00,1.590000,1.500000,1.530000,1.500000,1.551674,1.300000,1.500000,1.500000,1.550000,1.310000,1.500000,
2026-04-18 19:00,1.640000,1.500000,1.570000,1.500000,1.517326,1.300000,1.500000,1.500000,1.518416,1.360000,1.500000,
2026-04-18 20:00,1.700000,1.500000,1.600000,1.495505,1.500000,1.300000,1.500000,1.500000,1.470000,1.390000,1.500000,
2026-04-18 21:00,1.700000,1.500000,1.600000,1.506797,1.527658,1.300000,1.500000,1.500000,1.460000,1.360000,1.500000,
2026-04-18 22:00,1.700000,1.500000,1.620000,1.500000,1.527658,1.300000,1.500000,1.500000,1.480000,1.390000,1.500000,
2026-04-18 23:00,1.700000,1.500000,1.660000,1.500000,1.513902,1.300000,1.500000,1.500000,1.510000,1.410000,1.500000,
2026-04-19 00:00,1.700000,1.500000,1.700000,1.495322,1.500000,1.300000,1.500000,1.500000,1.540000,1.440000,1.500000,
2026-04-19 01:00,1.700000,1.500000,1.700000,1.500000,1.510000,1.300000,1.500000,1.500000,1.540000,1.460000,1.500000,
2026-04-19 02:00,1.700000,1.500000,1.700000,1.500000,1.503977,1.300000,1.500000,1.500000,1.590000,1.480000,1.500000,
2026-04-19 03:00,1.700000,1.500000,1.700000,1.500000,1.501875,1.300000,1.500000,1.500000,1.640000,1.490000,1.500000,
2026-04-19 04:00,1.700000,1.500000,1.693101,1.500000,1.504038,1.300000,1.500000,1.500000,1.689710,1.496299,1.500000,
2026-04-19 05:00,1.700000,1.500000,1.586594,1.500000,1.545428,1.342228,1.500000,1.500000,1.700000,1.496299,1.500000,
2026-04-19 06:00,1.700000,1.500000,1.500000,1.500000,1.576020,1.400000,1.500000,1.500000,1.700000,1.470000,1.500000,
2026-04-19 07:00,1.700000,1.500000,1.590000,1.500000,1.531390,1.364452,1.500000,1.500000,1.700000,1.460000,1.500000,
2026-04-19 08:00,1.700000,1.500000,1.621451,1.500000,1.509917,1.320332,1.500000,1.500000,1.700000,1.460000,1.500000,
2026-04-19 09:00,1.700000,1.500000,1.620000,1.499655,1.500000,1.300000,1.500000,1.500000,1.681036,1.442156,1.500000,
2026-04-19 10:00,1.668027,1.500000,1.642901,1.500000,1.500000,1.308495,1.500000,1.500000,1.643873,1.410000,1.500000,
2026-04-19 11:00,1.647900,1.500000,1.641451,1.500000,1.512116,1.300000,1.500000,1.500000,1.616698,1.385829,1.500000,
2026-04-19 12:00,1.627887,1.500000,1.640000,1.500000,1.512800,1.330348,1.500000,1.500000,1.560000,1.350000,1.500000,
2026-04-19 13:00,1.607942,1.500000,1.638549,1.500000,1.513314,1.363443,1.500000,1.500000,1.499652,1.314171,1.500000,
2026-04-19 14:00,1.588519,1.500000,1.620000,1.500000,1.514243,1.336680,1.500000,1.500000,1.499652,1.300000,1.500000,
2026-04-19 15:00,1.522682,1.500000,1.600000,1.500000,1.514768,1.300000,1.500000,1.500000,1.570000,1.300000,1.500000,
2026-04-19 16:00,1.450910,1.500000,1.570000,1.500000,1.547119,1.300000,1.500000,1.500000,1.620000,1.300000,1.500000,
2026-04-19 17:00,1.376099,1.500000,1.540000,1.503026,1.593400,1.304393,1.500000,1.500000,1.650000,1.320000,1.500000,
2026-04-19 18:00,1.300000,1.500000,1.510000,1.513441,1.587502,1.300000,1.500000,1.500000,1.630000,1.520000,1.500000,
2026-04-19 19:00,1.420000,1.500000,1.480000,1.500000,1.531872,1.300000,1.500000,1.500000,1.600000,1.592587,1.500000,
2026-04-19 20:00,1.470435,1.500000,1.446741,1.518210,1.523897,1.300000,1.500000,1.500000,1.570000,1.592309,1.500000,
2026-04-19 21:00,1.590000,1.500000,1.445290,1.500000,1.505857,1.351103,1.500000,1.500000,1.545560,1.499680,1.500000,
2026-04-19 22:00,1.680000,1.500000,1.450000,1.486387,1.500000,1.343799,1.500000,1.500000,1.550000,1.441677,1.500000,
2026-04-19 23:00,1.700000,1.500000,1.490000,1.500000,1.502027,1.300000,1.500000,1.500000,1.550000,1.430000,1.500000,
2026-04-20 00:00,1.700000,1.500000,1.490000,1.495407,1.509700,1.300000,1.500000,1.500000,1.569088,1.450000,1.500000,
2026-04-20 01:00,1.700000,1.500000,1.400000,1.500000,1.548688,1.300000,1.500000,1.500000,1.590000,1.460000,1.500000,
2026-04-20 02:00,1.700000,1.500000,1.390000,1.500000,1.552272,1.310000,1.500000,1.500000,1.630000,1.460000,1.500000,
2026-04-20 03:00,1.700000,1.500000,1.420000,1.500000,1.520752,1.320000,1.500000,1.500000,1.670000,1.460000,1.500000,
2026-04-20 04:00,1.700000,1.500000,1.450000,1.447517,1.500000,1.360000,1.500000,1.500000,1.690000,1.480000,1.500000,
2026-04-20 05:00,1.700000,1.500000,1.450000,1.354753,1.500000,1.410000,1.500000,1.500000,1.680000,1.550000,1.500000,
2026-04-20 06:00,1.662029,1.500000,1.430000,1.300000,1.500000,1.450000,1.500000,1.500000,1.670000,1.630000,1.500000,
2026-04-20 07:00,1.583456,1.500000,1.420000,1.300000,1.500000,1.460000,1.500000,1.500000,1.640000,1.700000,1.500000,
2026-04-20 08:00,1.559853,1.500000,1.391049,1.300000,1.500000,1.444642,1.500000,1.500000,1.640000,1.700000,1.500000,
2026-04-20 09:00,1.545188,1.500000,1.360000,1.300000,1.500000,1.446818,1.500000,1.500000,1.650000,1.660000,1.500000,
2026-04-20 10:00,1.529864,1.500000,1.330000,1.300000,1.500000,1.411490,1.500000,1.500000,1.700000,1.620000,1.500000,
2026-04-20 11:00,1.507073,1.500000,1.341451,1.300000,1.500000,1.386342,1.500000,1.500000,1.700000,1.590000,1.500000,
2026-04-20 12:00,1.492478,1.500000,1.340000,1.300000,1.500000,1.380000,1.500000,1.500000,1.700000,1.540000,1.500000,
2026-04-20 13:00,1.459901,1.500000,1.350000,1.300000,1.500000,1.370000,1.500000,1.500000,1.700000,1.510000,1.500000,
2026-04-20 14:00,1.443872,1.500000,1.330000,1.300000,1.500000,1.354140,1.500000,1.500000,1.700000,1.490000,1.500000,
2026-04-20 15:00,1.429394,1.500000,1.320000,1.300000,1.500000,1.328119,1.500000,1.500000,1.700000,1.470000,1.500000,
2026-04-20 16:00,1.414526,1.500000,1.300000,1.300000,1.500000,1.300000,1.500000,1.500000,1.690000,1.471244,1.500000,
2026-04-20 17:00,1.397954,1.500000,1.301451,1.300000,1.500000,1.300000,1.500000,1.500000,1.660000,1.443483,1.500000,
2026-04-20 18:00,1.382688,1.500000,1.300000,1.300017,1.500000,1.300000,1.500000,1.500000,1.643748,1.403454,1.500000,
2026-04-20 19:00,1.366378,1.500000,1.300000,1.300101,1.500000,1.300000,1.500000,1.500000,1.627569,1.363425,1.500000,
2026-04-20 20:00,1.350044,1.500000,1.300000,1.300000,1.500000,1.300000,1.500000,1.500000,1.610000,1.325027,1.500000,
2026-04-20 21:00,1.333212,1.500000,1.300000,1.300084,1.500000,1.300000,1.500000,1.500000,1.580000,1.300000,1.500000,
2026-04-20 22:00,1.316469,1.500000,1.300000,1.300068,1.500000,1.300000,1.500000,1.500000,1.525563,1.300000,1.500000,
2026-04-20 23:00,1.300000,1.500000,1.300000,1.300000,1.500000,1.300000,1.500000,1.500000,1.471634,1.300000,1.500000,
