tm,obj,value,
2026-04-14 00:00,15号桥节制闸,1.700000,
2026-04-14 01:00,15号桥节制闸,1.700000,
2026-04-14 02:00,15号桥节制闸,1.700000,
2026-04-14 03:00,15号桥节制闸,1.700000,
2026-04-14 04:00,15号桥节制闸,1.700000,
2026-04-14 05:00,15号桥节制闸,1.700000,
2026-04-14 06:00,15号桥节制闸,1.700000,
2026-04-14 07:00,15号桥节制闸,1.700000,
2026-04-14 08:00,15号桥节制闸,1.700000,
2026-04-14 09:00,15号桥节制闸,1.700000,
2026-04-14 10:00,15号桥节制闸,1.700000,
2026-04-14 11:00,15号桥节制闸,1.700000,
2026-04-14 12:00,15号桥节制闸,1.700000,
2026-04-14 13:00,15号桥节制闸,1.700000,
2026-04-14 14:00,15号桥节制闸,1.700000,
2026-04-14 15:00,15号桥节制闸,1.700000,
2026-04-14 16:00,15号桥节制闸,1.700000,
2026-04-14 17:00,15号桥节制闸,1.700000,
2026-04-14 18:00,15号桥节制闸,1.700000,
2026-04-14 19:00,15号桥节制闸,1.700000,
2026-04-14 20:00,15号桥节制闸,1.700000,
2026-04-14 21:00,15号桥节制闸,1.700000,
2026-04-14 22:00,15号桥节制闸,1.700000,
2026-04-14 23:00,15号桥节制闸,1.700000,
2026-04-15 00:00,15号桥节制闸,1.700000,
2026-04-15 01:00,15号桥节制闸,1.700000,
2026-04-15 02:00,15号桥节制闸,1.700000,
2026-04-15 03:00,15号桥节制闸,1.700000,
2026-04-15 04:00,15号桥节制闸,1.700000,
2026-04-15 05:00,15号桥节制闸,1.700000,
2026-04-15 06:00,15号桥节制闸,1.700000,
2026-04-15 07:00,15号桥节制闸,1.700000,
2026-04-15 08:00,15号桥节制闸,1.700000,
2026-04-15 09:00,15号桥节制闸,1.700000,
2026-04-15 10:00,15号桥节制闸,1.700000,
2026-04-15 11:00,15号桥节制闸,1.700000,
2026-04-15 12:00,15号桥节制闸,1.700000,
2026-04-15 13:00,15号桥节制闸,1.700000,
2026-04-15 14:00,15号桥节制闸,1.700000,
2026-04-15 15:00,15号桥节制闸,1.700000,
2026-04-15 16:00,15号桥节制闸,1.700000,
2026-04-15 17:00,15号桥节制闸,1.700000,
2026-04-15 18:00,15号桥节制闸,1.700000,
2026-04-15 19:00,15号桥节制闸,1.700000,
2026-04-15 20:00,15号桥节制闸,1.700000,
2026-04-15 21:00,15号桥节制闸,1.700000,
2026-04-15 22:00,15号桥节制闸,1.700000,
2026-04-15 23:00,15号桥节制闸,1.700000,
2026-04-16 00:00,15号桥节制闸,1.700000,
2026-04-16 01:00,15号桥节制闸,1.700000,
2026-04-16 02:00,15号桥节制闸,1.700000,
2026-04-16 03:00,15号桥节制闸,1.700000,
2026-04-16 04:00,15号桥节制闸,1.700000,
2026-04-16 05:00,15号桥节制闸,1.700000,
2026-04-16 06:00,15号桥节制闸,1.700000,
2026-04-16 07:00,15号桥节制闸,1.700000,
2026-04-16 08:00,15号桥节制闸,1.700000,
2026-04-16 09:00,15号桥节制闸,1.700000,
2026-04-16 10:00,15号桥节制闸,1.700000,
2026-04-16 11:00,15号桥节制闸,1.700000,
2026-04-16 12:00,15号桥节制闸,1.700000,
2026-04-16 13:00,15号桥节制闸,1.700000,
2026-04-16 14:00,15号桥节制闸,1.700000,
2026-04-16 15:00,15号桥节制闸,1.700000,
2026-04-16 16:00,15号桥节制闸,1.700000,
2026-04-16 17:00,15号桥节制闸,1.700000,
2026-04-16 18:00,15号桥节制闸,1.700000,
2026-04-16 19:00,15号桥节制闸,1.700000,
2026-04-16 20:00,15号桥节制闸,1.700000,
2026-04-16 21:00,15号桥节制闸,1.700000,
2026-04-16 22:00,15号桥节制闸,1.557064,
2026-04-16 23:00,15号桥节制闸,1.542752,
2026-04-17 00:00,15号桥节制闸,1.528441,
2026-04-17 01:00,15号桥节制闸,1.514175,
2026-04-17 02:00,15号桥节制闸,1.500000,
2026-04-17 03:00,15号桥节制闸,1.485825,
2026-04-17 04:00,15号桥节制闸,1.382632,
2026-04-17 05:00,15号桥节制闸,1.380000,
2026-04-17 06:00,15号桥节制闸,1.480000,
2026-04-17 07:00,15号桥节制闸,1.540000,
2026-04-17 08:00,15号桥节制闸,1.580000,
2026-04-17 09:00,15号桥节制闸,1.670000,
2026-04-17 10:00,15号桥节制闸,1.700000,
2026-04-17 11:00,15号桥节制闸,1.700000,
2026-04-17 12:00,15号桥节制闸,1.700000,
2026-04-17 13:00,15号桥节制闸,1.700000,
2026-04-17 14:00,15号桥节制闸,1.700000,
2026-04-17 15:00,15号桥节制闸,1.700000,
2026-04-17 16:00,15号桥节制闸,1.700000,
2026-04-17 17:00,15号桥节制闸,1.700000,
2026-04-17 18:00,15号桥节制闸,1.700000,
2026-04-17 19:00,15号桥节制闸,1.700000,
2026-04-17 20:00,15号桥节制闸,1.700000,
2026-04-17 21:00,15号桥节制闸,1.700000,
2026-04-17 22:00,15号桥节制闸,1.700000,
2026-04-17 23:00,15号桥节制闸,1.700000,
2026-04-18 00:00,15号桥节制闸,1.700000,
2026-04-18 01:00,15号桥节制闸,1.700000,
2026-04-18 02:00,15号桥节制闸,1.700000,
2026-04-18 03:00,15号桥节制闸,1.700000,
2026-04-18 04:00,15号桥节制闸,1.700000,
2026-04-18 05:00,15号桥节制闸,1.700000,
2026-04-18 06:00,15号桥节制闸,1.700000,
2026-04-18 07:00,15号桥节制闸,1.700000,
2026-04-18 08:00,15号桥节制闸,1.700000,
2026-04-18 09:00,15号桥节制闸,1.697771,
2026-04-18 10:00,15号桥节制闸,1.649236,
2026-04-18 11:00,15号桥节制闸,1.634607,
2026-04-18 12:00,15号桥节制闸,1.620000,
2026-04-18 13:00,15号桥节制闸,1.605507,
2026-04-18 14:00,15号桥节制闸,1.591105,
2026-04-18 15:00,15号桥节制闸,1.576362,
2026-04-18 16:00,15号桥节制闸,1.561596,
2026-04-18 17:00,15号桥节制闸,1.545130,
2026-04-18 18:00,15号桥节制闸,1.590000,
2026-04-18 19:00,15号桥节制闸,1.640000,
2026-04-18 20:00,15号桥节制闸,1.700000,
2026-04-18 21:00,15号桥节制闸,1.700000,
2026-04-18 22:00,15号桥节制闸,1.700000,
2026-04-18 23:00,15号桥节制闸,1.700000,
2026-04-19 00:00,15号桥节制闸,1.700000,
2026-04-19 01:00,15号桥节制闸,1.700000,
2026-04-19 02:00,15号桥节制闸,1.700000,
2026-04-19 03:00,15号桥节制闸,1.700000,
2026-04-19 04:00,15号桥节制闸,1.700000,
2026-04-19 05:00,15号桥节制闸,1.700000,
2026-04-19 06:00,15号桥节制闸,1.700000,
2026-04-19 07:00,15号桥节制闸,1.700000,
2026-04-19 08:00,15号桥节制闸,1.700000,
2026-04-19 09:00,15号桥节制闸,1.700000,
2026-04-19 10:00,15号桥节制闸,1.668027,
2026-04-19 11:00,15号桥节制闸,1.647900,
2026-04-19 12:00,15号桥节制闸,1.627887,
2026-04-19 13:00,15号桥节制闸,1.607942,
2026-04-19 14:00,15号桥节制闸,1.588519,
2026-04-19 15:00,15号桥节制闸,1.522682,
2026-04-19 16:00,15号桥节制闸,1.450910,
2026-04-19 17:00,15号桥节制闸,1.376099,
2026-04-19 18:00,15号桥节制闸,1.300000,
2026-04-19 19:00,15号桥节制闸,1.420000,
2026-04-19 20:00,15号桥节制闸,1.470435,
2026-04-19 21:00,15号桥节制闸,1.590000,
2026-04-19 22:00,15号桥节制闸,1.680000,
2026-04-19 23:00,15号桥节制闸,1.700000,
2026-04-20 00:00,15号桥节制闸,1.700000,
2026-04-20 01:00,15号桥节制闸,1.700000,
2026-04-20 02:00,15号桥节制闸,1.700000,
2026-04-20 03:00,15号桥节制闸,1.700000,
2026-04-20 04:00,15号桥节制闸,1.700000,
2026-04-20 05:00,15号桥节制闸,1.700000,
2026-04-20 06:00,15号桥节制闸,1.662029,
2026-04-20 07:00,15号桥节制闸,1.583456,
2026-04-20 08:00,15号桥节制闸,1.559853,
2026-04-20 09:00,15号桥节制闸,1.545188,
2026-04-20 10:00,15号桥节制闸,1.529864,
2026-04-20 11:00,15号桥节制闸,1.507073,
2026-04-20 12:00,15号桥节制闸,1.492478,
2026-04-20 13:00,15号桥节制闸,1.459901,
2026-04-20 14:00,15号桥节制闸,1.443872,
2026-04-20 15:00,15号桥节制闸,1.429394,
2026-04-20 16:00,15号桥节制闸,1.414526,
2026-04-20 17:00,15号桥节制闸,1.397954,
2026-04-20 18:00,15号桥节制闸,1.382688,
2026-04-20 19:00,15号桥节制闸,1.366378,
2026-04-20 20:00,15号桥节制闸,1.350044,
2026-04-20 21:00,15号桥节制闸,1.333212,
2026-04-20 22:00,15号桥节制闸,1.316469,
2026-04-20 23:00,15号桥节制闸,1.300000,
2026-04-14 00:00,17号桥节制闸,1.500000,
2026-04-14 01:00,17号桥节制闸,1.500000,
2026-04-14 02:00,17号桥节制闸,1.500000,
2026-04-14 03:00,17号桥节制闸,1.500000,
2026-04-14 04:00,17号桥节制闸,1.500000,
2026-04-14 05:00,17号桥节制闸,1.500000,
2026-04-14 06:00,17号桥节制闸,1.500000,
2026-04-14 07:00,17号桥节制闸,1.500000,
2026-04-14 08:00,17号桥节制闸,1.500000,
2026-04-14 09:00,17号桥节制闸,1.500000,
2026-04-14 10:00,17号桥节制闸,1.500000,
2026-04-14 11:00,17号桥节制闸,1.500000,
2026-04-14 12:00,17号桥节制闸,1.500000,
2026-04-14 13:00,17号桥节制闸,1.500000,
2026-04-14 14:00,17号桥节制闸,1.500000,
2026-04-14 15:00,17号桥节制闸,1.500000,
2026-04-14 16:00,17号桥节制闸,1.500000,
2026-04-14 17:00,17号桥节制闸,1.500000,
2026-04-14 18:00,17号桥节制闸,1.500000,
2026-04-14 19:00,17号桥节制闸,1.500000,
2026-04-14 20:00,17号桥节制闸,1.500000,
2026-04-14 21:00,17号桥节制闸,1.500000,
2026-04-14 22:00,17号桥节制闸,1.500000,
2026-04-14 23:00,17号桥节制闸,1.500000,
2026-04-15 00:00,17号桥节制闸,1.500000,
2026-04-15 01:00,17号桥节制闸,1.500000,
2026-04-15 02:00,17号桥节制闸,1.500000,
2026-04-15 03:00,17号桥节制闸,1.500000,
2026-04-15 04:00,17号桥节制闸,1.500000,
2026-04-15 05:00,17号桥节制闸,1.500000,
2026-04-15 06:00,17号桥节制闸,1.500000,
2026-04-15 07:00,17号桥节制闸,1.500000,
2026-04-15 08:00,17号桥节制闸,1.500000,
2026-04-15 09:00,17号桥节制闸,1.500000,
2026-04-15 10:00,17号桥节制闸,1.500000,
2026-04-15 11:00,17号桥节制闸,1.500000,
2026-04-15 12:00,17号桥节制闸,1.500000,
2026-04-15 13:00,17号桥节制闸,1.500000,
2026-04-15 14:00,17号桥节制闸,1.500000,
2026-04-15 15:00,17号桥节制闸,1.500000,
2026-04-15 16:00,17号桥节制闸,1.500000,
2026-04-15 17:00,17号桥节制闸,1.500000,
2026-04-15 18:00,17号桥节制闸,1.500000,
2026-04-15 19:00,17号桥节制闸,1.500000,
2026-04-15 20:00,17号桥节制闸,1.500000,
2026-04-15 21:00,17号桥节制闸,1.500000,
2026-04-15 22:00,17号桥节制闸,1.500000,
2026-04-15 23:00,17号桥节制闸,1.500000,
2026-04-16 00:00,17号桥节制闸,1.500000,
2026-04-16 01:00,17号桥节制闸,1.500000,
2026-04-16 02:00,17号桥节制闸,1.500000,
2026-04-16 03:00,17号桥节制闸,1.500000,
2026-04-16 04:00,17号桥节制闸,1.500000,
2026-04-16 05:00,17号桥节制闸,1.500000,
2026-04-16 06:00,17号桥节制闸,1.500000,
2026-04-16 07:00,17号桥节制闸,1.500000,
2026-04-16 08:00,17号桥节制闸,1.500000,
2026-04-16 09:00,17号桥节制闸,1.500000,
2026-04-16 10:00,17号桥节制闸,1.500000,
2026-04-16 11:00,17号桥节制闸,1.500000,
2026-04-16 12:00,17号桥节制闸,1.500000,
2026-04-16 13:00,17号桥节制闸,1.500000,
2026-04-16 14:00,17号桥节制闸,1.500000,
2026-04-16 15:00,17号桥节制闸,1.500000,
2026-04-16 16:00,17号桥节制闸,1.500000,
2026-04-16 17:00,17号桥节制闸,1.500000,
2026-04-16 18:00,17号桥节制闸,1.500000,
2026-04-16 19:00,17号桥节制闸,1.500000,
2026-04-16 20:00,17号桥节制闸,1.500000,
2026-04-16 21:00,17号桥节制闸,1.500000,
2026-04-16 22:00,17号桥节制闸,1.500000,
2026-04-16 23:00,17号桥节制闸,1.500000,
2026-04-17 00:00,17号桥节制闸,1.500000,
2026-04-17 01:00,17号桥节制闸,1.500000,
2026-04-17 02:00,17号桥节制闸,1.500000,
2026-04-17 03:00,17号桥节制闸,1.500000,
2026-04-17 04:00,17号桥节制闸,1.500000,
2026-04-17 05:00,17号桥节制闸,1.500000,
2026-04-17 06:00,17号桥节制闸,1.500000,
2026-04-17 07:00,17号桥节制闸,1.500000,
2026-04-17 08:00,17号桥节制闸,1.500000,
2026-04-17 09:00,17号桥节制闸,1.500000,
2026-04-17 10:00,17号桥节制闸,1.500000,
2026-04-17 11:00,17号桥节制闸,1.500000,
2026-04-17 12:00,17号桥节制闸,1.500000,
2026-04-17 13:00,17号桥节制闸,1.500000,
2026-04-17 14:00,17号桥节制闸,1.500000,
2026-04-17 15:00,17号桥节制闸,1.500000,
2026-04-17 16:00,17号桥节制闸,1.500000,
2026-04-17 17:00,17号桥节制闸,1.500000,
2026-04-17 18:00,17号桥节制闸,1.500000,
2026-04-17 19:00,17号桥节制闸,1.500000,
2026-04-17 20:00,17号桥节制闸,1.500000,
2026-04-17 21:00,17号桥节制闸,1.500000,
2026-04-17 22:00,17号桥节制闸,1.500000,
2026-04-17 23:00,17号桥节制闸,1.500000,
2026-04-18 00:00,17号桥节制闸,1.500000,
2026-04-18 01:00,17号桥节制闸,1.500000,
2026-04-18 02:00,17号桥节制闸,1.500000,
2026-04-18 03:00,17号桥节制闸,1.500000,
2026-04-18 04:00,17号桥节制闸,1.500000,
2026-04-18 05:00,17号桥节制闸,1.500000,
2026-04-18 06:00,17号桥节制闸,1.500000,
2026-04-18 07:00,17号桥节制闸,1.500000,
2026-04-18 08:00,17号桥节制闸,1.500000,
2026-04-18 09:00,17号桥节制闸,1.500000,
2026-04-18 10:00,17号桥节制闸,1.500000,
2026-04-18 11:00,17号桥节制闸,1.500000,
2026-04-18 12:00,17号桥节制闸,1.500000,
2026-04-18 13:00,17号桥节制闸,1.500000,
2026-04-18 14:00,17号桥节制闸,1.500000,
2026-04-18 15:00,17号桥节制闸,1.500000,
2026-04-18 16:00,17号桥节制闸,1.500000,
2026-04-18 17:00,17号桥节制闸,1.500000,
2026-04-18 18:00,17号桥节制闸,1.500000,
2026-04-18 19:00,17号桥节制闸,1.500000,
2026-04-18 20:00,17号桥节制闸,1.500000,
2026-04-18 21:00,17号桥节制闸,1.500000,
2026-04-18 22:00,17号桥节制闸,1.500000,
2026-04-18 23:00,17号桥节制闸,1.500000,
2026-04-19 00:00,17号桥节制闸,1.500000,
2026-04-19 01:00,17号桥节制闸,1.500000,
2026-04-19 02:00,17号桥节制闸,1.500000,
2026-04-19 03:00,17号桥节制闸,1.500000,
2026-04-19 04:00,17号桥节制闸,1.500000,
2026-04-19 05:00,17号桥节制闸,1.500000,
2026-04-19 06:00,17号桥节制闸,1.500000,
2026-04-19 07:00,17号桥节制闸,1.500000,
2026-04-19 08:00,17号桥节制闸,1.500000,
2026-04-19 09:00,17号桥节制闸,1.500000,
2026-04-19 10:00,17号桥节制闸,1.500000,
2026-04-19 11:00,17号桥节制闸,1.500000,
2026-04-19 12:00,17号桥节制闸,1.500000,
2026-04-19 13:00,17号桥节制闸,1.500000,
2026-04-19 14:00,17号桥节制闸,1.500000,
2026-04-19 15:00,17号桥节制闸,1.500000,
2026-04-19 16:00,17号桥节制闸,1.500000,
2026-04-19 17:00,17号桥节制闸,1.500000,
2026-04-19 18:00,17号桥节制闸,1.500000,
2026-04-19 19:00,17号桥节制闸,1.500000,
2026-04-19 20:00,17号桥节制闸,1.500000,
2026-04-19 21:00,17号桥节制闸,1.500000,
2026-04-19 22:00,17号桥节制闸,1.500000,
2026-04-19 23:00,17号桥节制闸,1.500000,
2026-04-20 00:00,17号桥节制闸,1.500000,
2026-04-20 01:00,17号桥节制闸,1.500000,
2026-04-20 02:00,17号桥节制闸,1.500000,
2026-04-20 03:00,17号桥节制闸,1.500000,
2026-04-20 04:00,17号桥节制闸,1.500000,
2026-04-20 05:00,17号桥节制闸,1.500000,
2026-04-20 06:00,17号桥节制闸,1.500000,
2026-04-20 07:00,17号桥节制闸,1.500000,
2026-04-20 08:00,17号桥节制闸,1.500000,
2026-04-20 09:00,17号桥节制闸,1.500000,
2026-04-20 10:00,17号桥节制闸,1.500000,
2026-04-20 11:00,17号桥节制闸,1.500000,
2026-04-20 12:00,17号桥节制闸,1.500000,
2026-04-20 13:00,17号桥节制闸,1.500000,
2026-04-20 14:00,17号桥节制闸,1.500000,
2026-04-20 15:00,17号桥节制闸,1.500000,
2026-04-20 16:00,17号桥节制闸,1.500000,
2026-04-20 17:00,17号桥节制闸,1.500000,
2026-04-20 18:00,17号桥节制闸,1.500000,
2026-04-20 19:00,17号桥节制闸,1.500000,
2026-04-20 20:00,17号桥节制闸,1.500000,
2026-04-20 21:00,17号桥节制闸,1.500000,
2026-04-20 22:00,17号桥节制闸,1.500000,
2026-04-20 23:00,17号桥节制闸,1.500000,
2026-04-14 00:00,一级路南节制闸,1.500000,
2026-04-14 01:00,一级路南节制闸,1.391144,
2026-04-14 02:00,一级路南节制闸,1.375177,
2026-04-14 03:00,一级路南节制闸,1.380000,
2026-04-14 04:00,一级路南节制闸,1.380372,
2026-04-14 05:00,一级路南节制闸,1.386334,
2026-04-14 06:00,一级路南节制闸,1.390000,
2026-04-14 07:00,一级路南节制闸,1.380000,
2026-04-14 08:00,一级路南节制闸,1.360000,
2026-04-14 09:00,一级路南节制闸,1.330000,
2026-04-14 10:00,一级路南节制闸,1.330000,
2026-04-14 11:00,一级路南节制闸,1.330000,
2026-04-14 12:00,一级路南节制闸,1.330000,
2026-04-14 13:00,一级路南节制闸,1.330000,
2026-04-14 14:00,一级路南节制闸,1.330000,
2026-04-14 15:00,一级路南节制闸,1.330000,
2026-04-14 16:00,一级路南节制闸,1.320000,
2026-04-14 17:00,一级路南节制闸,1.319239,
2026-04-14 18:00,一级路南节制闸,1.320000,
2026-04-14 19:00,一级路南节制闸,1.320000,
2026-04-14 20:00,一级路南节制闸,1.320000,
2026-04-14 21:00,一级路南节制闸,1.320000,
2026-04-14 22:00,一级路南节制闸,1.320000,
2026-04-14 23:00,一级路南节制闸,1.320000,
2026-04-15 00:00,一级路南节制闸,1.320000,
2026-04-15 01:00,一级路南节制闸,1.340000,
2026-04-15 02:00,一级路南节制闸,1.370000,
2026-04-15 03:00,一级路南节制闸,1.420000,
2026-04-15 04:00,一级路南节制闸,1.460000,
2026-04-15 05:00,一级路南节制闸,1.490000,
2026-04-15 06:00,一级路南节制闸,1.520000,
2026-04-15 07:00,一级路南节制闸,1.530000,
2026-04-15 08:00,一级路南节制闸,1.530000,
2026-04-15 09:00,一级路南节制闸,1.530000,
2026-04-15 10:00,一级路南节制闸,1.530000,
2026-04-15 11:00,一级路南节制闸,1.530000,
2026-04-15 12:00,一级路南节制闸,1.530000,
2026-04-15 13:00,一级路南节制闸,1.530000,
2026-04-15 14:00,一级路南节制闸,1.530000,
2026-04-15 15:00,一级路南节制闸,1.530000,
2026-04-15 16:00,一级路南节制闸,1.530000,
2026-04-15 17:00,一级路南节制闸,1.530000,
2026-04-15 18:00,一级路南节制闸,1.530000,
2026-04-15 19:00,一级路南节制闸,1.530000,
2026-04-15 20:00,一级路南节制闸,1.530000,
2026-04-15 21:00,一级路南节制闸,1.530000,
2026-04-15 22:00,一级路南节制闸,1.490000,
2026-04-15 23:00,一级路南节制闸,1.470000,
2026-04-16 00:00,一级路南节制闸,1.460000,
2026-04-16 01:00,一级路南节制闸,1.450000,
2026-04-16 02:00,一级路南节制闸,1.440000,
2026-04-16 03:00,一级路南节制闸,1.430082,
2026-04-16 04:00,一级路南节制闸,1.400000,
2026-04-16 05:00,一级路南节制闸,1.400000,
2026-04-16 06:00,一级路南节制闸,1.400000,
2026-04-16 07:00,一级路南节制闸,1.390000,
2026-04-16 08:00,一级路南节制闸,1.390000,
2026-04-16 09:00,一级路南节制闸,1.390000,
2026-04-16 10:00,一级路南节制闸,1.390000,
2026-04-16 11:00,一级路南节制闸,1.380000,
2026-04-16 12:00,一级路南节制闸,1.380000,
2026-04-16 13:00,一级路南节制闸,1.380000,
2026-04-16 14:00,一级路南节制闸,1.380000,
2026-04-16 15:00,一级路南节制闸,1.380000,
2026-04-16 16:00,一级路南节制闸,1.380000,
2026-04-16 17:00,一级路南节制闸,1.380000,
2026-04-16 18:00,一级路南节制闸,1.380000,
2026-04-16 19:00,一级路南节制闸,1.380000,
2026-04-16 20:00,一级路南节制闸,1.380000,
2026-04-16 21:00,一级路南节制闸,1.380000,
2026-04-16 22:00,一级路南节制闸,1.380000,
2026-04-16 23:00,一级路南节制闸,1.380000,
2026-04-17 00:00,一级路南节制闸,1.329046,
2026-04-17 01:00,一级路南节制闸,1.300000,
2026-04-17 02:00,一级路南节制闸,1.300000,
2026-04-17 03:00,一级路南节制闸,1.300000,
2026-04-17 04:00,一级路南节制闸,1.300000,
2026-04-17 05:00,一级路南节制闸,1.300000,
2026-04-17 06:00,一级路南节制闸,1.300000,
2026-04-17 07:00,一级路南节制闸,1.306711,
2026-04-17 08:00,一级路南节制闸,1.321240,
2026-04-17 09:00,一级路南节制闸,1.350000,
2026-04-17 10:00,一级路南节制闸,1.358426,
2026-04-17 11:00,一级路南节制闸,1.360000,
2026-04-17 12:00,一级路南节制闸,1.340000,
2026-04-17 13:00,一级路南节制闸,1.340000,
2026-04-17 14:00,一级路南节制闸,1.340000,
2026-04-17 15:00,一级路南节制闸,1.340000,
2026-04-17 16:00,一级路南节制闸,1.340000,
2026-04-17 17:00,一级路南节制闸,1.340000,
2026-04-17 18:00,一级路南节制闸,1.330000,
2026-04-17 19:00,一级路南节制闸,1.332345,
2026-04-17 20:00,一级路南节制闸,1.350000,
2026-04-17 21:00,一级路南节制闸,1.340000,
2026-04-17 22:00,一级路南节制闸,1.350000,
2026-04-17 23:00,一级路南节制闸,1.360000,
2026-04-18 00:00,一级路南节制闸,1.380000,
2026-04-18 01:00,一级路南节制闸,1.390000,
2026-04-18 02:00,一级路南节制闸,1.390000,
2026-04-18 03:00,一级路南节制闸,1.400000,
2026-04-18 04:00,一级路南节制闸,1.400000,
2026-04-18 05:00,一级路南节制闸,1.470000,
2026-04-18 06:00,一级路南节制闸,1.565064,
2026-04-18 07:00,一级路南节制闸,1.597209,
2026-04-18 08:00,一级路南节制闸,1.597209,
2026-04-18 09:00,一级路南节制闸,1.568090,
2026-04-18 10:00,一级路南节制闸,1.520000,
2026-04-18 11:00,一级路南节制闸,1.501016,
2026-04-18 12:00,一级路南节制闸,1.430000,
2026-04-18 13:00,一级路南节制闸,1.380000,
2026-04-18 14:00,一级路南节制闸,1.340000,
2026-04-18 15:00,一级路南节制闸,1.300000,
2026-04-18 16:00,一级路南节制闸,1.300000,
2026-04-18 17:00,一级路南节制闸,1.300000,
2026-04-18 18:00,一级路南节制闸,1.310000,
2026-04-18 19:00,一级路南节制闸,1.360000,
2026-04-18 20:00,一级路南节制闸,1.390000,
2026-04-18 21:00,一级路南节制闸,1.360000,
2026-04-18 22:00,一级路南节制闸,1.390000,
2026-04-18 23:00,一级路南节制闸,1.410000,
2026-04-19 00:00,一级路南节制闸,1.440000,
2026-04-19 01:00,一级路南节制闸,1.460000,
2026-04-19 02:00,一级路南节制闸,1.480000,
2026-04-19 03:00,一级路南节制闸,1.490000,
2026-04-19 04:00,一级路南节制闸,1.496299,
2026-04-19 05:00,一级路南节制闸,1.496299,
2026-04-19 06:00,一级路南节制闸,1.470000,
2026-04-19 07:00,一级路南节制闸,1.460000,
2026-04-19 08:00,一级路南节制闸,1.460000,
2026-04-19 09:00,一级路南节制闸,1.442156,
2026-04-19 10:00,一级路南节制闸,1.410000,
2026-04-19 11:00,一级路南节制闸,1.385829,
2026-04-19 12:00,一级路南节制闸,1.350000,
2026-04-19 13:00,一级路南节制闸,1.314171,
2026-04-19 14:00,一级路南节制闸,1.300000,
2026-04-19 15:00,一级路南节制闸,1.300000,
2026-04-19 16:00,一级路南节制闸,1.300000,
2026-04-19 17:00,一级路南节制闸,1.320000,
2026-04-19 18:00,一级路南节制闸,1.520000,
2026-04-19 19:00,一级路南节制闸,1.592587,
2026-04-19 20:00,一级路南节制闸,1.592309,
2026-04-19 21:00,一级路南节制闸,1.499680,
2026-04-19 22:00,一级路南节制闸,1.441677,
2026-04-19 23:00,一级路南节制闸,1.430000,
2026-04-20 00:00,一级路南节制闸,1.450000,
2026-04-20 01:00,一级路南节制闸,1.460000,
2026-04-20 02:00,一级路南节制闸,1.460000,
2026-04-20 03:00,一级路南节制闸,1.460000,
2026-04-20 04:00,一级路南节制闸,1.480000,
2026-04-20 05:00,一级路南节制闸,1.550000,
2026-04-20 06:00,一级路南节制闸,1.630000,
2026-04-20 07:00,一级路南节制闸,1.700000,
2026-04-20 08:00,一级路南节制闸,1.700000,
2026-04-20 09:00,一级路南节制闸,1.660000,
2026-04-20 10:00,一级路南节制闸,1.620000,
2026-04-20 11:00,一级路南节制闸,1.590000,
2026-04-20 12:00,一级路南节制闸,1.540000,
2026-04-20 13:00,一级路南节制闸,1.510000,
2026-04-20 14:00,一级路南节制闸,1.490000,
2026-04-20 15:00,一级路南节制闸,1.470000,
2026-04-20 16:00,一级路南节制闸,1.471244,
2026-04-20 17:00,一级路南节制闸,1.443483,
2026-04-20 18:00,一级路南节制闸,1.403454,
2026-04-20 19:00,一级路南节制闸,1.363425,
2026-04-20 20:00,一级路南节制闸,1.325027,
2026-04-20 21:00,一级路南节制闸,1.300000,
2026-04-20 22:00,一级路南节制闸,1.300000,
2026-04-20 23:00,一级路南节制闸,1.300000,
2026-04-14 00:00,刘原节制闸,1.300000,
2026-04-14 01:00,刘原节制闸,1.300000,
2026-04-14 02:00,刘原节制闸,1.314377,
2026-04-14 03:00,刘原节制闸,1.300000,
2026-04-14 04:00,刘原节制闸,1.300000,
2026-04-14 05:00,刘原节制闸,1.300000,
2026-04-14 06:00,刘原节制闸,1.300000,
2026-04-14 07:00,刘原节制闸,1.300000,
2026-04-14 08:00,刘原节制闸,1.300000,
2026-04-14 09:00,刘原节制闸,1.327710,
2026-04-14 10:00,刘原节制闸,1.327710,
2026-04-14 11:00,刘原节制闸,1.327710,
2026-04-14 12:00,刘原节制闸,1.327710,
2026-04-14 13:00,刘原节制闸,1.327710,
2026-04-14 14:00,刘原节制闸,1.327710,
2026-04-14 15:00,刘原节制闸,1.306054,
2026-04-14 16:00,刘原节制闸,1.300000,
2026-04-14 17:00,刘原节制闸,1.300000,
2026-04-14 18:00,刘原节制闸,1.300000,
2026-04-14 19:00,刘原节制闸,1.300000,
2026-04-14 20:00,刘原节制闸,1.300000,
2026-04-14 21:00,刘原节制闸,1.300000,
2026-04-14 22:00,刘原节制闸,1.300000,
2026-04-14 23:00,刘原节制闸,1.300000,
2026-04-15 00:00,刘原节制闸,1.300000,
2026-04-15 01:00,刘原节制闸,1.300000,
2026-04-15 02:00,刘原节制闸,1.300000,
2026-04-15 03:00,刘原节制闸,1.300000,
2026-04-15 04:00,刘原节制闸,1.300000,
2026-04-15 05:00,刘原节制闸,1.300000,
2026-04-15 06:00,刘原节制闸,1.300000,
2026-04-15 07:00,刘原节制闸,1.300000,
2026-04-15 08:00,刘原节制闸,1.300000,
2026-04-15 09:00,刘原节制闸,1.300000,
2026-04-15 10:00,刘原节制闸,1.300000,
2026-04-15 11:00,刘原节制闸,1.300000,
2026-04-15 12:00,刘原节制闸,1.300000,
2026-04-15 13:00,刘原节制闸,1.300000,
2026-04-15 14:00,刘原节制闸,1.300000,
2026-04-15 15:00,刘原节制闸,1.300000,
2026-04-15 16:00,刘原节制闸,1.300000,
2026-04-15 17:00,刘原节制闸,1.300000,
2026-04-15 18:00,刘原节制闸,1.300000,
2026-04-15 19:00,刘原节制闸,1.300000,
2026-04-15 20:00,刘原节制闸,1.300000,
2026-04-15 21:00,刘原节制闸,1.300000,
2026-04-15 22:00,刘原节制闸,1.300000,
2026-04-15 23:00,刘原节制闸,1.300000,
2026-04-16 00:00,刘原节制闸,1.300000,
2026-04-16 01:00,刘原节制闸,1.300000,
2026-04-16 02:00,刘原节制闸,1.300000,
2026-04-16 03:00,刘原节制闸,1.300000,
2026-04-16 04:00,刘原节制闸,1.309161,
2026-04-16 05:00,刘原节制闸,1.300000,
2026-04-16 06:00,刘原节制闸,1.300000,
2026-04-16 07:00,刘原节制闸,1.300000,
2026-04-16 08:00,刘原节制闸,1.300000,
2026-04-16 09:00,刘原节制闸,1.300000,
2026-04-16 10:00,刘原节制闸,1.300000,
2026-04-16 11:00,刘原节制闸,1.300000,
2026-04-16 12:00,刘原节制闸,1.300000,
2026-04-16 13:00,刘原节制闸,1.300000,
2026-04-16 14:00,刘原节制闸,1.300000,
2026-04-16 15:00,刘原节制闸,1.300000,
2026-04-16 16:00,刘原节制闸,1.300000,
2026-04-16 17:00,刘原节制闸,1.300000,
2026-04-16 18:00,刘原节制闸,1.300000,
2026-04-16 19:00,刘原节制闸,1.300000,
2026-04-16 20:00,刘原节制闸,1.300000,
2026-04-16 21:00,刘原节制闸,1.300000,
2026-04-16 22:00,刘原节制闸,1.300000,
2026-04-16 23:00,刘原节制闸,1.300000,
2026-04-17 00:00,刘原节制闸,1.347065,
2026-04-17 01:00,刘原节制闸,1.384360,
2026-04-17 02:00,刘原节制闸,1.437996,
2026-04-17 03:00,刘原节制闸,1.405626,
2026-04-17 04:00,刘原节制闸,1.300000,
2026-04-17 05:00,刘原节制闸,1.300000,
2026-04-17 06:00,刘原节制闸,1.300000,
2026-04-17 07:00,刘原节制闸,1.305894,
2026-04-17 08:00,刘原节制闸,1.305894,
2026-04-17 09:00,刘原节制闸,1.300000,
2026-04-17 10:00,刘原节制闸,1.300000,
2026-04-17 11:00,刘原节制闸,1.300000,
2026-04-17 12:00,刘原节制闸,1.300000,
2026-04-17 13:00,刘原节制闸,1.300000,
2026-04-17 14:00,刘原节制闸,1.300000,
2026-04-17 15:00,刘原节制闸,1.300000,
2026-04-17 16:00,刘原节制闸,1.300000,
2026-04-17 17:00,刘原节制闸,1.300000,
2026-04-17 18:00,刘原节制闸,1.300000,
2026-04-17 19:00,刘原节制闸,1.308707,
2026-04-17 20:00,刘原节制闸,1.300000,
2026-04-17 21:00,刘原节制闸,1.300000,
2026-04-17 22:00,刘原节制闸,1.300000,
2026-04-17 23:00,刘原节制闸,1.300000,
2026-04-18 00:00,刘原节制闸,1.300000,
2026-04-18 01:00,刘原节制闸,1.300000,
2026-04-18 02:00,刘原节制闸,1.310000,
2026-04-18 03:00,刘原节制闸,1.330000,
2026-04-18 04:00,刘原节制闸,1.360000,
2026-04-18 05:00,刘原节制闸,1.360000,
2026-04-18 06:00,刘原节制闸,1.315548,
2026-04-18 07:00,刘原节制闸,1.300000,
2026-04-18 08:00,刘原节制闸,1.300000,
2026-04-18 09:00,刘原节制闸,1.300000,
2026-04-18 10:00,刘原节制闸,1.300000,
2026-04-18 11:00,刘原节制闸,1.300000,
2026-04-18 12:00,刘原节制闸,1.356365,
2026-04-18 13:00,刘原节制闸,1.376704,
2026-04-18 14:00,刘原节制闸,1.384791,
2026-04-18 15:00,刘原节制闸,1.360360,
2026-04-18 16:00,刘原节制闸,1.326330,
2026-04-18 17:00,刘原节制闸,1.300000,
2026-04-18 18:00,刘原节制闸,1.300000,
2026-04-18 19:00,刘原节制闸,1.300000,
2026-04-18 20:00,刘原节制闸,1.300000,
2026-04-18 21:00,刘原节制闸,1.300000,
2026-04-18 22:00,刘原节制闸,1.300000,
2026-04-18 23:00,刘原节制闸,1.300000,
2026-04-19 00:00,刘原节制闸,1.300000,
2026-04-19 01:00,刘原节制闸,1.300000,
2026-04-19 02:00,刘原节制闸,1.300000,
2026-04-19 03:00,刘原节制闸,1.300000,
2026-04-19 04:00,刘原节制闸,1.300000,
2026-04-19 05:00,刘原节制闸,1.342228,
2026-04-19 06:00,刘原节制闸,1.400000,
2026-04-19 07:00,刘原节制闸,1.364452,
2026-04-19 08:00,刘原节制闸,1.320332,
2026-04-19 09:00,刘原节制闸,1.300000,
2026-04-19 10:00,刘原节制闸,1.308495,
2026-04-19 11:00,刘原节制闸,1.300000,
2026-04-19 12:00,刘原节制闸,1.330348,
2026-04-19 13:00,刘原节制闸,1.363443,
2026-04-19 14:00,刘原节制闸,1.336680,
2026-04-19 15:00,刘原节制闸,1.300000,
2026-04-19 16:00,刘原节制闸,1.300000,
2026-04-19 17:00,刘原节制闸,1.304393,
2026-04-19 18:00,刘原节制闸,1.300000,
2026-04-19 19:00,刘原节制闸,1.300000,
2026-04-19 20:00,刘原节制闸,1.300000,
2026-04-19 21:00,刘原节制闸,1.351103,
2026-04-19 22:00,刘原节制闸,1.343799,
2026-04-19 23:00,刘原节制闸,1.300000,
2026-04-20 00:00,刘原节制闸,1.300000,
2026-04-20 01:00,刘原节制闸,1.300000,
2026-04-20 02:00,刘原节制闸,1.310000,
2026-04-20 03:00,刘原节制闸,1.320000,
2026-04-20 04:00,刘原节制闸,1.360000,
2026-04-20 05:00,刘原节制闸,1.410000,
2026-04-20 06:00,刘原节制闸,1.450000,
2026-04-20 07:00,刘原节制闸,1.460000,
2026-04-20 08:00,刘原节制闸,1.444642,
2026-04-20 09:00,刘原节制闸,1.446818,
2026-04-20 10:00,刘原节制闸,1.411490,
2026-04-20 11:00,刘原节制闸,1.386342,
2026-04-20 12:00,刘原节制闸,1.380000,
2026-04-20 13:00,刘原节制闸,1.370000,
2026-04-20 14:00,刘原节制闸,1.354140,
2026-04-20 15:00,刘原节制闸,1.328119,
2026-04-20 16:00,刘原节制闸,1.300000,
2026-04-20 17:00,刘原节制闸,1.300000,
2026-04-20 18:00,刘原节制闸,1.300000,
2026-04-20 19:00,刘原节制闸,1.300000,
2026-04-20 20:00,刘原节制闸,1.300000,
2026-04-20 21:00,刘原节制闸,1.300000,
2026-04-20 22:00,刘原节制闸,1.300000,
2026-04-20 23:00,刘原节制闸,1.300000,
2026-04-14 00:00,富家岭节制闸,1.500000,
2026-04-14 01:00,富家岭节制闸,1.463052,
2026-04-14 02:00,富家岭节制闸,1.446313,
2026-04-14 03:00,富家岭节制闸,1.440000,
2026-04-14 04:00,富家岭节制闸,1.422818,
2026-04-14 05:00,富家岭节制闸,1.400000,
2026-04-14 06:00,富家岭节制闸,1.370000,
2026-04-14 07:00,富家岭节制闸,1.340155,
2026-04-14 08:00,富家岭节制闸,1.338704,
2026-04-14 09:00,富家岭节制闸,1.337253,
2026-04-14 10:00,富家岭节制闸,1.335803,
2026-04-14 11:00,富家岭节制闸,1.334352,
2026-04-14 12:00,富家岭节制闸,1.332901,
2026-04-14 13:00,富家岭节制闸,1.331451,
2026-04-14 14:00,富家岭节制闸,1.330000,
2026-04-14 15:00,富家岭节制闸,1.328549,
2026-04-14 16:00,富家岭节制闸,1.322680,
2026-04-14 17:00,富家岭节制闸,1.310922,
2026-04-14 18:00,富家岭节制闸,1.308704,
2026-04-14 19:00,富家岭节制闸,1.307253,
2026-04-14 20:00,富家岭节制闸,1.305803,
2026-04-14 21:00,富家岭节制闸,1.304352,
2026-04-14 22:00,富家岭节制闸,1.302901,
2026-04-14 23:00,富家岭节制闸,1.301451,
2026-04-15 00:00,富家岭节制闸,1.300000,
2026-04-15 01:00,富家岭节制闸,1.300000,
2026-04-15 02:00,富家岭节制闸,1.300000,
2026-04-15 03:00,富家岭节制闸,1.300000,
2026-04-15 04:00,富家岭节制闸,1.300000,
2026-04-15 05:00,富家岭节制闸,1.300000,
2026-04-15 06:00,富家岭节制闸,1.310000,
2026-04-15 07:00,富家岭节制闸,1.300000,
2026-04-15 08:00,富家岭节制闸,1.300000,
2026-04-15 09:00,富家岭节制闸,1.300000,
2026-04-15 10:00,富家岭节制闸,1.300000,
2026-04-15 11:00,富家岭节制闸,1.300000,
2026-04-15 12:00,富家岭节制闸,1.300000,
2026-04-15 13:00,富家岭节制闸,1.300000,
2026-04-15 14:00,富家岭节制闸,1.300000,
2026-04-15 15:00,富家岭节制闸,1.300000,
2026-04-15 16:00,富家岭节制闸,1.300000,
2026-04-15 17:00,富家岭节制闸,1.300000,
2026-04-15 18:00,富家岭节制闸,1.300000,
2026-04-15 19:00,富家岭节制闸,1.300000,
2026-04-15 20:00,富家岭节制闸,1.300000,
2026-04-15 21:00,富家岭节制闸,1.300000,
2026-04-15 22:00,富家岭节制闸,1.300000,
2026-04-15 23:00,富家岭节制闸,1.300000,
2026-04-16 00:00,富家岭节制闸,1.300000,
2026-04-16 01:00,富家岭节制闸,1.300000,
2026-04-16 02:00,富家岭节制闸,1.300000,
2026-04-16 03:00,富家岭节制闸,1.300000,
2026-04-16 04:00,富家岭节制闸,1.300000,
2026-04-16 05:00,富家岭节制闸,1.300000,
2026-04-16 06:00,富家岭节制闸,1.300000,
2026-04-16 07:00,富家岭节制闸,1.300000,
2026-04-16 08:00,富家岭节制闸,1.300000,
2026-04-16 09:00,富家岭节制闸,1.300000,
2026-04-16 10:00,富家岭节制闸,1.300000,
2026-04-16 11:00,富家岭节制闸,1.300000,
2026-04-16 12:00,富家岭节制闸,1.320000,
2026-04-16 13:00,富家岭节制闸,1.355803,
2026-04-16 14:00,富家岭节制闸,1.354352,
2026-04-16 15:00,富家岭节制闸,1.352901,
2026-04-16 16:00,富家岭节制闸,1.351451,
2026-04-16 17:00,富家岭节制闸,1.350000,
2026-04-16 18:00,富家岭节制闸,1.348549,
2026-04-16 19:00,富家岭节制闸,1.347099,
2026-04-16 20:00,富家岭节制闸,1.345648,
2026-04-16 21:00,富家岭节制闸,1.360000,
2026-04-16 22:00,富家岭节制闸,1.575777,
2026-04-16 23:00,富家岭节制闸,1.574326,
2026-04-17 00:00,富家岭节制闸,1.572876,
2026-04-17 01:00,富家岭节制闸,1.560000,
2026-04-17 02:00,富家岭节制闸,1.500000,
2026-04-17 03:00,富家岭节制闸,1.440000,
2026-04-17 04:00,富家岭节制闸,1.520000,
2026-04-17 05:00,富家岭节制闸,1.560000,
2026-04-17 06:00,富家岭节制闸,1.552116,
2026-04-17 07:00,富家岭节制闸,1.537465,
2026-04-17 08:00,富家岭节制闸,1.521365,
2026-04-17 09:00,富家岭节制闸,1.530000,
2026-04-17 10:00,富家岭节制闸,1.510000,
2026-04-17 11:00,富家岭节制闸,1.480000,
2026-04-17 12:00,富家岭节制闸,1.540000,
2026-04-17 13:00,富家岭节制闸,1.560000,
2026-04-17 14:00,富家岭节制闸,1.570000,
2026-04-17 15:00,富家岭节制闸,1.550000,
2026-04-17 16:00,富家岭节制闸,1.540000,
2026-04-17 17:00,富家岭节制闸,1.550000,
2026-04-17 18:00,富家岭节制闸,1.530000,
2026-04-17 19:00,富家岭节制闸,1.506560,
2026-04-17 20:00,富家岭节制闸,1.490000,
2026-04-17 21:00,富家岭节制闸,1.500000,
2026-04-17 22:00,富家岭节制闸,1.510000,
2026-04-17 23:00,富家岭节制闸,1.530000,
2026-04-18 00:00,富家岭节制闸,1.550000,
2026-04-18 01:00,富家岭节制闸,1.550000,
2026-04-18 02:00,富家岭节制闸,1.550000,
2026-04-18 03:00,富家岭节制闸,1.560000,
2026-04-18 04:00,富家岭节制闸,1.580000,
2026-04-18 05:00,富家岭节制闸,1.600000,
2026-04-18 06:00,富家岭节制闸,1.607673,
2026-04-18 07:00,富家岭节制闸,1.552262,
2026-04-18 08:00,富家岭节制闸,1.521451,
2026-04-18 09:00,富家岭节制闸,1.520000,
2026-04-18 10:00,富家岭节制闸,1.572751,
2026-04-18 11:00,富家岭节制闸,1.571300,
2026-04-18 12:00,富家岭节制闸,1.569850,
2026-04-18 13:00,富家岭节制闸,1.540000,
2026-04-18 14:00,富家岭节制闸,1.510150,
2026-04-18 15:00,富家岭节制闸,1.508700,
2026-04-18 16:00,富家岭节制闸,1.507249,
2026-04-18 17:00,富家岭节制闸,1.510000,
2026-04-18 18:00,富家岭节制闸,1.530000,
2026-04-18 19:00,富家岭节制闸,1.570000,
2026-04-18 20:00,富家岭节制闸,1.600000,
2026-04-18 21:00,富家岭节制闸,1.600000,
2026-04-18 22:00,富家岭节制闸,1.620000,
2026-04-18 23:00,富家岭节制闸,1.660000,
2026-04-19 00:00,富家岭节制闸,1.700000,
2026-04-19 01:00,富家岭节制闸,1.700000,
2026-04-19 02:00,富家岭节制闸,1.700000,
2026-04-19 03:00,富家岭节制闸,1.700000,
2026-04-19 04:00,富家岭节制闸,1.693101,
2026-04-19 05:00,富家岭节制闸,1.586594,
2026-04-19 06:00,富家岭节制闸,1.500000,
2026-04-19 07:00,富家岭节制闸,1.590000,
2026-04-19 08:00,富家岭节制闸,1.621451,
2026-04-19 09:00,富家岭节制闸,1.620000,
2026-04-19 10:00,富家岭节制闸,1.642901,
2026-04-19 11:00,富家岭节制闸,1.641451,
2026-04-19 12:00,富家岭节制闸,1.640000,
2026-04-19 13:00,富家岭节制闸,1.638549,
2026-04-19 14:00,富家岭节制闸,1.620000,
2026-04-19 15:00,富家岭节制闸,1.600000,
2026-04-19 16:00,富家岭节制闸,1.570000,
2026-04-19 17:00,富家岭节制闸,1.540000,
2026-04-19 18:00,富家岭节制闸,1.510000,
2026-04-19 19:00,富家岭节制闸,1.480000,
2026-04-19 20:00,富家岭节制闸,1.446741,
2026-04-19 21:00,富家岭节制闸,1.445290,
2026-04-19 22:00,富家岭节制闸,1.450000,
2026-04-19 23:00,富家岭节制闸,1.490000,
2026-04-20 00:00,富家岭节制闸,1.490000,
2026-04-20 01:00,富家岭节制闸,1.400000,
2026-04-20 02:00,富家岭节制闸,1.390000,
2026-04-20 03:00,富家岭节制闸,1.420000,
2026-04-20 04:00,富家岭节制闸,1.450000,
2026-04-20 05:00,富家岭节制闸,1.450000,
2026-04-20 06:00,富家岭节制闸,1.430000,
2026-04-20 07:00,富家岭节制闸,1.420000,
2026-04-20 08:00,富家岭节制闸,1.391049,
2026-04-20 09:00,富家岭节制闸,1.360000,
2026-04-20 10:00,富家岭节制闸,1.330000,
2026-04-20 11:00,富家岭节制闸,1.341451,
2026-04-20 12:00,富家岭节制闸,1.340000,
2026-04-20 13:00,富家岭节制闸,1.350000,
2026-04-20 14:00,富家岭节制闸,1.330000,
2026-04-20 15:00,富家岭节制闸,1.320000,
2026-04-20 16:00,富家岭节制闸,1.300000,
2026-04-20 17:00,富家岭节制闸,1.301451,
2026-04-20 18:00,富家岭节制闸,1.300000,
2026-04-20 19:00,富家岭节制闸,1.300000,
2026-04-20 20:00,富家岭节制闸,1.300000,
2026-04-20 21:00,富家岭节制闸,1.300000,
2026-04-20 22:00,富家岭节制闸,1.300000,
2026-04-20 23:00,富家岭节制闸,1.300000,
2026-04-14 00:00,总干渠尾,1.500000,
2026-04-14 01:00,总干渠尾,1.500000,
2026-04-14 02:00,总干渠尾,1.500000,
2026-04-14 03:00,总干渠尾,1.500000,
2026-04-14 04:00,总干渠尾,1.500000,
2026-04-14 05:00,总干渠尾,1.500000,
2026-04-14 06:00,总干渠尾,1.500000,
2026-04-14 07:00,总干渠尾,1.500000,
2026-04-14 08:00,总干渠尾,1.500000,
2026-04-14 09:00,总干渠尾,1.500000,
2026-04-14 10:00,总干渠尾,1.500000,
2026-04-14 11:00,总干渠尾,1.500000,
2026-04-14 12:00,总干渠尾,1.500000,
2026-04-14 13:00,总干渠尾,1.500000,
2026-04-14 14:00,总干渠尾,1.500000,
2026-04-14 15:00,总干渠尾,1.500000,
2026-04-14 16:00,总干渠尾,1.500000,
2026-04-14 17:00,总干渠尾,1.500000,
2026-04-14 18:00,总干渠尾,1.500000,
2026-04-14 19:00,总干渠尾,1.500000,
2026-04-14 20:00,总干渠尾,1.500000,
2026-04-14 21:00,总干渠尾,1.500000,
2026-04-14 22:00,总干渠尾,1.500000,
2026-04-14 23:00,总干渠尾,1.500000,
2026-04-15 00:00,总干渠尾,1.500000,
2026-04-15 01:00,总干渠尾,1.500000,
2026-04-15 02:00,总干渠尾,1.500000,
2026-04-15 03:00,总干渠尾,1.500000,
2026-04-15 04:00,总干渠尾,1.500000,
2026-04-15 05:00,总干渠尾,1.500000,
2026-04-15 06:00,总干渠尾,1.500000,
2026-04-15 07:00,总干渠尾,1.500000,
2026-04-15 08:00,总干渠尾,1.500000,
2026-04-15 09:00,总干渠尾,1.500000,
2026-04-15 10:00,总干渠尾,1.500000,
2026-04-15 11:00,总干渠尾,1.500000,
2026-04-15 12:00,总干渠尾,1.500000,
2026-04-15 13:00,总干渠尾,1.500000,
2026-04-15 14:00,总干渠尾,1.500000,
2026-04-15 15:00,总干渠尾,1.500000,
2026-04-15 16:00,总干渠尾,1.500000,
2026-04-15 17:00,总干渠尾,1.500000,
2026-04-15 18:00,总干渠尾,1.500000,
2026-04-15 19:00,总干渠尾,1.500000,
2026-04-15 20:00,总干渠尾,1.500000,
2026-04-15 21:00,总干渠尾,1.500000,
2026-04-15 22:00,总干渠尾,1.500000,
2026-04-15 23:00,总干渠尾,1.500000,
2026-04-16 00:00,总干渠尾,1.500000,
2026-04-16 01:00,总干渠尾,1.500000,
2026-04-16 02:00,总干渠尾,1.500000,
2026-04-16 03:00,总干渠尾,1.500000,
2026-04-16 04:00,总干渠尾,1.500000,
2026-04-16 05:00,总干渠尾,1.500000,
2026-04-16 06:00,总干渠尾,1.500000,
2026-04-16 07:00,总干渠尾,1.500000,
2026-04-16 08:00,总干渠尾,1.500000,
2026-04-16 09:00,总干渠尾,1.500000,
2026-04-16 10:00,总干渠尾,1.500000,
2026-04-16 11:00,总干渠尾,1.500000,
2026-04-16 12:00,总干渠尾,1.500000,
2026-04-16 13:00,总干渠尾,1.500000,
2026-04-16 14:00,总干渠尾,1.500000,
2026-04-16 15:00,总干渠尾,1.500000,
2026-04-16 16:00,总干渠尾,1.500000,
2026-04-16 17:00,总干渠尾,1.500000,
2026-04-16 18:00,总干渠尾,1.500000,
2026-04-16 19:00,总干渠尾,1.500000,
2026-04-16 20:00,总干渠尾,1.500000,
2026-04-16 21:00,总干渠尾,1.500000,
2026-04-16 22:00,总干渠尾,1.500000,
2026-04-16 23:00,总干渠尾,1.500000,
2026-04-17 00:00,总干渠尾,1.500000,
2026-04-17 01:00,总干渠尾,1.500000,
2026-04-17 02:00,总干渠尾,1.500000,
2026-04-17 03:00,总干渠尾,1.500000,
2026-04-17 04:00,总干渠尾,1.500000,
2026-04-17 05:00,总干渠尾,1.500000,
2026-04-17 06:00,总干渠尾,1.500000,
2026-04-17 07:00,总干渠尾,1.500000,
2026-04-17 08:00,总干渠尾,1.500000,
2026-04-17 09:00,总干渠尾,1.500000,
2026-04-17 10:00,总干渠尾,1.500000,
2026-04-17 11:00,总干渠尾,1.500000,
2026-04-17 12:00,总干渠尾,1.500000,
2026-04-17 13:00,总干渠尾,1.500000,
2026-04-17 14:00,总干渠尾,1.500000,
2026-04-17 15:00,总干渠尾,1.500000,
2026-04-17 16:00,总干渠尾,1.500000,
2026-04-17 17:00,总干渠尾,1.500000,
2026-04-17 18:00,总干渠尾,1.500000,
2026-04-17 19:00,总干渠尾,1.500000,
2026-04-17 20:00,总干渠尾,1.500000,
2026-04-17 21:00,总干渠尾,1.500000,
2026-04-17 22:00,总干渠尾,1.500000,
2026-04-17 23:00,总干渠尾,1.500000,
2026-04-18 00:00,总干渠尾,1.500000,
2026-04-18 01:00,总干渠尾,1.500000,
2026-04-18 02:00,总干渠尾,1.500000,
2026-04-18 03:00,总干渠尾,1.500000,
2026-04-18 04:00,总干渠尾,1.500000,
2026-04-18 05:00,总干渠尾,1.500000,
2026-04-18 06:00,总干渠尾,1.500000,
2026-04-18 07:00,总干渠尾,1.500000,
2026-04-18 08:00,总干渠尾,1.500000,
2026-04-18 09:00,总干渠尾,1.500000,
2026-04-18 10:00,总干渠尾,1.500000,
2026-04-18 11:00,总干渠尾,1.500000,
2026-04-18 12:00,总干渠尾,1.500000,
2026-04-18 13:00,总干渠尾,1.500000,
2026-04-18 14:00,总干渠尾,1.500000,
2026-04-18 15:00,总干渠尾,1.500000,
2026-04-18 16:00,总干渠尾,1.500000,
2026-04-18 17:00,总干渠尾,1.500000,
2026-04-18 18:00,总干渠尾,1.500000,
2026-04-18 19:00,总干渠尾,1.500000,
2026-04-18 20:00,总干渠尾,1.500000,
2026-04-18 21:00,总干渠尾,1.500000,
2026-04-18 22:00,总干渠尾,1.500000,
2026-04-18 23:00,总干渠尾,1.500000,
2026-04-19 00:00,总干渠尾,1.500000,
2026-04-19 01:00,总干渠尾,1.500000,
2026-04-19 02:00,总干渠尾,1.500000,
2026-04-19 03:00,总干渠尾,1.500000,
2026-04-19 04:00,总干渠尾,1.500000,
2026-04-19 05:00,总干渠尾,1.500000,
2026-04-19 06:00,总干渠尾,1.500000,
2026-04-19 07:00,总干渠尾,1.500000,
2026-04-19 08:00,总干渠尾,1.500000,
2026-04-19 09:00,总干渠尾,1.500000,
2026-04-19 10:00,总干渠尾,1.500000,
2026-04-19 11:00,总干渠尾,1.500000,
2026-04-19 12:00,总干渠尾,1.500000,
2026-04-19 13:00,总干渠尾,1.500000,
2026-04-19 14:00,总干渠尾,1.500000,
2026-04-19 15:00,总干渠尾,1.500000,
2026-04-19 16:00,总干渠尾,1.500000,
2026-04-19 17:00,总干渠尾,1.500000,
2026-04-19 18:00,总干渠尾,1.500000,
2026-04-19 19:00,总干渠尾,1.500000,
2026-04-19 20:00,总干渠尾,1.500000,
2026-04-19 21:00,总干渠尾,1.500000,
2026-04-19 22:00,总干渠尾,1.500000,
2026-04-19 23:00,总干渠尾,1.500000,
2026-04-20 00:00,总干渠尾,1.500000,
2026-04-20 01:00,总干渠尾,1.500000,
2026-04-20 02:00,总干渠尾,1.500000,
2026-04-20 03:00,总干渠尾,1.500000,
2026-04-20 04:00,总干渠尾,1.500000,
2026-04-20 05:00,总干渠尾,1.500000,
2026-04-20 06:00,总干渠尾,1.500000,
2026-04-20 07:00,总干渠尾,1.500000,
2026-04-20 08:00,总干渠尾,1.500000,
2026-04-20 09:00,总干渠尾,1.500000,
2026-04-20 10:00,总干渠尾,1.500000,
2026-04-20 11:00,总干渠尾,1.500000,
2026-04-20 12:00,总干渠尾,1.500000,
2026-04-20 13:00,总干渠尾,1.500000,
2026-04-20 14:00,总干渠尾,1.500000,
2026-04-20 15:00,总干渠尾,1.500000,
2026-04-20 16:00,总干渠尾,1.500000,
2026-04-20 17:00,总干渠尾,1.500000,
2026-04-20 18:00,总干渠尾,1.500000,
2026-04-20 19:00,总干渠尾,1.500000,
2026-04-20 20:00,总干渠尾,1.500000,
2026-04-20 21:00,总干渠尾,1.500000,
2026-04-20 22:00,总干渠尾,1.500000,
2026-04-20 23:00,总干渠尾,1.500000,
2026-04-14 00:00,杨元坝节制闸,1.500000,
2026-04-14 01:00,杨元坝节制闸,1.500000,
2026-04-14 02:00,杨元坝节制闸,1.500000,
2026-04-14 03:00,杨元坝节制闸,1.500000,
2026-04-14 04:00,杨元坝节制闸,1.500000,
2026-04-14 05:00,杨元坝节制闸,1.500000,
2026-04-14 06:00,杨元坝节制闸,1.500000,
2026-04-14 07:00,杨元坝节制闸,1.500000,
2026-04-14 08:00,杨元坝节制闸,1.500000,
2026-04-14 09:00,杨元坝节制闸,1.500000,
2026-04-14 10:00,杨元坝节制闸,1.500000,
2026-04-14 11:00,杨元坝节制闸,1.500000,
2026-04-14 12:00,杨元坝节制闸,1.500000,
2026-04-14 13:00,杨元坝节制闸,1.500000,
2026-04-14 14:00,杨元坝节制闸,1.500000,
2026-04-14 15:00,杨元坝节制闸,1.500000,
2026-04-14 16:00,杨元坝节制闸,1.500000,
2026-04-14 17:00,杨元坝节制闸,1.500000,
2026-04-14 18:00,杨元坝节制闸,1.500000,
2026-04-14 19:00,杨元坝节制闸,1.500000,
2026-04-14 20:00,杨元坝节制闸,1.500000,
2026-04-14 21:00,杨元坝节制闸,1.500000,
2026-04-14 22:00,杨元坝节制闸,1.500000,
2026-04-14 23:00,杨元坝节制闸,1.500000,
2026-04-15 00:00,杨元坝节制闸,1.500000,
2026-04-15 01:00,杨元坝节制闸,1.500000,
2026-04-15 02:00,杨元坝节制闸,1.500000,
2026-04-15 03:00,杨元坝节制闸,1.500000,
2026-04-15 04:00,杨元坝节制闸,1.500000,
2026-04-15 05:00,杨元坝节制闸,1.500000,
2026-04-15 06:00,杨元坝节制闸,1.500000,
2026-04-15 07:00,杨元坝节制闸,1.500000,
2026-04-15 08:00,杨元坝节制闸,1.500000,
2026-04-15 09:00,杨元坝节制闸,1.500000,
2026-04-15 10:00,杨元坝节制闸,1.500000,
2026-04-15 11:00,杨元坝节制闸,1.500000,
2026-04-15 12:00,杨元坝节制闸,1.500000,
2026-04-15 13:00,杨元坝节制闸,1.500000,
2026-04-15 14:00,杨元坝节制闸,1.500000,
2026-04-15 15:00,杨元坝节制闸,1.500000,
2026-04-15 16:00,杨元坝节制闸,1.500000,
2026-04-15 17:00,杨元坝节制闸,1.500000,
2026-04-15 18:00,杨元坝节制闸,1.500000,
2026-04-15 19:00,杨元坝节制闸,1.500000,
2026-04-15 20:00,杨元坝节制闸,1.500000,
2026-04-15 21:00,杨元坝节制闸,1.500000,
2026-04-15 22:00,杨元坝节制闸,1.500000,
2026-04-15 23:00,杨元坝节制闸,1.500000,
2026-04-16 00:00,杨元坝节制闸,1.500000,
2026-04-16 01:00,杨元坝节制闸,1.500000,
2026-04-16 02:00,杨元坝节制闸,1.500000,
2026-04-16 03:00,杨元坝节制闸,1.500000,
2026-04-16 04:00,杨元坝节制闸,1.500000,
2026-04-16 05:00,杨元坝节制闸,1.500000,
2026-04-16 06:00,杨元坝节制闸,1.500000,
2026-04-16 07:00,杨元坝节制闸,1.500000,
2026-04-16 08:00,杨元坝节制闸,1.500000,
2026-04-16 09:00,杨元坝节制闸,1.500000,
2026-04-16 10:00,杨元坝节制闸,1.500000,
2026-04-16 11:00,杨元坝节制闸,1.500000,
2026-04-16 12:00,杨元坝节制闸,1.500000,
2026-04-16 13:00,杨元坝节制闸,1.500000,
2026-04-16 14:00,杨元坝节制闸,1.500000,
2026-04-16 15:00,杨元坝节制闸,1.500000,
2026-04-16 16:00,杨元坝节制闸,1.500000,
2026-04-16 17:00,杨元坝节制闸,1.500000,
2026-04-16 18:00,杨元坝节制闸,1.500000,
2026-04-16 19:00,杨元坝节制闸,1.500000,
2026-04-16 20:00,杨元坝节制闸,1.500000,
2026-04-16 21:00,杨元坝节制闸,1.500000,
2026-04-16 22:00,杨元坝节制闸,1.500000,
2026-04-16 23:00,杨元坝节制闸,1.500000,
2026-04-17 00:00,杨元坝节制闸,1.500000,
2026-04-17 01:00,杨元坝节制闸,1.500000,
2026-04-17 02:00,杨元坝节制闸,1.500000,
2026-04-17 03:00,杨元坝节制闸,1.500000,
2026-04-17 04:00,杨元坝节制闸,1.500000,
2026-04-17 05:00,杨元坝节制闸,1.500000,
2026-04-17 06:00,杨元坝节制闸,1.500000,
2026-04-17 07:00,杨元坝节制闸,1.500000,
2026-04-17 08:00,杨元坝节制闸,1.500000,
2026-04-17 09:00,杨元坝节制闸,1.500000,
2026-04-17 10:00,杨元坝节制闸,1.500000,
2026-04-17 11:00,杨元坝节制闸,1.500000,
2026-04-17 12:00,杨元坝节制闸,1.500000,
2026-04-17 13:00,杨元坝节制闸,1.500000,
2026-04-17 14:00,杨元坝节制闸,1.500000,
2026-04-17 15:00,杨元坝节制闸,1.500000,
2026-04-17 16:00,杨元坝节制闸,1.500000,
2026-04-17 17:00,杨元坝节制闸,1.500000,
2026-04-17 18:00,杨元坝节制闸,1.500000,
2026-04-17 19:00,杨元坝节制闸,1.500000,
2026-04-17 20:00,杨元坝节制闸,1.500000,
2026-04-17 21:00,杨元坝节制闸,1.500000,
2026-04-17 22:00,杨元坝节制闸,1.500000,
2026-04-17 23:00,杨元坝节制闸,1.500000,
2026-04-18 00:00,杨元坝节制闸,1.500000,
2026-04-18 01:00,杨元坝节制闸,1.500000,
2026-04-18 02:00,杨元坝节制闸,1.500000,
2026-04-18 03:00,杨元坝节制闸,1.500000,
2026-04-18 04:00,杨元坝节制闸,1.500000,
2026-04-18 05:00,杨元坝节制闸,1.500000,
2026-04-18 06:00,杨元坝节制闸,1.500000,
2026-04-18 07:00,杨元坝节制闸,1.500000,
2026-04-18 08:00,杨元坝节制闸,1.500000,
2026-04-18 09:00,杨元坝节制闸,1.500000,
2026-04-18 10:00,杨元坝节制闸,1.500000,
2026-04-18 11:00,杨元坝节制闸,1.500000,
2026-04-18 12:00,杨元坝节制闸,1.500000,
2026-04-18 13:00,杨元坝节制闸,1.500000,
2026-04-18 14:00,杨元坝节制闸,1.500000,
2026-04-18 15:00,杨元坝节制闸,1.500000,
2026-04-18 16:00,杨元坝节制闸,1.500000,
2026-04-18 17:00,杨元坝节制闸,1.500000,
2026-04-18 18:00,杨元坝节制闸,1.500000,
2026-04-18 19:00,杨元坝节制闸,1.500000,
2026-04-18 20:00,杨元坝节制闸,1.500000,
2026-04-18 21:00,杨元坝节制闸,1.500000,
2026-04-18 22:00,杨元坝节制闸,1.500000,
2026-04-18 23:00,杨元坝节制闸,1.500000,
2026-04-19 00:00,杨元坝节制闸,1.500000,
2026-04-19 01:00,杨元坝节制闸,1.500000,
2026-04-19 02:00,杨元坝节制闸,1.500000,
2026-04-19 03:00,杨元坝节制闸,1.500000,
2026-04-19 04:00,杨元坝节制闸,1.500000,
2026-04-19 05:00,杨元坝节制闸,1.500000,
2026-04-19 06:00,杨元坝节制闸,1.500000,
2026-04-19 07:00,杨元坝节制闸,1.500000,
2026-04-19 08:00,杨元坝节制闸,1.500000,
2026-04-19 09:00,杨元坝节制闸,1.500000,
2026-04-19 10:00,杨元坝节制闸,1.500000,
2026-04-19 11:00,杨元坝节制闸,1.500000,
2026-04-19 12:00,杨元坝节制闸,1.500000,
2026-04-19 13:00,杨元坝节制闸,1.500000,
2026-04-19 14:00,杨元坝节制闸,1.500000,
2026-04-19 15:00,杨元坝节制闸,1.500000,
2026-04-19 16:00,杨元坝节制闸,1.500000,
2026-04-19 17:00,杨元坝节制闸,1.500000,
2026-04-19 18:00,杨元坝节制闸,1.500000,
2026-04-19 19:00,杨元坝节制闸,1.500000,
2026-04-19 20:00,杨元坝节制闸,1.500000,
2026-04-19 21:00,杨元坝节制闸,1.500000,
2026-04-19 22:00,杨元坝节制闸,1.500000,
2026-04-19 23:00,杨元坝节制闸,1.500000,
2026-04-20 00:00,杨元坝节制闸,1.500000,
2026-04-20 01:00,杨元坝节制闸,1.500000,
2026-04-20 02:00,杨元坝节制闸,1.500000,
2026-04-20 03:00,杨元坝节制闸,1.500000,
2026-04-20 04:00,杨元坝节制闸,1.500000,
2026-04-20 05:00,杨元坝节制闸,1.500000,
2026-04-20 06:00,杨元坝节制闸,1.500000,
2026-04-20 07:00,杨元坝节制闸,1.500000,
2026-04-20 08:00,杨元坝节制闸,1.500000,
2026-04-20 09:00,杨元坝节制闸,1.500000,
2026-04-20 10:00,杨元坝节制闸,1.500000,
2026-04-20 11:00,杨元坝节制闸,1.500000,
2026-04-20 12:00,杨元坝节制闸,1.500000,
2026-04-20 13:00,杨元坝节制闸,1.500000,
2026-04-20 14:00,杨元坝节制闸,1.500000,
2026-04-20 15:00,杨元坝节制闸,1.500000,
2026-04-20 16:00,杨元坝节制闸,1.500000,
2026-04-20 17:00,杨元坝节制闸,1.500000,
2026-04-20 18:00,杨元坝节制闸,1.500000,
2026-04-20 19:00,杨元坝节制闸,1.500000,
2026-04-20 20:00,杨元坝节制闸,1.500000,
2026-04-20 21:00,杨元坝节制闸,1.500000,
2026-04-20 22:00,杨元坝节制闸,1.500000,
2026-04-20 23:00,杨元坝节制闸,1.500000,
2026-04-14 00:00,圪塔节制闸,1.566190,
2026-04-14 01:00,圪塔节制闸,1.700000,
2026-04-14 02:00,圪塔节制闸,1.683022,
2026-04-14 03:00,圪塔节制闸,1.666685,
2026-04-14 04:00,圪塔节制闸,1.650484,
2026-04-14 05:00,圪塔节制闸,1.634114,
2026-04-14 06:00,圪塔节制闸,1.617879,
2026-04-14 07:00,圪塔节制闸,1.605420,
2026-04-14 08:00,圪塔节制闸,1.591845,
2026-04-14 09:00,圪塔节制闸,1.576919,
2026-04-14 10:00,圪塔节制闸,1.562839,
2026-04-14 11:00,圪塔节制闸,1.548656,
2026-04-14 12:00,圪塔节制闸,1.534371,
2026-04-14 13:00,圪塔节制闸,1.520103,
2026-04-14 14:00,圪塔节制闸,1.505647,
2026-04-14 15:00,圪塔节制闸,1.500000,
2026-04-14 16:00,圪塔节制闸,1.500000,
2026-04-14 17:00,圪塔节制闸,1.500000,
2026-04-14 18:00,圪塔节制闸,1.500000,
2026-04-14 19:00,圪塔节制闸,1.500000,
2026-04-14 20:00,圪塔节制闸,1.500000,
2026-04-14 21:00,圪塔节制闸,1.500000,
2026-04-14 22:00,圪塔节制闸,1.500000,
2026-04-14 23:00,圪塔节制闸,1.500000,
2026-04-15 00:00,圪塔节制闸,1.500000,
2026-04-15 01:00,圪塔节制闸,1.500000,
2026-04-15 02:00,圪塔节制闸,1.500000,
2026-04-15 03:00,圪塔节制闸,1.500000,
2026-04-15 04:00,圪塔节制闸,1.500000,
2026-04-15 05:00,圪塔节制闸,1.500000,
2026-04-15 06:00,圪塔节制闸,1.500000,
2026-04-15 07:00,圪塔节制闸,1.500000,
2026-04-15 08:00,圪塔节制闸,1.500000,
2026-04-15 09:00,圪塔节制闸,1.500000,
2026-04-15 10:00,圪塔节制闸,1.500000,
2026-04-15 11:00,圪塔节制闸,1.500000,
2026-04-15 12:00,圪塔节制闸,1.500000,
2026-04-15 13:00,圪塔节制闸,1.500000,
2026-04-15 14:00,圪塔节制闸,1.500000,
2026-04-15 15:00,圪塔节制闸,1.500000,
2026-04-15 16:00,圪塔节制闸,1.500000,
2026-04-15 17:00,圪塔节制闸,1.500000,
2026-04-15 18:00,圪塔节制闸,1.500000,
2026-04-15 19:00,圪塔节制闸,1.500000,
2026-04-15 20:00,圪塔节制闸,1.500000,
2026-04-15 21:00,圪塔节制闸,1.500000,
2026-04-15 22:00,圪塔节制闸,1.500000,
2026-04-15 23:00,圪塔节制闸,1.500000,
2026-04-16 00:00,圪塔节制闸,1.500000,
2026-04-16 01:00,圪塔节制闸,1.500000,
2026-04-16 02:00,圪塔节制闸,1.500000,
2026-04-16 03:00,圪塔节制闸,1.500000,
2026-04-16 04:00,圪塔节制闸,1.500000,
2026-04-16 05:00,圪塔节制闸,1.500000,
2026-04-16 06:00,圪塔节制闸,1.500000,
2026-04-16 07:00,圪塔节制闸,1.500000,
2026-04-16 08:00,圪塔节制闸,1.500000,
2026-04-16 09:00,圪塔节制闸,1.500000,
2026-04-16 10:00,圪塔节制闸,1.500000,
2026-04-16 11:00,圪塔节制闸,1.500000,
2026-04-16 12:00,圪塔节制闸,1.500000,
2026-04-16 13:00,圪塔节制闸,1.500000,
2026-04-16 14:00,圪塔节制闸,1.499765,
2026-04-16 15:00,圪塔节制闸,1.500000,
2026-04-16 16:00,圪塔节制闸,1.500000,
2026-04-16 17:00,圪塔节制闸,1.500000,
2026-04-16 18:00,圪塔节制闸,1.500000,
2026-04-16 19:00,圪塔节制闸,1.500000,
2026-04-16 20:00,圪塔节制闸,1.500000,
2026-04-16 21:00,圪塔节制闸,1.500000,
2026-04-16 22:00,圪塔节制闸,1.499259,
2026-04-16 23:00,圪塔节制闸,1.499689,
2026-04-17 00:00,圪塔节制闸,1.500000,
2026-04-17 01:00,圪塔节制闸,1.500000,
2026-04-17 02:00,圪塔节制闸,1.500000,
2026-04-17 03:00,圪塔节制闸,1.500000,
2026-04-17 04:00,圪塔节制闸,1.506746,
2026-04-17 05:00,圪塔节制闸,1.500000,
2026-04-17 06:00,圪塔节制闸,1.496731,
2026-04-17 07:00,圪塔节制闸,1.500000,
2026-04-17 08:00,圪塔节制闸,1.503914,
2026-04-17 09:00,圪塔节制闸,1.479086,
2026-04-17 10:00,圪塔节制闸,1.496305,
2026-04-17 11:00,圪塔节制闸,1.500000,
2026-04-17 12:00,圪塔节制闸,1.500000,
2026-04-17 13:00,圪塔节制闸,1.500000,
2026-04-17 14:00,圪塔节制闸,1.500000,
2026-04-17 15:00,圪塔节制闸,1.500000,
2026-04-17 16:00,圪塔节制闸,1.500000,
2026-04-17 17:00,圪塔节制闸,1.500000,
2026-04-17 18:00,圪塔节制闸,1.500000,
2026-04-17 19:00,圪塔节制闸,1.500000,
2026-04-17 20:00,圪塔节制闸,1.500000,
2026-04-17 21:00,圪塔节制闸,1.500000,
2026-04-17 22:00,圪塔节制闸,1.500000,
2026-04-17 23:00,圪塔节制闸,1.500000,
2026-04-18 00:00,圪塔节制闸,1.500000,
2026-04-18 01:00,圪塔节制闸,1.500000,
2026-04-18 02:00,圪塔节制闸,1.500000,
2026-04-18 03:00,圪塔节制闸,1.500000,
2026-04-18 04:00,圪塔节制闸,1.500000,
2026-04-18 05:00,圪塔节制闸,1.500000,
2026-04-18 06:00,圪塔节制闸,1.500000,
2026-04-18 07:00,圪塔节制闸,1.500000,
2026-04-18 08:00,圪塔节制闸,1.500000,
2026-04-18 09:00,圪塔节制闸,1.498744,
2026-04-18 10:00,圪塔节制闸,1.499157,
2026-04-18 11:00,圪塔节制闸,1.499672,
2026-04-18 12:00,圪塔节制闸,1.500000,
2026-04-18 13:00,圪塔节制闸,1.500000,
2026-04-18 14:00,圪塔节制闸,1.500000,
2026-04-18 15:00,圪塔节制闸,1.500000,
2026-04-18 16:00,圪塔节制闸,1.500000,
2026-04-18 17:00,圪塔节制闸,1.504767,
2026-04-18 18:00,圪塔节制闸,1.500000,
2026-04-18 19:00,圪塔节制闸,1.500000,
2026-04-18 20:00,圪塔节制闸,1.495505,
2026-04-18 21:00,圪塔节制闸,1.506797,
2026-04-18 22:00,圪塔节制闸,1.500000,
2026-04-18 23:00,圪塔节制闸,1.500000,
2026-04-19 00:00,圪塔节制闸,1.495322,
2026-04-19 01:00,圪塔节制闸,1.500000,
2026-04-19 02:00,圪塔节制闸,1.500000,
2026-04-19 03:00,圪塔节制闸,1.500000,
2026-04-19 04:00,圪塔节制闸,1.500000,
2026-04-19 05:00,圪塔节制闸,1.500000,
2026-04-19 06:00,圪塔节制闸,1.500000,
2026-04-19 07:00,圪塔节制闸,1.500000,
2026-04-19 08:00,圪塔节制闸,1.500000,
2026-04-19 09:00,圪塔节制闸,1.499655,
2026-04-19 10:00,圪塔节制闸,1.500000,
2026-04-19 11:00,圪塔节制闸,1.500000,
2026-04-19 12:00,圪塔节制闸,1.500000,
2026-04-19 13:00,圪塔节制闸,1.500000,
2026-04-19 14:00,圪塔节制闸,1.500000,
2026-04-19 15:00,圪塔节制闸,1.500000,
2026-04-19 16:00,圪塔节制闸,1.500000,
2026-04-19 17:00,圪塔节制闸,1.503026,
2026-04-19 18:00,圪塔节制闸,1.513441,
2026-04-19 19:00,圪塔节制闸,1.500000,
2026-04-19 20:00,圪塔节制闸,1.518210,
2026-04-19 21:00,圪塔节制闸,1.500000,
2026-04-19 22:00,圪塔节制闸,1.486387,
2026-04-19 23:00,圪塔节制闸,1.500000,
2026-04-20 00:00,圪塔节制闸,1.495407,
2026-04-20 01:00,圪塔节制闸,1.500000,
2026-04-20 02:00,圪塔节制闸,1.500000,
2026-04-20 03:00,圪塔节制闸,1.500000,
2026-04-20 04:00,圪塔节制闸,1.447517,
2026-04-20 05:00,圪塔节制闸,1.354753,
2026-04-20 06:00,圪塔节制闸,1.300000,
2026-04-20 07:00,圪塔节制闸,1.300000,
2026-04-20 08:00,圪塔节制闸,1.300000,
2026-04-20 09:00,圪塔节制闸,1.300000,
2026-04-20 10:00,圪塔节制闸,1.300000,
2026-04-20 11:00,圪塔节制闸,1.300000,
2026-04-20 12:00,圪塔节制闸,1.300000,
2026-04-20 13:00,圪塔节制闸,1.300000,
2026-04-20 14:00,圪塔节制闸,1.300000,
2026-04-20 15:00,圪塔节制闸,1.300000,
2026-04-20 16:00,圪塔节制闸,1.300000,
2026-04-20 17:00,圪塔节制闸,1.300000,
2026-04-20 18:00,圪塔节制闸,1.300017,
2026-04-20 19:00,圪塔节制闸,1.300101,
2026-04-20 20:00,圪塔节制闸,1.300000,
2026-04-20 21:00,圪塔节制闸,1.300084,
2026-04-20 22:00,圪塔节制闸,1.300068,
2026-04-20 23:00,圪塔节制闸,1.300000,
2026-04-14 00:00,老庄节制闸,1.865955,
2026-04-14 01:00,老庄节制闸,1.900000,
2026-04-14 02:00,老庄节制闸,1.899971,
2026-04-14 03:00,老庄节制闸,1.900000,
2026-04-14 04:00,老庄节制闸,1.900000,
2026-04-14 05:00,老庄节制闸,1.900000,
2026-04-14 06:00,老庄节制闸,1.900000,
2026-04-14 07:00,老庄节制闸,1.900000,
2026-04-14 08:00,老庄节制闸,1.900000,
2026-04-14 09:00,老庄节制闸,1.900000,
2026-04-14 10:00,老庄节制闸,1.900000,
2026-04-14 11:00,老庄节制闸,1.900000,
2026-04-14 12:00,老庄节制闸,1.900000,
2026-04-14 13:00,老庄节制闸,1.900000,
2026-04-14 14:00,老庄节制闸,1.900000,
2026-04-14 15:00,老庄节制闸,1.892639,
2026-04-14 16:00,老庄节制闸,1.880642,
2026-04-14 17:00,老庄节制闸,1.868703,
2026-04-14 18:00,老庄节制闸,1.856677,
2026-04-14 19:00,老庄节制闸,1.844622,
2026-04-14 20:00,老庄节制闸,1.832524,
2026-04-14 21:00,老庄节制闸,1.820527,
2026-04-14 22:00,老庄节制闸,1.809073,
2026-04-14 23:00,老庄节制闸,1.797591,
2026-04-15 00:00,老庄节制闸,1.786066,
2026-04-15 01:00,老庄节制闸,1.766056,
2026-04-15 02:00,老庄节制闸,1.760904,
2026-04-15 03:00,老庄节制闸,1.758592,
2026-04-15 04:00,老庄节制闸,1.760000,
2026-04-15 05:00,老庄节制闸,1.765185,
2026-04-15 06:00,老庄节制闸,1.766138,
2026-04-15 07:00,老庄节制闸,1.782809,
2026-04-15 08:00,老庄节制闸,1.774601,
2026-04-15 09:00,老庄节制闸,1.762731,
2026-04-15 10:00,老庄节制闸,1.750920,
2026-04-15 11:00,老庄节制闸,1.739005,
2026-04-15 12:00,老庄节制闸,1.728922,
2026-04-15 13:00,老庄节制闸,1.718497,
2026-04-15 14:00,老庄节制闸,1.708288,
2026-04-15 15:00,老庄节制闸,1.697318,
2026-04-15 16:00,老庄节制闸,1.686707,
2026-04-15 17:00,老庄节制闸,1.676138,
2026-04-15 18:00,老庄节制闸,1.665363,
2026-04-15 19:00,老庄节制闸,1.654601,
2026-04-15 20:00,老庄节制闸,1.643997,
2026-04-15 21:00,老庄节制闸,1.633422,
2026-04-15 22:00,老庄节制闸,1.622789,
2026-04-15 23:00,老庄节制闸,1.612213,
2026-04-16 00:00,老庄节制闸,1.601594,
2026-04-16 01:00,老庄节制闸,1.591447,
2026-04-16 02:00,老庄节制闸,1.581666,
2026-04-16 03:00,老庄节制闸,1.571785,
2026-04-16 04:00,老庄节制闸,1.561860,
2026-04-16 05:00,老庄节制闸,1.552366,
2026-04-16 06:00,老庄节制闸,1.547696,
2026-04-16 07:00,老庄节制闸,1.567305,
2026-04-16 08:00,老庄节制闸,1.562527,
2026-04-16 09:00,老庄节制闸,1.552690,
2026-04-16 10:00,老庄节制闸,1.542730,
2026-04-16 11:00,老庄节制闸,1.532741,
2026-04-16 12:00,老庄节制闸,1.514861,
2026-04-16 13:00,老庄节制闸,1.500318,
2026-04-16 14:00,老庄节制闸,1.500000,
2026-04-16 15:00,老庄节制闸,1.500000,
2026-04-16 16:00,老庄节制闸,1.500000,
2026-04-16 17:00,老庄节制闸,1.500000,
2026-04-16 18:00,老庄节制闸,1.500000,
2026-04-16 19:00,老庄节制闸,1.500000,
2026-04-16 20:00,老庄节制闸,1.500000,
2026-04-16 21:00,老庄节制闸,1.500000,
2026-04-16 22:00,老庄节制闸,1.500000,
2026-04-16 23:00,老庄节制闸,1.500000,
2026-04-17 00:00,老庄节制闸,1.500000,
2026-04-17 01:00,老庄节制闸,1.500336,
2026-04-17 02:00,老庄节制闸,1.500801,
2026-04-17 03:00,老庄节制闸,1.501180,
2026-04-17 04:00,老庄节制闸,1.531066,
2026-04-17 05:00,老庄节制闸,1.519427,
2026-04-17 06:00,老庄节制闸,1.500000,
2026-04-17 07:00,老庄节制闸,1.500000,
2026-04-17 08:00,老庄节制闸,1.511278,
2026-04-17 09:00,老庄节制闸,1.500000,
2026-04-17 10:00,老庄节制闸,1.500000,
2026-04-17 11:00,老庄节制闸,1.500000,
2026-04-17 12:00,老庄节制闸,1.500000,
2026-04-17 13:00,老庄节制闸,1.500000,
2026-04-17 14:00,老庄节制闸,1.500000,
2026-04-17 15:00,老庄节制闸,1.520097,
2026-04-17 16:00,老庄节制闸,1.538018,
2026-04-17 17:00,老庄节制闸,1.539775,
2026-04-17 18:00,老庄节制闸,1.562107,
2026-04-17 19:00,老庄节制闸,1.600490,
2026-04-17 20:00,老庄节制闸,1.637957,
2026-04-17 21:00,老庄节制闸,1.660000,
2026-04-17 22:00,老庄节制闸,1.669898,
2026-04-17 23:00,老庄节制闸,1.671790,
2026-04-18 00:00,老庄节制闸,1.665986,
2026-04-18 01:00,老庄节制闸,1.664233,
2026-04-18 02:00,老庄节制闸,1.666285,
2026-04-18 03:00,老庄节制闸,1.656007,
2026-04-18 04:00,老庄节制闸,1.642755,
2026-04-18 05:00,老庄节制闸,1.574695,
2026-04-18 06:00,老庄节制闸,1.524342,
2026-04-18 07:00,老庄节制闸,1.515233,
2026-04-18 08:00,老庄节制闸,1.506440,
2026-04-18 09:00,老庄节制闸,1.500000,
2026-04-18 10:00,老庄节制闸,1.500000,
2026-04-18 11:00,老庄节制闸,1.500000,
2026-04-18 12:00,老庄节制闸,1.500000,
2026-04-18 13:00,老庄节制闸,1.500570,
2026-04-18 14:00,老庄节制闸,1.500879,
2026-04-18 15:00,老庄节制闸,1.501534,
2026-04-18 16:00,老庄节制闸,1.508266,
2026-04-18 17:00,老庄节制闸,1.551674,
2026-04-18 18:00,老庄节制闸,1.551674,
2026-04-18 19:00,老庄节制闸,1.517326,
2026-04-18 20:00,老庄节制闸,1.500000,
2026-04-18 21:00,老庄节制闸,1.527658,
2026-04-18 22:00,老庄节制闸,1.527658,
2026-04-18 23:00,老庄节制闸,1.513902,
2026-04-19 00:00,老庄节制闸,1.500000,
2026-04-19 01:00,老庄节制闸,1.510000,
2026-04-19 02:00,老庄节制闸,1.503977,
2026-04-19 03:00,老庄节制闸,1.501875,
2026-04-19 04:00,老庄节制闸,1.504038,
2026-04-19 05:00,老庄节制闸,1.545428,
2026-04-19 06:00,老庄节制闸,1.576020,
2026-04-19 07:00,老庄节制闸,1.531390,
2026-04-19 08:00,老庄节制闸,1.509917,
2026-04-19 09:00,老庄节制闸,1.500000,
2026-04-19 10:00,老庄节制闸,1.500000,
2026-04-19 11:00,老庄节制闸,1.512116,
2026-04-19 12:00,老庄节制闸,1.512800,
2026-04-19 13:00,老庄节制闸,1.513314,
2026-04-19 14:00,老庄节制闸,1.514243,
2026-04-19 15:00,老庄节制闸,1.514768,
2026-04-19 16:00,老庄节制闸,1.547119,
2026-04-19 17:00,老庄节制闸,1.593400,
2026-04-19 18:00,老庄节制闸,1.587502,
2026-04-19 19:00,老庄节制闸,1.531872,
2026-04-19 20:00,老庄节制闸,1.523897,
2026-04-19 21:00,老庄节制闸,1.505857,
2026-04-19 22:00,老庄节制闸,1.500000,
2026-04-19 23:00,老庄节制闸,1.502027,
2026-04-20 00:00,老庄节制闸,1.509700,
2026-04-20 01:00,老庄节制闸,1.548688,
2026-04-20 02:00,老庄节制闸,1.552272,
2026-04-20 03:00,老庄节制闸,1.520752,
2026-04-20 04:00,老庄节制闸,1.500000,
2026-04-20 05:00,老庄节制闸,1.500000,
2026-04-20 06:00,老庄节制闸,1.500000,
2026-04-20 07:00,老庄节制闸,1.500000,
2026-04-20 08:00,老庄节制闸,1.500000,
2026-04-20 09:00,老庄节制闸,1.500000,
2026-04-20 10:00,老庄节制闸,1.500000,
2026-04-20 11:00,老庄节制闸,1.500000,
2026-04-20 12:00,老庄节制闸,1.500000,
2026-04-20 13:00,老庄节制闸,1.500000,
2026-04-20 14:00,老庄节制闸,1.500000,
2026-04-20 15:00,老庄节制闸,1.500000,
2026-04-20 16:00,老庄节制闸,1.500000,
2026-04-20 17:00,老庄节制闸,1.500000,
2026-04-20 18:00,老庄节制闸,1.500000,
2026-04-20 19:00,老庄节制闸,1.500000,
2026-04-20 20:00,老庄节制闸,1.500000,
2026-04-20 21:00,老庄节制闸,1.500000,
2026-04-20 22:00,老庄节制闸,1.500000,
2026-04-20 23:00,老庄节制闸,1.500000,
2026-04-14 00:00,阳院节制闸,1.500000,
2026-04-14 01:00,阳院节制闸,1.620000,
2026-04-14 02:00,阳院节制闸,1.630073,
2026-04-14 03:00,阳院节制闸,1.640000,
2026-04-14 04:00,阳院节制闸,1.649735,
2026-04-14 05:00,阳院节制闸,1.659470,
2026-04-14 06:00,阳院节制闸,1.660000,
2026-04-14 07:00,阳院节制闸,1.650000,
2026-04-14 08:00,阳院节制闸,1.640000,
2026-04-14 09:00,阳院节制闸,1.631249,
2026-04-14 10:00,阳院节制闸,1.626208,
2026-04-14 11:00,阳院节制闸,1.620913,
2026-04-14 12:00,阳院节制闸,1.614566,
2026-04-14 13:00,阳院节制闸,1.608655,
2026-04-14 14:00,阳院节制闸,1.602526,
2026-04-14 15:00,阳院节制闸,1.620000,
2026-04-14 16:00,阳院节制闸,1.635163,
2026-04-14 17:00,阳院节制闸,1.640000,
2026-04-14 18:00,阳院节制闸,1.640000,
2026-04-14 19:00,阳院节制闸,1.640000,
2026-04-14 20:00,阳院节制闸,1.640000,
2026-04-14 21:00,阳院节制闸,1.640000,
2026-04-14 22:00,阳院节制闸,1.640000,
2026-04-14 23:00,阳院节制闸,1.640000,
2026-04-15 00:00,阳院节制闸,1.630000,
2026-04-15 01:00,阳院节制闸,1.620000,
2026-04-15 02:00,阳院节制闸,1.620000,
2026-04-15 03:00,阳院节制闸,1.610000,
2026-04-15 04:00,阳院节制闸,1.610000,
2026-04-15 05:00,阳院节制闸,1.610000,
2026-04-15 06:00,阳院节制闸,1.600000,
2026-04-15 07:00,阳院节制闸,1.590000,
2026-04-15 08:00,阳院节制闸,1.560000,
2026-04-15 09:00,阳院节制闸,1.540000,
2026-04-15 10:00,阳院节制闸,1.540000,
2026-04-15 11:00,阳院节制闸,1.540000,
2026-04-15 12:00,阳院节制闸,1.520000,
2026-04-15 13:00,阳院节制闸,1.500000,
2026-04-15 14:00,阳院节制闸,1.480000,
2026-04-15 15:00,阳院节制闸,1.460000,
2026-04-15 16:00,阳院节制闸,1.430000,
2026-04-15 17:00,阳院节制闸,1.410000,
2026-04-15 18:00,阳院节制闸,1.390000,
2026-04-15 19:00,阳院节制闸,1.376076,
2026-04-15 20:00,阳院节制闸,1.376076,
2026-04-15 21:00,阳院节制闸,1.370000,
2026-04-15 22:00,阳院节制闸,1.380000,
2026-04-15 23:00,阳院节制闸,1.380000,
2026-04-16 00:00,阳院节制闸,1.380000,
2026-04-16 01:00,阳院节制闸,1.380000,
2026-04-16 02:00,阳院节制闸,1.390000,
2026-04-16 03:00,阳院节制闸,1.400000,
2026-04-16 04:00,阳院节制闸,1.410000,
2026-04-16 05:00,阳院节制闸,1.420000,
2026-04-16 06:00,阳院节制闸,1.420000,
2026-04-16 07:00,阳院节制闸,1.350000,
2026-04-16 08:00,阳院节制闸,1.300000,
2026-04-16 09:00,阳院节制闸,1.300000,
2026-04-16 10:00,阳院节制闸,1.300000,
2026-04-16 11:00,阳院节制闸,1.300000,
2026-04-16 12:00,阳院节制闸,1.300000,
2026-04-16 13:00,阳院节制闸,1.300000,
2026-04-16 14:00,阳院节制闸,1.300000,
2026-04-16 15:00,阳院节制闸,1.300000,
2026-04-16 16:00,阳院节制闸,1.300000,
2026-04-16 17:00,阳院节制闸,1.300000,
2026-04-16 18:00,阳院节制闸,1.300000,
2026-04-16 19:00,阳院节制闸,1.300000,
2026-04-16 20:00,阳院节制闸,1.300000,
2026-04-16 21:00,阳院节制闸,1.300000,
2026-04-16 22:00,阳院节制闸,1.300000,
2026-04-16 23:00,阳院节制闸,1.300000,
2026-04-17 00:00,阳院节制闸,1.300000,
2026-04-17 01:00,阳院节制闸,1.300000,
2026-04-17 02:00,阳院节制闸,1.300000,
2026-04-17 03:00,阳院节制闸,1.393885,
2026-04-17 04:00,阳院节制闸,1.570000,
2026-04-17 05:00,阳院节制闸,1.677437,
2026-04-17 06:00,阳院节制闸,1.683871,
2026-04-17 07:00,阳院节制闸,1.664287,
2026-04-17 08:00,阳院节制闸,1.641438,
2026-04-17 09:00,阳院节制闸,1.600000,
2026-04-17 10:00,阳院节制闸,1.573739,
2026-04-17 11:00,阳院节制闸,1.550000,
2026-04-17 12:00,阳院节制闸,1.530000,
2026-04-17 13:00,阳院节制闸,1.540000,
2026-04-17 14:00,阳院节制闸,1.560000,
2026-04-17 15:00,阳院节制闸,1.570000,
2026-04-17 16:00,阳院节制闸,1.580000,
2026-04-17 17:00,阳院节制闸,1.610000,
2026-04-17 18:00,阳院节制闸,1.630000,
2026-04-17 19:00,阳院节制闸,1.590000,
2026-04-17 20:00,阳院节制闸,1.550000,
2026-04-17 21:00,阳院节制闸,1.540000,
2026-04-17 22:00,阳院节制闸,1.540000,
2026-04-17 23:00,阳院节制闸,1.550000,
2026-04-18 00:00,阳院节制闸,1.570000,
2026-04-18 01:00,阳院节制闸,1.610000,
2026-04-18 02:00,阳院节制闸,1.640000,
2026-04-18 03:00,阳院节制闸,1.670000,
2026-04-18 04:00,阳院节制闸,1.690000,
2026-04-18 05:00,阳院节制闸,1.700000,
2026-04-18 06:00,阳院节制闸,1.700000,
2026-04-18 07:00,阳院节制闸,1.689743,
2026-04-18 08:00,阳院节制闸,1.669817,
2026-04-18 09:00,阳院节制闸,1.650000,
2026-04-18 10:00,阳院节制闸,1.650000,
2026-04-18 11:00,阳院节制闸,1.620000,
2026-04-18 12:00,阳院节制闸,1.581224,
2026-04-18 13:00,阳院节制闸,1.590000,
2026-04-18 14:00,阳院节制闸,1.600000,
2026-04-18 15:00,阳院节制闸,1.620000,
2026-04-18 16:00,阳院节制闸,1.610000,
2026-04-18 17:00,阳院节制闸,1.590000,
2026-04-18 18:00,阳院节制闸,1.550000,
2026-04-18 19:00,阳院节制闸,1.518416,
2026-04-18 20:00,阳院节制闸,1.470000,
2026-04-18 21:00,阳院节制闸,1.460000,
2026-04-18 22:00,阳院节制闸,1.480000,
2026-04-18 23:00,阳院节制闸,1.510000,
2026-04-19 00:00,阳院节制闸,1.540000,
2026-04-19 01:00,阳院节制闸,1.540000,
2026-04-19 02:00,阳院节制闸,1.590000,
2026-04-19 03:00,阳院节制闸,1.640000,
2026-04-19 04:00,阳院节制闸,1.689710,
2026-04-19 05:00,阳院节制闸,1.700000,
2026-04-19 06:00,阳院节制闸,1.700000,
2026-04-19 07:00,阳院节制闸,1.700000,
2026-04-19 08:00,阳院节制闸,1.700000,
2026-04-19 09:00,阳院节制闸,1.681036,
2026-04-19 10:00,阳院节制闸,1.643873,
2026-04-19 11:00,阳院节制闸,1.616698,
2026-04-19 12:00,阳院节制闸,1.560000,
2026-04-19 13:00,阳院节制闸,1.499652,
2026-04-19 14:00,阳院节制闸,1.499652,
2026-04-19 15:00,阳院节制闸,1.570000,
2026-04-19 16:00,阳院节制闸,1.620000,
2026-04-19 17:00,阳院节制闸,1.650000,
2026-04-19 18:00,阳院节制闸,1.630000,
2026-04-19 19:00,阳院节制闸,1.600000,
2026-04-19 20:00,阳院节制闸,1.570000,
2026-04-19 21:00,阳院节制闸,1.545560,
2026-04-19 22:00,阳院节制闸,1.550000,
2026-04-19 23:00,阳院节制闸,1.550000,
2026-04-20 00:00,阳院节制闸,1.569088,
2026-04-20 01:00,阳院节制闸,1.590000,
2026-04-20 02:00,阳院节制闸,1.630000,
2026-04-20 03:00,阳院节制闸,1.670000,
2026-04-20 04:00,阳院节制闸,1.690000,
2026-04-20 05:00,阳院节制闸,1.680000,
2026-04-20 06:00,阳院节制闸,1.670000,
2026-04-20 07:00,阳院节制闸,1.640000,
2026-04-20 08:00,阳院节制闸,1.640000,
2026-04-20 09:00,阳院节制闸,1.650000,
2026-04-20 10:00,阳院节制闸,1.700000,
2026-04-20 11:00,阳院节制闸,1.700000,
2026-04-20 12:00,阳院节制闸,1.700000,
2026-04-20 13:00,阳院节制闸,1.700000,
2026-04-20 14:00,阳院节制闸,1.700000,
2026-04-20 15:00,阳院节制闸,1.700000,
2026-04-20 16:00,阳院节制闸,1.690000,
2026-04-20 17:00,阳院节制闸,1.660000,
2026-04-20 18:00,阳院节制闸,1.643748,
2026-04-20 19:00,阳院节制闸,1.627569,
2026-04-20 20:00,阳院节制闸,1.610000,
2026-04-20 21:00,阳院节制闸,1.580000,
2026-04-20 22:00,阳院节制闸,1.525563,
2026-04-20 23:00,阳院节制闸,1.471634,
2026-04-14 00:00,麻原节制闸,1.500000,
2026-04-14 01:00,麻原节制闸,1.500000,
2026-04-14 02:00,麻原节制闸,1.500000,
2026-04-14 03:00,麻原节制闸,1.500000,
2026-04-14 04:00,麻原节制闸,1.500000,
2026-04-14 05:00,麻原节制闸,1.500000,
2026-04-14 06:00,麻原节制闸,1.500000,
2026-04-14 07:00,麻原节制闸,1.500000,
2026-04-14 08:00,麻原节制闸,1.500000,
2026-04-14 09:00,麻原节制闸,1.500000,
2026-04-14 10:00,麻原节制闸,1.500000,
2026-04-14 11:00,麻原节制闸,1.500000,
2026-04-14 12:00,麻原节制闸,1.500000,
2026-04-14 13:00,麻原节制闸,1.500000,
2026-04-14 14:00,麻原节制闸,1.500000,
2026-04-14 15:00,麻原节制闸,1.500000,
2026-04-14 16:00,麻原节制闸,1.500000,
2026-04-14 17:00,麻原节制闸,1.500000,
2026-04-14 18:00,麻原节制闸,1.500000,
2026-04-14 19:00,麻原节制闸,1.500000,
2026-04-14 20:00,麻原节制闸,1.500000,
2026-04-14 21:00,麻原节制闸,1.500000,
2026-04-14 22:00,麻原节制闸,1.500000,
2026-04-14 23:00,麻原节制闸,1.500000,
2026-04-15 00:00,麻原节制闸,1.500000,
2026-04-15 01:00,麻原节制闸,1.500000,
2026-04-15 02:00,麻原节制闸,1.500000,
2026-04-15 03:00,麻原节制闸,1.500000,
2026-04-15 04:00,麻原节制闸,1.500000,
2026-04-15 05:00,麻原节制闸,1.500000,
2026-04-15 06:00,麻原节制闸,1.500000,
2026-04-15 07:00,麻原节制闸,1.500000,
2026-04-15 08:00,麻原节制闸,1.500000,
2026-04-15 09:00,麻原节制闸,1.500000,
2026-04-15 10:00,麻原节制闸,1.500000,
2026-04-15 11:00,麻原节制闸,1.500000,
2026-04-15 12:00,麻原节制闸,1.500000,
2026-04-15 13:00,麻原节制闸,1.500000,
2026-04-15 14:00,麻原节制闸,1.500000,
2026-04-15 15:00,麻原节制闸,1.500000,
2026-04-15 16:00,麻原节制闸,1.500000,
2026-04-15 17:00,麻原节制闸,1.500000,
2026-04-15 18:00,麻原节制闸,1.500000,
2026-04-15 19:00,麻原节制闸,1.500000,
2026-04-15 20:00,麻原节制闸,1.500000,
2026-04-15 21:00,麻原节制闸,1.500000,
2026-04-15 22:00,麻原节制闸,1.500000,
2026-04-15 23:00,麻原节制闸,1.500000,
2026-04-16 00:00,麻原节制闸,1.500000,
2026-04-16 01:00,麻原节制闸,1.500000,
2026-04-16 02:00,麻原节制闸,1.500000,
2026-04-16 03:00,麻原节制闸,1.500000,
2026-04-16 04:00,麻原节制闸,1.500000,
2026-04-16 05:00,麻原节制闸,1.500000,
2026-04-16 06:00,麻原节制闸,1.500000,
2026-04-16 07:00,麻原节制闸,1.500000,
2026-04-16 08:00,麻原节制闸,1.500000,
2026-04-16 09:00,麻原节制闸,1.500000,
2026-04-16 10:00,麻原节制闸,1.500000,
2026-04-16 11:00,麻原节制闸,1.500000,
2026-04-16 12:00,麻原节制闸,1.500000,
2026-04-16 13:00,麻原节制闸,1.500000,
2026-04-16 14:00,麻原节制闸,1.500000,
2026-04-16 15:00,麻原节制闸,1.500000,
2026-04-16 16:00,麻原节制闸,1.500000,
2026-04-16 17:00,麻原节制闸,1.500000,
2026-04-16 18:00,麻原节制闸,1.500000,
2026-04-16 19:00,麻原节制闸,1.500000,
2026-04-16 20:00,麻原节制闸,1.500000,
2026-04-16 21:00,麻原节制闸,1.500000,
2026-04-16 22:00,麻原节制闸,1.500000,
2026-04-16 23:00,麻原节制闸,1.500000,
2026-04-17 00:00,麻原节制闸,1.500000,
2026-04-17 01:00,麻原节制闸,1.500000,
2026-04-17 02:00,麻原节制闸,1.500000,
2026-04-17 03:00,麻原节制闸,1.500000,
2026-04-17 04:00,麻原节制闸,1.500000,
2026-04-17 05:00,麻原节制闸,1.500000,
2026-04-17 06:00,麻原节制闸,1.500000,
2026-04-17 07:00,麻原节制闸,1.500000,
2026-04-17 08:00,麻原节制闸,1.500000,
2026-04-17 09:00,麻原节制闸,1.500000,
2026-04-17 10:00,麻原节制闸,1.500000,
2026-04-17 11:00,麻原节制闸,1.500000,
2026-04-17 12:00,麻原节制闸,1.500000,
2026-04-17 13:00,麻原节制闸,1.500000,
2026-04-17 14:00,麻原节制闸,1.500000,
2026-04-17 15:00,麻原节制闸,1.500000,
2026-04-17 16:00,麻原节制闸,1.500000,
2026-04-17 17:00,麻原节制闸,1.500000,
2026-04-17 18:00,麻原节制闸,1.500000,
2026-04-17 19:00,麻原节制闸,1.500000,
2026-04-17 20:00,麻原节制闸,1.500000,
2026-04-17 21:00,麻原节制闸,1.500000,
2026-04-17 22:00,麻原节制闸,1.500000,
2026-04-17 23:00,麻原节制闸,1.500000,
2026-04-18 00:00,麻原节制闸,1.500000,
2026-04-18 01:00,麻原节制闸,1.500000,
2026-04-18 02:00,麻原节制闸,1.500000,
2026-04-18 03:00,麻原节制闸,1.500000,
2026-04-18 04:00,麻原节制闸,1.500000,
2026-04-18 05:00,麻原节制闸,1.500000,
2026-04-18 06:00,麻原节制闸,1.500000,
2026-04-18 07:00,麻原节制闸,1.500000,
2026-04-18 08:00,麻原节制闸,1.500000,
2026-04-18 09:00,麻原节制闸,1.500000,
2026-04-18 10:00,麻原节制闸,1.500000,
2026-04-18 11:00,麻原节制闸,1.500000,
2026-04-18 12:00,麻原节制闸,1.500000,
2026-04-18 13:00,麻原节制闸,1.500000,
2026-04-18 14:00,麻原节制闸,1.500000,
2026-04-18 15:00,麻原节制闸,1.500000,
2026-04-18 16:00,麻原节制闸,1.500000,
2026-04-18 17:00,麻原节制闸,1.500000,
2026-04-18 18:00,麻原节制闸,1.500000,
2026-04-18 19:00,麻原节制闸,1.500000,
2026-04-18 20:00,麻原节制闸,1.500000,
2026-04-18 21:00,麻原节制闸,1.500000,
2026-04-18 22:00,麻原节制闸,1.500000,
2026-04-18 23:00,麻原节制闸,1.500000,
2026-04-19 00:00,麻原节制闸,1.500000,
2026-04-19 01:00,麻原节制闸,1.500000,
2026-04-19 02:00,麻原节制闸,1.500000,
2026-04-19 03:00,麻原节制闸,1.500000,
2026-04-19 04:00,麻原节制闸,1.500000,
2026-04-19 05:00,麻原节制闸,1.500000,
2026-04-19 06:00,麻原节制闸,1.500000,
2026-04-19 07:00,麻原节制闸,1.500000,
2026-04-19 08:00,麻原节制闸,1.500000,
2026-04-19 09:00,麻原节制闸,1.500000,
2026-04-19 10:00,麻原节制闸,1.500000,
2026-04-19 11:00,麻原节制闸,1.500000,
2026-04-19 12:00,麻原节制闸,1.500000,
2026-04-19 13:00,麻原节制闸,1.500000,
2026-04-19 14:00,麻原节制闸,1.500000,
2026-04-19 15:00,麻原节制闸,1.500000,
2026-04-19 16:00,麻原节制闸,1.500000,
2026-04-19 17:00,麻原节制闸,1.500000,
2026-04-19 18:00,麻原节制闸,1.500000,
2026-04-19 19:00,麻原节制闸,1.500000,
2026-04-19 20:00,麻原节制闸,1.500000,
2026-04-19 21:00,麻原节制闸,1.500000,
2026-04-19 22:00,麻原节制闸,1.500000,
2026-04-19 23:00,麻原节制闸,1.500000,
2026-04-20 00:00,麻原节制闸,1.500000,
2026-04-20 01:00,麻原节制闸,1.500000,
2026-04-20 02:00,麻原节制闸,1.500000,
2026-04-20 03:00,麻原节制闸,1.500000,
2026-04-20 04:00,麻原节制闸,1.500000,
2026-04-20 05:00,麻原节制闸,1.500000,
2026-04-20 06:00,麻原节制闸,1.500000,
2026-04-20 07:00,麻原节制闸,1.500000,
2026-04-20 08:00,麻原节制闸,1.500000,
2026-04-20 09:00,麻原节制闸,1.500000,
2026-04-20 10:00,麻原节制闸,1.500000,
2026-04-20 11:00,麻原节制闸,1.500000,
2026-04-20 12:00,麻原节制闸,1.500000,
2026-04-20 13:00,麻原节制闸,1.500000,
2026-04-20 14:00,麻原节制闸,1.500000,
2026-04-20 15:00,麻原节制闸,1.500000,
2026-04-20 16:00,麻原节制闸,1.500000,
2026-04-20 17:00,麻原节制闸,1.500000,
2026-04-20 18:00,麻原节制闸,1.500000,
2026-04-20 19:00,麻原节制闸,1.500000,
2026-04-20 20:00,麻原节制闸,1.500000,
2026-04-20 21:00,麻原节制闸,1.500000,
2026-04-20 22:00,麻原节制闸,1.500000,
2026-04-20 23:00,麻原节制闸,1.500000,
