tm,obj,q,
2024-03-10 00:00,一干首,4.923090,
2024-03-10 00:00,一支,1.081816,
2024-03-10 00:00,七支节制闸,0.326475,
2024-03-10 00:00,七支进水闸,0.016677,
2024-03-10 00:00,三干首,4.676936,
2024-03-10 00:00,三支节制闸,0.702763,
2024-03-10 00:00,东八支进水闸（八支进水闸）,0.120498,
2024-03-10 00:00,东安分干,0.664024,
2024-03-10 00:00,东郎,11.936829,
2024-03-10 00:00,九支,0.000000,
2024-03-10 00:00,二支节制闸,0.702763,
2024-03-10 00:00,五干首,8.000000,
2024-03-10 00:00,五支节制闸,0.568800,
2024-03-10 00:00,八支节制闸,0.061451,
2024-03-10 00:00,六支节制闸,0.343152,
2024-03-10 00:00,军干首,35.150000,
2024-03-10 00:00,军齐闸,53.711782,
2024-03-10 00:00,农场进水闸,0.002973,
2024-03-10 00:00,北六支进水闸,0.128618,
2024-03-10 00:00,十一支,0.000000,
2024-03-10 00:00,十二支,0.000000,
2024-03-10 00:00,十支节制闸,0.000000,
2024-03-10 00:00,南三支进水闸,0.000000,
2024-03-10 00:00,南五支进水闸,0.133962,
2024-03-10 00:00,南八支进水闸,0.012315,
2024-03-10 00:00,南六支进水闸,0.070868,
2024-03-10 00:00,和乐寺闸,32.000000,
2024-03-10 00:00,四干首,13.047758,
2024-03-10 00:00,四支节制闸,0.702763,
2024-03-10 00:00,土贤庄,102.440751,
2024-03-10 00:00,大田,11.936829,
2024-03-10 00:00,大田南干,17.684211,
2024-03-10 00:00,大田退水,2.378960,
2024-03-10 00:00,太平河,0.000000,
2024-03-10 00:00,孤城支渠进水闸,0.000000,
2024-03-10 00:00,孤城节制闸,19.504747,
2024-03-10 00:00,小白庄出口,3.978943,
2024-03-10 00:00,小运河,0.000000,
2024-03-10 00:00,引江口,28.188751,
2024-03-10 00:00,张村北口进水闸,0.061451,
2024-03-10 00:00,徐湾,23.956398,
2024-03-10 00:00,徐湾分干东三支,0.000000,
2024-03-10 00:00,徐湾分干九支,0.000000,
2024-03-10 00:00,徐湾分干副南二支,0.078880,
2024-03-10 00:00,徐湾分干北二干斗1,0.015845,
2024-03-10 00:00,徐湾分干北二干斗2,0.003298,
2024-03-10 00:00,徐湾分干北五支,0.000000,
2024-03-10 00:00,徐湾分干北四干斗-1,0.000000,
2024-03-10 00:00,徐湾分干北四干斗-2,0.000000,
2024-03-10 00:00,徐湾分干十支,0.000000,
2024-03-10 00:00,徐湾分干南一支,0.264538,
2024-03-10 00:00,徐湾分干南二支,0.258939,
2024-03-10 00:00,徐湾分干南四支,0.000000,
2024-03-10 00:00,徐湾分干周村东干斗,0.012690,
2024-03-10 00:00,徐湾分干周村西干斗,0.009401,
2024-03-10 00:00,徐湾分干西八支,0.000000,
2024-03-10 00:00,徐湾分干首,1.399011,
2024-03-10 00:00,徐湾分干骆村北干斗,0.000000,
2024-03-10 00:00,徐湾分干骆村西干斗,0.000000,
2024-03-10 00:00,徐湾北南一支,0.052657,
2024-03-10 00:00,徐湾南分干十一支,0.000000,
2024-03-10 00:00,徐湾南分干十二支,0.000000,
2024-03-10 00:00,徐湾南分干李家店,0.000000,
2024-03-10 00:00,曹元,25.355409,
2024-03-10 00:00,曹元分干首,4.622631,
2024-03-10 00:00,朱庄分干首,4.451651,
2024-03-10 00:00,朱庄节制闸,19.504747,
2024-03-10 00:00,朱庄退水,3.978943,
2024-03-10 00:00,杏园农灌,0.000000,
2024-03-10 00:00,杜科,29.978040,
2024-03-10 00:00,杜科分干首,2.361681,
2024-03-10 00:00,杜童,74.252000,
2024-03-10 00:00,梨元庄退水,3.978943,
2024-03-10 00:00,梨园庄闸,98.461808,
2024-03-10 00:00,泊头农灌,3.978943,
2024-03-10 00:00,清凉江退水,3.978943,
2024-03-10 00:00,田庄,74.252000,
2024-03-10 00:00,白滩闸,88.861782,
2024-03-10 00:00,紫城闸,93.538718,
2024-03-10 00:00,许刘进水闸,0.129238,
2024-03-10 00:00,许村北进水闸,0.000000,
2024-03-10 00:00,许村南进水闸,0.000000,
2024-03-10 00:00,贾辛庄,32.339721,
2024-03-10 00:00,贾辛庄分干首,2.810279,
2024-03-10 00:00,赵陵铺,74.252000,
2024-03-10 00:00,超支,0.000000,
2024-03-10 00:00,郭黄退水,0.000000,
2024-03-10 00:00,青年口进水闸,0.026162,
2024-03-10 00:00,黄壁庄,74.252000,
