桩号,长度,纵坡,半径,渠高,倾角/度,口宽,边坡,流量,水深,流速,工程措施,备注
0+000~0+013,13,1/4000,3.5,2.9,,7.3,1,13.1,2.225,1.206,改建，h+0.7,弧底梯形渠
0+013~0+086,73,1/4000,3.5,2.9,2.8,7.3,1,13.1,2.225,1.206,改建，h+0.7,弧底梯形渠
0+086~2+000,1914,1/4000,3.5,2.7,,7.3,,13.1,2.225,1.206,改建，h+0.7,弧底梯形渠
2+000~3+694,1694,1/4000,,2.7,3.1,7.15,1,13.1,2.103,1.215,防渗，h+0.7,梯形渠
3+694~4+507,813,1/4000,,2.65,3.2,6.85,1,13.1,2.076,1.256,改建，h+0.7,梯形渠
4+507~4+578.5,71.5,1/4000,,2.7,2.56,6.4,1,13.1,2.261,1.293,改建，h+0.7,梯形渠
4+578.5~4+869,290.5,1/4000,,2.7,3.2,6.85,1,13.1,2.076,1.256,改建，h+0.7,梯形渠
4+869~4+978.3,109.3,1/4000,,2.7,3,7.05,1,13.1,2.131,1.223,防渗，h+0.7,梯形渠
4+978.3~5+034.3,56,1/4000,,2.75,2.25,6.55,1,13.1,2.361,1.261,防渗，h+0.7,梯形渠
5+034.3~6+702,1667.7,1/4000,,2.7,2.85,7.15,1,13.1,2.174,1.205,防渗，h+0.7,梯形渠
6+702~6+792,90,1/4000,,2.75,2.5,6.5,1,13.1,2.279,1.277,改建，h+0.7,梯形渠/钢筋砼
6+792~8+561,1769,1/4000,,2.75,2.85,7.1,1,13.1,2.174,1.211,防渗，h+0.7,梯形渠
8+561~10+731,2170,1/4000,,2.9,2.75,6.85,1,13.1,2.203,1.239,防渗，h+0.7,梯形渠
10+731~11+655,924,1/4000,,2.85,2.8,6.5,1,13.1,2.188,1.2,U改梯，h+1.0,梯形、15号桥
11+655~13+875,2220,1/4000,D6.0,2.4,,6.09,1,6.9,1.703,1.024,扩建，h+0.6,弧底梯形渠
13+875~14+775,900,1/4000,D6.0,2.3,,6.09,1,6.9,1.703,1.024,扩建，h+0.6,弧底梯形渠
14+775~15+080,305,1/4000,D6.0,2.35,,6.09,1,6.9,1.703,1.024,扩建，h+0.6,弧底梯形渠富家岭
15+080~18+760,3680,1/4000,D5.2,2.35,,5.65,1,6.2,1.689,1,扩建，h+0.6,弧底梯形渠
18+760~19+110,350,1/4000,,2.2,2.5,7,1,6.2,1.547,1.981,防渗,梯形渠、一级路
19+110~20+600,1490,1/4000,D5.2,2.65,,5.65,1,6.2,1.689,1,扩建，h+0.6,弧底梯形渠
20+600~20+750,150,1/4000,,2.3,,3.6,0,6.2,1.764,0.976,防渗+清，h+0.6,暗改明，矩形
20+750~21+100,350,1/4000,,2.9,,3.6,0,6.2,1.764,0.976,防渗,暗改明，矩形
21+100~22+162,1062,1/4000,,2.3,,3.6,0,6.2,1.764,0.976,防渗，h+0.6,暗改明，矩形
22+162~22+300,138,1/4000,,2.9,,3.6,0,6.2,1.764,0.976,防渗,暗改明，矩形
22+300~22+537,237,1/4000,,2.3,,3.6,0,6.2,1.764,0.976,防渗，h+0.6,暗改明，矩形
22+537~23+537,1000,1/4000,,2.8,,3.6,0,6.2,1.764,0.976,防渗,已成隧洞
23+537~23+591,54,1/4000,,2.3,,3.6,0,6.2,1.764,0.976,防渗，h+0.6,暗改明、矩形刘原闸
23+591~23+875,284,1/3460,,2.4,,3.9,0,3.7,1.126,0.843,防渗， h+0.6,矩形渠
23+875~26+200,2325,1/3460,D3.4,2.4,17,3.62,,3.7,1.497,0.96,防渗，h+0.6,U形渠
26+200~27+883,1683,1/3460,D3.2,2.4,17,3.47,,3.7,1.542,0.961,防渗，h+0.6,U形渠
27+883~28+472,589,1/3460,,2,,2.6,0,3.7,1.574,0.904,防渗,已成隧洞
28+472~28+520,48,1/3460,D3.2,2.4,17,3.47,,3.7,1.542,0.961,防渗，h+0.6,U形渠
28+520~28+577,57,1/4000,,2.1,,2.5,0,3.7,1.736,0.853,防渗,矩形-阳院坝
28+577~28+590,13,1/500,,,,,,3.2,,,防渗，h+0.6,矩形渐变段
28+590~28+750,160,1/4000,,,,,,3.2,,,,涵管DN800*2
28+750~28+801,51,1/4000,,2,,2.6,,3.2,1.489,0.827,防渗，h+0.6,矩形
28+801~29+385,584,1/4000,,1.75,,2.6,0,3.2,1.489,0.827,,隧洞
29+385~29+422,37,1/4000,,2.15,,2.6,0,3.2,1.489,0.827,防渗，h+0.6,矩形
29+422~29+522,100,1/500,,,,,,3.2,,,,涵管DN00*2
29+522~29+856,334,1/4000,,2.1,,2.6,0,3.2,1.489,0.827,防渗，h+0.6,矩形
29+856~30+238,382,1/1000,,1.58,,2.57,0,3.2,1.489,0.827,支护,隧洞
30+238~30+295.5,57.5,1/4000,,2.1,,2.6,0,3.2,1.489,0.827,扩建2.6，h+0.6,矩形
30+295.5~30+389,93.5,1/1000,,1.8,,2.6,0,3.2,1.489,0.827,扩建2.6*1.8,隧洞
30+389~30+551,162,1/4000,,2,,2.5,0,3.2,1.551,0.825,改建，h+0.6,矩形
30+551~30+750,199,1/4000,,1.4,,2.6,0,1.9,1.01,0.724,防渗,渡槽
