source,target,end,ConnectionType,stake,canal,id,delaytime,pool_Width,pool_Length,pool_m,pool_hTarget,pool_h_ic,max_h,min_h,type,maxFlow,minFlow,Flow_ic,seepageC,level2,level1,area
二级站出口,老庄节制闸,,indirect,0,总干渠,1,30,60,3673,2.5,1.7,1.7,2,1.7,0,13.5,0,0,1,,,
老庄节制闸,圪塔节制闸,,indirect,3673,总干渠,2,30,50,3706,2.5,1.5,1.5,2,1.5,4,13.5,0,0,1,,总干管理站,
圪塔节制闸,15号桥节制闸,,indirect,7379,总干渠,3,30,30,4226,2.5,1.5,1.5,2,1.5,4,13.5,0,0,1,,总干管理站,
15号桥节制闸,富家岭节制闸,,indirect,11605,总干渠,4,30,21,3483,2.5,1.5,1.5,2,1.5,4,7.5,0,0,1,,总干管理站,
富家岭节制闸,一级路南节制闸,,indirect,15088,总干渠,5,30,18,3925,2.5,1.5,1.5,2,1.5,4,6.6,0,0,1,,,
一级路南节制闸,刘原节制闸,,indirect,19013,总干渠,6,30,16,4611,2.5,1.5,1.5,2,1.5,4,6.6,0,0,1,,,
刘原节制闸,阳院节制闸,,indirect,23624,总干渠,7,30,16,4224,2.5,1.5,1.5,2,1.5,4,6.6,0,0,1,,刘原管理站,
阳院节制闸,杨元坝节制闸,,indirect,27848,总干渠,8,30,16,704,2.5,1.5,1.5,1,1.5,4,3.25,0,0,1,,,
杨元坝节制闸,麻园节制闸,,indirect,28552,总干渠,9,30,16,845,2.5,1.5,1.5,2,1.5,4,3.25,0,0,1,,,
麻园节制闸,17号桥节制闸,,indirect,29397,总干渠,10,30,16,1114,2.5,1.5,1.5,2,1.5,4,3.25,0,0,1,,,
17号桥节制闸,总干渠尾,,indirect,30511,总干渠,11,30,16,1114,2.5,1.5,1.5,2,1.5,4,3.25,0,0,1,,,
总干渠尾,-1,,indirect,30511,总干渠,12,30,16,1114,2.5,1.5,1.5,2,1.5,4,3.25,0,0,1,,,
15号桥节制闸,总干斗8,富家岭节制闸,direct,12272,总干渠,13,,,,,,,,,2,0.05,0,0,,15号桥闸房,15号桥闸房,202.25
15号桥节制闸,总干斗9,富家岭节制闸,direct,12583,总干渠,14,,,,,,,,,2,0.05,0,0,,15号桥闸房,15号桥闸房,682.39
15号桥节制闸,总干斗10,富家岭节制闸,direct,13211,总干渠,15,,,,,,,,,2,0.05,0,0,,15号桥闸房,15号桥闸房,513.98
15号桥节制闸,总干斗11,富家岭节制闸,direct,13505,总干渠,16,,,,,,,,,2,0.061942,0,0,,15号桥闸房,15号桥闸房,590.32
15号桥节制闸,总干斗12,富家岭节制闸,direct,14761,总干渠,17,,,,,,,,,2,0.05,0,0,,15号桥闸房,15号桥闸房,443.52
15号桥节制闸,总干六支,富家岭节制闸,direct,14861,总干渠,18,,,,,,,,,2,0.04,0,0,,15号桥闸房,15号桥闸房,1348.21
15号桥节制闸,总干斗13,富家岭节制闸,direct,15073,总干渠,19,,,,,,,,,2,0.05,0,0,,15号桥闸房,15号桥闸房,265.04
15号桥节制闸,总干斗14,富家岭节制闸,direct,14861,总干渠,20,,,,,,,,,2,0.05,0,0,,15号桥闸房,15号桥闸房,563.83
15号桥节制闸,总干斗15,富家岭节制闸,direct,14861,总干渠,21,,,,,,,,,2,0.04,0,0,,15号桥闸房,15号桥闸房,884.27
15号桥节制闸,总干七支,富家岭节制闸,direct,14861,总干渠,22,,,,,,,,,2,0.05,0,0,,15号桥闸房,15号桥闸房,1316.99
15号桥节制闸,薛小锁(9+165),富家岭节制闸,direct,15073,总干渠,23,,,,,,,,,2,0.04,0,0,,15号桥闸房,15号桥闸房,0
15号桥节制闸,薛小锁(9+168),富家岭节制闸,direct,14861,总干渠,24,,,,,,,,,2,0.04,0,0,,15号桥闸房,15号桥闸房,0
15号桥节制闸,薛小锁(9+308),富家岭节制闸,direct,15073,总干渠,25,,,,,,,,,2,0.04,0,0,,15号桥闸房,15号桥闸房,0
15号桥节制闸,薛小乐(9+465),富家岭节制闸,direct,14861,总干渠,26,,,,,,,,,2,0.04,0,0,,15号桥闸房,15号桥闸房,0
15号桥节制闸,薛小乐(9+563),富家岭节制闸,direct,15073,总干渠,27,,,,,,,,,2,0.04,0,0,,15号桥闸房,15号桥闸房,0
15号桥节制闸,薛小乐(9+858),富家岭节制闸,direct,14861,总干渠,28,,,,,,,,,2,0.04,0,0,,15号桥闸房,15号桥闸房,0
15号桥节制闸,薛小乐(9+888),富家岭节制闸,direct,15073,总干渠,29,,,,,,,,,2,0.04,0,0,,15号桥闸房,15号桥闸房,0
15号桥节制闸,薛小乐(10+210),富家岭节制闸,direct,14861,总干渠,30,,,,,,,,,2,0.04,0,0,,15号桥闸房,15号桥闸房,0
15号桥节制闸,薛会祥(10+563),富家岭节制闸,direct,15073,总干渠,31,,,,,,,,,2,0.04,0,0,,15号桥闸房,15号桥闸房,0
15号桥节制闸,薛会祥(10+741),富家岭节制闸,direct,14861,总干渠,32,,,,,,,,,2,0.04,0,0,,15号桥闸房,15号桥闸房,0
15号桥节制闸,薛会祥(11+039),富家岭节制闸,direct,15073,总干渠,33,,,,,,,,,2,0.04,0,0,,15号桥闸房,15号桥闸房,0
15号桥节制闸,薛怀珠(11+039),富家岭节制闸,direct,14861,总干渠,34,,,,,,,,,2,2.126666667,0,0,,15号桥闸房,15号桥闸房,0
15号桥节制闸,薛怀珠(11+435),富家岭节制闸,direct,15073,总干渠,35,,,,,,,,,2,2.251666667,0,0,,15号桥闸房,15号桥闸房,0
15号桥节制闸,薛怀珠(11+664),富家岭节制闸,direct,14861,总干渠,36,,,,,,,,,2,2.376666667,0,0,,15号桥闸房,15号桥闸房,0
15号桥节制闸,庞夏民(12+591),富家岭节制闸,direct,14861,总干渠,37,,,,,,,,,2,0.04,0,0,,15号桥闸房,15号桥闸房,0
15号桥节制闸,薛小乐(9+543),富家岭节制闸,direct,15073,总干渠,38,,,,,,,,,2,2.626666667,0,0,,15号桥闸房,15号桥闸房,0
15号桥节制闸,薛小乐(10+212),富家岭节制闸,direct,15285,总干渠,39,,,,,,,,,2,2.751666667,0,0,,15号桥闸房,15号桥闸房,0
富家岭节制闸,总干八支,一级路南节制闸,direct,15373,总干渠,40,,,,,,,,,2,0.085692,0,0,,富家岭闸房,富家岭闸房,1147.05
富家岭节制闸,总干斗16,一级路南节制闸,direct,15714,总干渠,41,,,,,,,,,2,0.05,0,0,,富家岭闸房,富家岭闸房,569.48
富家岭节制闸,总干斗17,一级路南节制闸,direct,16703,总干渠,42,,,,,,,,,2,0.05,0,0,,富家岭闸房,富家岭闸房,430.84
富家岭节制闸,总干斗18,一级路南节制闸,direct,17041,总干渠,43,,,,,,,,,2,0.09016,0,0,,富家岭闸房,富家岭闸房,878.74
富家岭节制闸,总干九支,一级路南节制闸,direct,17346,总干渠,44,,,,,,,,,2,0.481319,0,0,,富家岭闸房,富家岭闸房,3145.92
富家岭节制闸,杨铁玉(13+215),一级路南节制闸,direct,13215,总干渠,45,,,,,,,,,2,0.02,0,0,,富家岭闸房,富家岭闸房,0
富家岭节制闸,杨铁玉(13+305),一级路南节制闸,direct,13305,总干渠,46,,,,,,,,,2,0.04,0,0,,富家岭闸房,富家岭闸房,0
富家岭节制闸,张立锁(13+315),一级路南节制闸,direct,13315,总干渠,47,,,,,,,,,2,0.08,0,0,,富家岭闸房,富家岭闸房,0
富家岭节制闸,张立锁(13+517),一级路南节制闸,direct,13517,总干渠,48,,,,,,,,,2,0.08,0,0,,富家岭闸房,富家岭闸房,0
富家岭节制闸,杨铁玉(13+517),一级路南节制闸,direct,13517,总干渠,49,,,,,,,,,2,0.09,0,0,,富家岭闸房,富家岭闸房,0
富家岭节制闸,张立锁(13+823),一级路南节制闸,direct,13823,总干渠,50,,,,,,,,,2,0.1,0,0,,富家岭闸房,富家岭闸房,0
富家岭节制闸,张立锁(13+830),一级路南节制闸,direct,13830,总干渠,51,,,,,,,,,2,0.11,0,0,,富家岭闸房,富家岭闸房,0
富家岭节制闸,张立锁(13+923),一级路南节制闸,direct,13923,总干渠,52,,,,,,,,,2,0.12,0,0,,富家岭闸房,富家岭闸房,0
富家岭节制闸,张立锁(13+973),一级路南节制闸,direct,13973,总干渠,53,,,,,,,,,2,0.13,0,0,,富家岭闸房,富家岭闸房,0
富家岭节制闸,张立锁(14+133),一级路南节制闸,direct,14133,总干渠,54,,,,,,,,,2,0.14,0,0,,富家岭闸房,富家岭闸房,0
富家岭节制闸,张立锁(14+253),一级路南节制闸,direct,14253,总干渠,55,,,,,,,,,2,0.15,0,0,,富家岭闸房,富家岭闸房,0
富家岭节制闸,张立锁(14+423),一级路南节制闸,direct,14423,总干渠,56,,,,,,,,,2,0.16,0,0,,富家岭闸房,富家岭闸房,0
富家岭节制闸,杨铁玉(14+423),一级路南节制闸,direct,14423,总干渠,57,,,,,,,,,2,0.17,0,0,,富家岭闸房,富家岭闸房,0
富家岭节制闸,任晓晨(14+769),一级路南节制闸,direct,14769,总干渠,58,,,,,,,,,2,0.030011,0,0,,富家岭闸房,富家岭闸房,0
富家岭节制闸,任晓晨(15+047),一级路南节制闸,direct,15047,总干渠,59,,,,,,,,,2,0.19,0,0,,富家岭闸房,富家岭闸房,0
富家岭节制闸,张银灯泵(14+253),一级路南节制闸,direct,14253,总干渠,60,,,,,,,,,2,0.04,0,0,,富家岭闸房,富家岭闸房,0
圪塔节制闸,北一干管理站,15号桥节制闸,direct,10000,总干渠,61,,,,,,,,,2,2.7,0.64,0,,圪塔闸房,,264.46
圪塔节制闸,总干斗7,15号桥节制闸,direct,10000,总干渠,62,,,,,,,,,2,0.04,0,0,,圪塔闸房,圪塔闸房,264.46
圪塔节制闸,总干方家支渠,15号桥节制闸,direct,10000,总干渠,63,,,,,,,,,2,0.06,0,0,,圪塔闸房,圪塔闸房,3009.32
圪塔节制闸,总干圪塔支渠,15号桥节制闸,direct,10000,总干渠,64,,,,,,,,,2,0.049052,0,0,,圪塔闸房,圪塔闸房,2796.26
圪塔节制闸,总干五支,15号桥节制闸,direct,10000,总干渠,65,,,,,,,,,2,0.049491,0,0,,圪塔闸房,圪塔闸房,1410.52
圪塔节制闸,总干东垆支渠,15号桥节制闸,direct,10000,总干渠,66,,,,,,,,,2,0.4,0,0,,圪塔闸房,圪塔闸房,7326.89
圪塔节制闸,方奎月(6+084),15号桥节制闸,direct,10000,总干渠,67,,,,,,,,,2,0.03,0,0,,圪塔闸房,圪塔闸房,0
圪塔节制闸,方占伟(6+467),15号桥节制闸,direct,6084,总干渠,68,,,,,,,,,2,0.03,0,0,,圪塔闸房,圪塔闸房,0
圪塔节制闸,方占伟(6+477),15号桥节制闸,direct,6477,总干渠,69,,,,,,,,,2,0.03,0,0,,圪塔闸房,圪塔闸房,0
圪塔节制闸,方占伟(6+627),15号桥节制闸,direct,6627,总干渠,70,,,,,,,,,2,0.03,0,0,,圪塔闸房,圪塔闸房,0
圪塔节制闸,方占伟(6+597),15号桥节制闸,direct,6597,总干渠,71,,,,,,,,,2,0.03,0,0,,圪塔闸房,圪塔闸房,0
圪塔节制闸,李格民(7+088),15号桥节制闸,direct,7088,总干渠,72,,,,,,,,,2,0.2,0,0,,圪塔闸房,圪塔闸房,0
圪塔节制闸,李格民(7+305),15号桥节制闸,direct,7305,总干渠,73,,,,,,,,,2,0.2,0,0,,圪塔闸房,圪塔闸房,0
圪塔节制闸,李格民(7+369),15号桥节制闸,direct,7369,总干渠,74,,,,,,,,,2,0.2,0,0,,圪塔闸房,圪塔闸房,0
圪塔节制闸,李格民(7+726),15号桥节制闸,direct,7726,总干渠,75,,,,,,,,,2,0.2,0,0,,圪塔闸房,圪塔闸房,0
圪塔节制闸,李格民(7+696),15号桥节制闸,direct,7696,总干渠,76,,,,,,,,,2,0.2,0,0,,圪塔闸房,圪塔闸房,0
圪塔节制闸,许转民(7+796),15号桥节制闸,direct,7796,总干渠,77,,,,,,,,,2,0.04,0,0,,圪塔闸房,圪塔闸房,0
圪塔节制闸,许转民(8+241),15号桥节制闸,direct,8241,总干渠,78,,,,,,,,,2,0.04,0,0,,圪塔闸房,圪塔闸房,0
圪塔节制闸,许转民(8+561),15号桥节制闸,direct,8561,总干渠,79,,,,,,,,,2,0.04,0,0,,圪塔闸房,圪塔闸房,0
圪塔节制闸,许转民(8+568),15号桥节制闸,direct,8568,总干渠,80,,,,,,,,,2,0.04,0,0,,圪塔闸房,圪塔闸房,0
圪塔节制闸,许转民(8+779),15号桥节制闸,direct,8779,总干渠,81,,,,,,,,,2,0.04,0,0,,圪塔闸房,圪塔闸房,0
圪塔节制闸,许转民(8+839),15号桥节制闸,direct,8839,总干渠,82,,,,,,,,,2,0.021,0,0,,圪塔闸房,圪塔闸房,0
圪塔节制闸,张保平泵,15号桥节制闸,direct,10000,总干渠,83,,,,,,,,,2,0.042,0,0,,圪塔闸房,圪塔闸房,0
圪塔节制闸,梁月蛟泵,15号桥节制闸,direct,10000,总干渠,84,,,,,,,,,2,0.042,0,0,,圪塔闸房,圪塔闸房,0
老庄节制闸,总干斗3,圪塔节制闸,direct,2788,总干渠,85,,,,,,,,,2,0.04,0,0,,老庄闸房,老庄闸房,303.23
老庄节制闸,总干斗4,圪塔节制闸,direct,2788,总干渠,86,,,,,,,,,2,0.05,0,0,,老庄闸房,老庄闸房,1243.75
老庄节制闸,总干斗5,圪塔节制闸,direct,2788,总干渠,87,,,,,,,,,2,0.04,0,0,,老庄闸房,老庄闸房,1608.11
老庄节制闸,总干斗6,圪塔节制闸,direct,2788,总干渠,88,,,,,,,,,2,0.04,0,0,,老庄闸房,老庄闸房,1599.13
老庄节制闸,总干三支,圪塔节制闸,direct,2788,总干渠,89,,,,,,,,,2,0.04,0,0,,老庄闸房,老庄闸房,1542.66
老庄节制闸,总干东吕南支渠,圪塔节制闸,direct,2788,总干渠,90,,,,,,,,,2,0.035002,0,0,,老庄闸房,老庄闸房,891.49
老庄节制闸,总干东吕东支渠,圪塔节制闸,direct,2788,总干渠,91,,,,,,,,,2,0.035,0,0,,老庄闸房,老庄闸房,431.79
老庄节制闸,总干四支,圪塔节制闸,direct,2788,总干渠,92,,,,,,,,,2,0.05,0,0,,老庄闸房,老庄闸房,333.44
老庄节制闸,许正斌(2+788),圪塔节制闸,direct,2788,总干渠,93,,,,,,,,,2,0.24,0,0,,老庄闸房,老庄闸房,0
老庄节制闸,许正斌(2+854),圪塔节制闸,direct,2854,总干渠,94,,,,,,,,,2,0.27,0,0,,老庄闸房,老庄闸房,0
老庄节制闸,南光荣(2+973),圪塔节制闸,direct,2973,总干渠,95,,,,,,,,,2,0.035,0,0,,老庄闸房,老庄闸房,0
老庄节制闸,乔增安(2+979),圪塔节制闸,direct,2979,总干渠,96,,,,,,,,,2,0.041,0,0,,老庄闸房,老庄闸房,0
老庄节制闸,张永泽(2+979),圪塔节制闸,direct,2979,总干渠,97,,,,,,,,,2,0.026087,0,0,,老庄闸房,老庄闸房,0
老庄节制闸,南抗战(2+979),圪塔节制闸,direct,2979,总干渠,98,,,,,,,,,2,0.04,0,0,,老庄闸房,老庄闸房,0
老庄节制闸,南省珠(2+973),圪塔节制闸,direct,2973,总干渠,99,,,,,,,,,2,0.023,0,0,,老庄闸房,老庄闸房,0
老庄节制闸,王艳霞(2+979),圪塔节制闸,direct,2979,总干渠,100,,,,,,,,,2,0.02,0,0,,老庄闸房,老庄闸房,0
老庄节制闸,南乃刚(2+979),圪塔节制闸,direct,2979,总干渠,101,,,,,,,,,2,0.48,0,0,,老庄闸房,老庄闸房,0
老庄节制闸,许正斌(3+179),圪塔节制闸,direct,3179,总干渠,102,,,,,,,,,2,0.51,0,0,,老庄闸房,老庄闸房,0
老庄节制闸,乔增安(3+729),圪塔节制闸,direct,3729,总干渠,103,,,,,,,,,2,0.041,0,0,,老庄闸房,老庄闸房,0
老庄节制闸,张启业(3+729),圪塔节制闸,direct,3729,总干渠,104,,,,,,,,,2,0.035393,0,0,,老庄闸房,老庄闸房,0
老庄节制闸,乔增安(3+749),圪塔节制闸,direct,3749,总干渠,105,,,,,,,,,2,0.041,0,0,,老庄闸房,老庄闸房,0
老庄节制闸,张启业(3+749),圪塔节制闸,direct,3749,总干渠,106,,,,,,,,,2,0.03,0,0,,老庄闸房,老庄闸房,0
老庄节制闸,乔增安(4+085),圪塔节制闸,direct,4085,总干渠,107,,,,,,,,,2,0.038,0,0,,老庄闸房,老庄闸房,0
老庄节制闸,王中秋(4+085),圪塔节制闸,direct,4085,总干渠,108,,,,,,,,,2,0.69,0,0,,老庄闸房,老庄闸房,0
老庄节制闸,乔增安(4+210),圪塔节制闸,direct,4210,总干渠,109,,,,,,,,,2,0.041,0,0,,老庄闸房,老庄闸房,0
老庄节制闸,乔增安(4+392),圪塔节制闸,direct,4392,总干渠,110,,,,,,,,,2,0.041,0,0,,老庄闸房,老庄闸房,0
老庄节制闸,乔增安(4+407),圪塔节制闸,direct,4407,总干渠,111,,,,,,,,,2,0.038,0,0,,老庄闸房,老庄闸房,0
老庄节制闸,乔增安(4+578),圪塔节制闸,direct,4578,总干渠,112,,,,,,,,,2,0.81,0,0,,老庄闸房,老庄闸房,0
老庄节制闸,乔增安(4+658),圪塔节制闸,direct,4658,总干渠,113,,,,,,,,,2,0.03,0,0,,老庄闸房,老庄闸房,0
老庄节制闸,乔增安(4+784),圪塔节制闸,direct,4784,总干渠,114,,,,,,,,,2,0.041,0,0,,老庄闸房,老庄闸房,0
老庄节制闸,乔增安(4+954),圪塔节制闸,direct,4954,总干渠,115,,,,,,,,,2,0.038,0,0,,老庄闸房,老庄闸房,0
老庄节制闸,张启业(5+425),圪塔节制闸,direct,5425,总干渠,116,,,,,,,,,2,0.93,0,0,,老庄闸房,老庄闸房,0
老庄节制闸,方奎月(5+569),圪塔节制闸,direct,5569,总干渠,117,,,,,,,,,2,0.96,0,0,,老庄闸房,老庄闸房,0
老庄节制闸,张启业(5+659),圪塔节制闸,direct,5659,总干渠,118,,,,,,,,,2,0.038,0,0,,老庄闸房,老庄闸房,0
老庄节制闸,方奎月(5+729),圪塔节制闸,direct,5729,总干渠,119,,,,,,,,,2,1.02,0,0,,老庄闸房,老庄闸房,0
老庄节制闸,方奎月(5+799),圪塔节制闸,direct,5799,总干渠,120,,,,,,,,,2,0.03,0,0,,老庄闸房,老庄闸房,0
老庄节制闸,方奎月(5+864),圪塔节制闸,direct,5869,总干渠,121,,,,,,,,,2,1.08,0,0,,老庄闸房,老庄闸房,0
老庄节制闸,方奎月(6+022),圪塔节制闸,direct,6022,总干渠,122,,,,,,,,,2,1.11,0,0,,老庄闸房,老庄闸房,0
老庄节制闸,南乃刚泵,圪塔节制闸,direct,2788,总干渠,123,,,,,,,,,2,0.04,0,0,,老庄闸房,老庄闸房,0
老庄节制闸,张学文泵,圪塔节制闸,direct,2788,总干渠,124,,,,,,,,,2,0.04,0,0,,老庄闸房,老庄闸房,0
老庄节制闸,张立强泵2,圪塔节制闸,direct,2788,总干渠,125,,,,,,,,,2,0.04,0,0,,老庄闸房,老庄闸房,0
二级站出口,管坡口闸房,老庄节制闸,direct,3673,总干渠,126,,,,,,,,,2,0.8,0,0,,管坡口闸房,,0
二级站出口,周青闸房,老庄节制闸,direct,7379,总干渠,127,,,,,,,,,2,0.8,0,0,,周青闸房,南干管理站,0
二级站出口,东坡门闸房,老庄节制闸,direct,11605,总干渠,128,,,,,,,,,2,0.8,0,0,,东坡门闸房,南干管理站,0
二级站出口,赵庄闸房,老庄节制闸,direct,15088,总干渠,129,,,,,,,,,2,0.4,0,0,,赵庄闸房,南干管理站,0
二级站出口,总干一支半斜,老庄节制闸,direct,618,总干渠,130,,,,,,,,,2,0.04,0,0,,总干管坡口闸房,老庄闸房,115.32
二级站出口,总干一支黄斜,老庄节制闸,direct,618,总干渠,131,,,,,,,,,2,0.04,0,0,,总干管坡口闸房,老庄闸房,227.83
二级站出口,总干二支,老庄节制闸,direct,618,总干渠,132,,,,,,,,,2,0.06,0,0,,总干管坡口闸房,老庄闸房,1752.54
二级站出口,总干斗1,老庄节制闸,direct,618,总干渠,133,,,,,,,,,2,0.04,0,0,,总干管坡口闸房,老庄闸房,898.02
二级站出口,总干斗2,老庄节制闸,direct,618,总干渠,134,,,,,,,,,2,0.12,0,0,,总干管坡口闸房,老庄闸房,0
二级站出口,李小伟(0+346),老庄节制闸,direct,618,总干渠,135,,,,,,,,,2,0.04,0,0,,总干管坡口闸房,老庄闸房,0
二级站出口,李小伟(0+618),老庄节制闸,direct,618,总干渠,136,,,,,,,,,2,0.04,0,0,,总干管坡口闸房,老庄闸房,0
二级站出口,李小伟(0+718),老庄节制闸,direct,718,总干渠,137,,,,,,,,,2,0.0875,0,0,,总干管坡口闸房,老庄闸房,0
二级站出口,南冠军(0+868),老庄节制闸,direct,868,总干渠,138,,,,,,,,,2,0.029,0,0,,总干管坡口闸房,老庄闸房,0
二级站出口,南省珠(1+070,老庄节制闸,direct,1070,总干渠,139,,,,,,,,,2,0.017,0,0,,总干管坡口闸房,老庄闸房,0
二级站出口,李伟泵,老庄节制闸,direct,346,总干渠,140,,,,,,,,,2,0.029,0,0,,总干管坡口闸房,,0
二级站出口,南冠军(1+596),老庄节制闸,direct,1596,总干渠,141,,,,,,,,,2,0.029,0,0,,总干管坡口闸房,老庄闸房,0
二级站出口,南康(1+620),老庄节制闸,direct,1620,总干渠,142,,,,,,,,,2,0.029,0,0,,总干管坡口闸房,老庄闸房,0
二级站出口,南康(1+835),老庄节制闸,direct,1835,总干渠,143,,,,,,,,,2,0.029,0,0,,总干管坡口闸房,老庄闸房,0
二级站出口,张立强(2+160),老庄节制闸,direct,2160,总干渠,144,,,,,,,,,2,0.022,0,0,,总干管坡口闸房,老庄闸房,0
二级站出口,张永泽(2+168),老庄节制闸,direct,2168,总干渠,145,,,,,,,,,2,0.04,0,0,,总干管坡口闸房,老庄闸房,0
二级站出口,张立强(2+468),老庄节制闸,direct,2468,总干渠,146,,,,,,,,,2,0.022,0,0,,总干管坡口闸房,老庄闸房,0
二级站出口,李小伟(0+426),老庄节制闸,direct,426,总干渠,147,,,,,,,,,2,0.12,0,0,,总干管坡口闸房,老庄闸房,0
二级站出口,李伟泵,老庄节制闸,direct,346,总干渠,148,,,,,,,,,2,0.029,0,0,,总干管坡口闸房,,0
二级站出口,南冠军(1+409),老庄节制闸,direct,1409,总干渠,149,,,,,,,,,2,0.029,0,0,,总干管坡口闸房,老庄闸房,0
二级站出口,南冠军(1+561),老庄节制闸,direct,1561,总干渠,150,,,,,,,,,2,0.12,0,0,,总干管坡口闸房,老庄闸房,0
二级站出口,南冠军(1+827),老庄节制闸,direct,1827,总干渠,151,,,,,,,,,2,0.029,0,0,,总干管坡口闸房,老庄闸房,0
二级站出口,淡鹏波泵,老庄节制闸,direct,346,总干渠,152,,,,,,,,,2,0.012,0,0,,总干管坡口闸房,老庄闸房,0
二级站出口,张立强泵1,老庄节制闸,direct,346,总干渠,153,,,,,,,,,2,0.022,0,0,,总干管坡口闸房,老庄闸房,0
刘原节制闸,刘原十三支,阳院节制闸,direct,23970,总干渠,154,,,,,,,,,2,0.08,0,0,,董原闸房,董原闸房,730.16
刘原节制闸,刘原斗26,阳院节制闸,direct,23970,总干渠,155,,,,,,,,,2,0.050018,0,0,,董原闸房,董原闸房,668.65
刘原节制闸,刘原斗27,阳院节制闸,direct,23970,总干渠,156,,,,,,,,,2,0.05,0,0,,董原闸房,董原闸房,196.93
刘原节制闸,刘原斗28,阳院节制闸,direct,23970,总干渠,157,,,,,,,,,2,0.04,0,0,,董原闸房,董原闸房,67.06
刘原节制闸,刘原十四支,阳院节制闸,direct,23970,总干渠,158,,,,,,,,,2,0.109091,0,0,,董原闸房,董原闸房,1502.18
刘原节制闸,刘原斗29,阳院节制闸,direct,23970,总干渠,159,,,,,,,,,2,0.04,0,0,,董原闸房,董原闸房,349.35
刘原节制闸,刘原十五支,阳院节制闸,direct,23970,总干渠,160,,,,,,,,,2,0.08,0,0,,董原闸房,董原闸房,411.58
刘原节制闸,刘原斗30,阳院节制闸,direct,23970,总干渠,161,,,,,,,,,2,0.04,0,0,,董原闸房,董原闸房,550.56
刘原节制闸,刘原斗31,阳院节制闸,direct,23970,总干渠,162,,,,,,,,,2,0.04,0,0,,董原闸房,董原闸房,1146.43
刘原节制闸,刘原斗32,阳院节制闸,direct,23970,总干渠,163,,,,,,,,,2,0.063514,0,0,,董原闸房,董原闸房,380.19
刘原节制闸,刘原十六支,阳院节制闸,direct,23970,总干渠,164,,,,,,,,,2,0.05,0,0,,董原闸房,董原闸房,953.95
刘原节制闸,郭卫卫,阳院节制闸,direct,23970,总干渠,165,,,,,,,,,2,0.01,0,0,,董原闸房,董原闸房,0
刘原节制闸,郭跟尚,阳院节制闸,direct,23970,总干渠,166,,,,,,,,,2,0.02,0,0,,董原闸房,董原闸房,0
刘原节制闸,张艳民,阳院节制闸,direct,23970,总干渠,167,,,,,,,,,2,0.01,0,0,,董原闸房,董原闸房,0
刘原节制闸,刘安太,阳院节制闸,direct,23970,总干渠,168,,,,,,,,,2,0.02,0,0,,董原闸房,董原闸房,0
刘原节制闸,董芮宁,阳院节制闸,direct,23970,总干渠,169,,,,,,,,,2,0.04,0,0,,董原闸房,董原闸房,0
刘原节制闸,李卫彬,阳院节制闸,direct,23970,总干渠,170,,,,,,,,,2,0.04,0,0,,董原闸房,董原闸房,0
刘原节制闸,董兵祥,阳院节制闸,direct,23970,总干渠,171,,,,,,,,,2,0.012,0,0,,董原闸房,董原闸房,0
刘原节制闸,董科军泵,阳院节制闸,direct,23970,总干渠,172,,,,,,,,,2,0.018,0,0,,董原闸房,董原闸房,0
刘原节制闸,张兴民泵,阳院节制闸,direct,23970,总干渠,173,,,,,,,,,2,0.01,0,0,,董原闸房,董原闸房,0
刘原节制闸,刘振海泵,阳院节制闸,direct,23970,总干渠,174,,,,,,,,,2,0.02,0,0,,董原闸房,董原闸房,0
一级路南节制闸,北二干管理站,刘原节制闸,direct,19210,总干渠,175,,,,,,,,,2,1.93,0,0,,-,,641.64
一级路南节制闸,刘原斗19,刘原节制闸,direct,19210,总干渠,176,,,,,,,,,2,0.043636,0,0,,南卫闸房,南卫闸房,641.64
一级路南节制闸,刘原十支,刘原节制闸,direct,19210,总干渠,177,,,,,,,,,2,0.047537,0,0,,南卫闸房,南卫闸房,524.76
一级路南节制闸,刘原十一支,刘原节制闸,direct,19210,总干渠,178,,,,,,,,,2,0.07,0,0,,南卫闸房,南卫闸房,783.75
一级路南节制闸,刘原斗20,刘原节制闸,direct,19210,总干渠,179,,,,,,,,,2,0.04,0,0,,南卫闸房,南卫闸房,331.81
一级路南节制闸,刘原斗21,刘原节制闸,direct,19210,总干渠,180,,,,,,,,,2,0.04,0,0,,南卫闸房,南卫闸房,188.73
一级路南节制闸,刘原斗22,刘原节制闸,direct,19210,总干渠,181,,,,,,,,,2,0.04,0,0,,南卫闸房,南卫闸房,185.42
一级路南节制闸,刘原十二支,刘原节制闸,direct,19210,总干渠,182,,,,,,,,,2,0.04183,0,0,,南卫闸房,南卫闸房,1906.92
一级路南节制闸,刘原斗23,刘原节制闸,direct,19210,总干渠,183,,,,,,,,,2,0.03,0,0,,南卫闸房,南卫闸房,0
一级路南节制闸,刘原斗24,刘原节制闸,direct,19210,总干渠,184,,,,,,,,,2,0.04,0,0,,南卫闸房,南卫闸房,796.16
一级路南节制闸,刘原斗25,刘原节制闸,direct,19210,总干渠,185,,,,,,,,,2,0.04,0,0,,南卫闸房,南卫闸房,204.14
一级路南节制闸,王志坚,刘原节制闸,direct,19210,总干渠,186,,,,,,,,,2,0.01,0,0,,南卫闸房,南卫闸房,0
一级路南节制闸,张旭旭,刘原节制闸,direct,19210,总干渠,187,,,,,,,,,2,0.015,0,0,,南卫闸房,南卫闸房,0
一级路南节制闸,张选林,刘原节制闸,direct,19210,总干渠,188,,,,,,,,,2,0.015,0,0,,南卫闸房,,0
一级路南节制闸,张选林,刘原节制闸,direct,19210,总干渠,189,,,,,,,,,2,0.015,0,0,,南卫闸房,,0
一级路南节制闸,杨六狗,刘原节制闸,direct,19210,总干渠,190,,,,,,,,,2,0.04,0,0,,南卫闸房,南卫闸房,0
一级路南节制闸,张建民,刘原节制闸,direct,19210,总干渠,191,,,,,,,,,2,0.015,0,0,,南卫闸房,南卫闸房,0
一级路南节制闸,王春虎,刘原节制闸,direct,19210,总干渠,192,,,,,,,,,2,0.012,0,0,,南卫闸房,南卫闸房,0
一级路南节制闸,王迎朝,刘原节制闸,direct,19210,总干渠,193,,,,,,,,,2,0.04,0,0,,南卫闸房,南卫闸房,0
一级路南节制闸,张会会,刘原节制闸,direct,19210,总干渠,194,,,,,,,,,2,0.023,0,0,,南卫闸房,南卫闸房,0
一级路南节制闸,张忠诚,刘原节制闸,direct,19210,总干渠,195,,,,,,,,,2,0.023,0,0,,南卫闸房,南卫闸房,0
一级路南节制闸,张会民,刘原节制闸,direct,19210,总干渠,196,,,,,,,,,2,0.04,0,0,,南卫闸房,南卫闸房,0
一级路南节制闸,王有金,刘原节制闸,direct,19210,总干渠,197,,,,,,,,,2,0.04,0,0,,南卫闸房,南卫闸房,0
一级路南节制闸,宋亚龙,刘原节制闸,direct,19210,总干渠,198,,,,,,,,,2,0.04,0,0,,南卫闸房,南卫闸房,0
一级路南节制闸,杨彦刚泵,刘原节制闸,direct,19210,总干渠,199,,,,,,,,,2,0.04,0,0,,南卫闸房,南卫闸房,0
一级路南节制闸,董居明泵,刘原节制闸,direct,19210,总干渠,200,,,,,,,,,2,0.04,0,0,,南卫闸房,南卫闸房,0
一级路南节制闸,张文刚泵,刘原节制闸,direct,19210,总干渠,201,,,,,,,,,2,0.01,0,0,,南卫闸房,南卫闸房,0
一级路南节制闸,赵卫伟泵,刘原节制闸,direct,19210,总干渠,202,,,,,,,,,2,0.01,0,0,,南卫闸房,南卫闸房,0
一级路南节制闸,张旭旭泵,刘原节制闸,direct,19210,总干渠,203,,,,,,,,,2,0.015,0,0,,南卫闸房,南卫闸房,0
阳院节制闸,刘原斗33,杨元坝节制闸,direct,28542,总干渠,204,,,,,,,,,2,0.05,0,0,,阳院闸房,阳院闸房,395.55
阳院节制闸,刘原斗34,杨元坝节制闸,direct,28542,总干渠,205,,,,,,,,,2,0.05,0,0,,阳院闸房,阳院闸房,98.68
阳院节制闸,刘原斗35,杨元坝节制闸,direct,28542,总干渠,206,,,,,,,,,2,0.050008,0,0,,阳院闸房,阳院闸房,804
阳院节制闸,刘原十七支,杨元坝节制闸,direct,28542,总干渠,207,,,,,,,,,2,0.06,0,0,,阳院闸房,阳院闸房,915.44
阳院节制闸,刘原斗36,杨元坝节制闸,direct,28542,总干渠,208,,,,,,,,,2,0.06,0,0,,阳院闸房,阳院闸房,772.27
阳院节制闸,刘原十八支,杨元坝节制闸,direct,28542,总干渠,209,,,,,,,,,2,0.18,0,0,,阳院闸房,阳院闸房,2748.24
阳院节制闸,刘原斗37,杨元坝节制闸,direct,28542,总干渠,210,,,,,,,,,2,0.04,0,0,,阳院闸房,阳院闸房,0
阳院节制闸,刘原斗38,杨元坝节制闸,direct,28542,总干渠,211,,,,,,,,,2,0.05,0,0,,阳院闸房,阳院闸房,0
阳院节制闸,董卫国泵,杨元坝节制闸,direct,28542,总干渠,212,,,,,,,,,2,0.018,0,0,,阳院闸房,阳院闸房,0
阳院节制闸,董兵祥泵,杨元坝节制闸,direct,28542,总干渠,213,,,,,,,,,2,0.012,0,0,,阳院闸房,阳院闸房,0
阳院节制闸,张院民泵,杨元坝节制闸,direct,28542,总干渠,214,,,,,,,,,2,0.045088,0,0,,阳院闸房,阳院闸房,0
阳院节制闸,张保国泵,杨元坝节制闸,direct,28542,总干渠,215,,,,,,,,,2,0.016,0,0,,阳院闸房,阳院闸房,0
阳院节制闸,王立场泵,杨元坝节制闸,direct,28542,总干渠,216,,,,,,,,,2,0.04,0,0,,阳院闸房,阳院闸房,0
阳院节制闸,杜铁索泵,杨元坝节制闸,direct,28542,总干渠,217,,,,,,,,,2,0.012,0,0,,阳院闸房,阳院闸房,0
阳院节制闸,兰飞泵,杨元坝节制闸,direct,28542,总干渠,218,,,,,,,,,2,0.038,0,0,,阳院闸房,阳院闸房,0
阳院节制闸,尚勤刚泵,杨元坝节制闸,direct,28542,总干渠,219,,,,,,,,,2,0.016,0,0,,阳院闸房,阳院闸房,0
阳院节制闸,刘爱中泵,杨元坝节制闸,direct,28542,总干渠,220,,,,,,,,,2,0.017,0,0,,阳院闸房,阳院闸房,0
阳院节制闸,张刚强泵,杨元坝节制闸,direct,28542,总干渠,221,,,,,,,,,2,0.016,0,0,,阳院闸房,阳院闸房,0
阳院节制闸,王亚强泵,杨元坝节制闸,direct,28542,总干渠,222,,,,,,,,,2,0.04,0,0,,阳院闸房,阳院闸房,0
阳院节制闸,党虎文泵,杨元坝节制闸,direct,28542,总干渠,223,,,,,,,,,2,0.02,0,0,,阳院闸房,阳院闸房,0
阳院节制闸,张冰冰泵,杨元坝节制闸,direct,28542,总干渠,224,,,,,,,,,2,0.04,0,0,,阳院闸房,阳院闸房,0
阳院节制闸,刘原59支,杨元坝节制闸,direct,28542,总干渠,225,,,,,,,,,2,0.04,0,0,,阳院闸房,阳院闸房,0
阳院节制闸,柳旦旦泵,杨元坝节制闸,direct,28542,总干渠,226,,,,,,,,,2,0.04,0,0,,阳院闸房,阳院闸房,0
阳院节制闸,曾会收泵,杨元坝节制闸,direct,28542,总干渠,227,,,,,,,,,2,0.04,0,0,,阳院闸房,阳院闸房,0
17号桥节制闸,韩卓闸房,总干渠尾,direct,28542,总干渠,228,,,,,,,,,2,1.2,0,0,,韩卓闸房,西干管理站,0
17号桥节制闸,大阳闸房,总干渠尾,direct,28542,总干渠,229,,,,,,,,,2,1.2,0,0,,大阳闸房,西干管理站,0
17号桥节制闸,新兴闸房,总干渠尾,direct,28542,总干渠,230,,,,,,,,,2,0.223958,0,0,,新兴闸房,总干渠尾,0
17号桥节制闸,大王闸房,总干渠尾,direct,28542,总干渠,231,,,,,,,,,2,0.477096,0,0,,大王闸房,总干渠尾,0
二级站出口,leakage0,老庄节制闸,direct,28542,总干渠,233,,,,,,,,,6,0.4,0,0,,大王闸房,leakage1,0
老庄节制闸,leakage1,圪塔节制闸,direct,28542,总干渠,234,,,,,,,,,6,0.4,0,0,,新兴闸房,leakage2,0
圪塔节制闸,leakage2,15号桥节制闸,direct,28542,总干渠,235,,,,,,,,,6,0.4,0,0,,大王闸房,leakage3,0
15号桥节制闸,leakage3,富家岭节制闸,direct,28542,总干渠,236,,,,,,,,,6,0.4,0,0,,新兴闸房,leakage4,0
富家岭节制闸,leakage4,一级路南节制闸,direct,28542,总干渠,237,,,,,,,,,6,0.4,0,0,,大王闸房,leakage5,0
一级路南节制闸,leakage5,刘原节制闸,direct,28542,总干渠,238,,,,,,,,,6,0.4,0,0,,新兴闸房,leakage6,0
刘原节制闸,leakage6,阳院节制闸,direct,28542,总干渠,239,,,,,,,,,6,0.4,0,0,,大王闸房,leakage7,0
阳院节制闸,leakage7,杨元坝节制闸,direct,28542,总干渠,240,,,,,,,,,6,0.4,0,0,,新兴闸房,leakage8,0
杨元坝节制闸,leakage8,麻园节制闸,direct,28542,总干渠,241,,,,,,,,,6,0.4,0,0,,大王闸房,leakage9,0
麻园节制闸,leakage9,17号桥节制闸,direct,28542,总干渠,242,,,,,,,,,6,0.4,0,0,,新兴闸房,大王闸房,0
