id,x,y,z,type,gate_name
0,-72545.0757676775,3853555.62405911,522.0,Q20251012161706,二级站出口
240,-69893.4787216004,3855279.66374124,520.670463843183,Q20251012161706,老庄节制闸
482,-66896.2268995864,3857446.5954051,520.347281329556,Q20251012161706,疙瘩节制闸
755,-70078.3930989712,3859010.52519564,519.7806332,Q20251012161706,15号桥节制闸
982,-73528.1467738173,3859235.2612185,518.8958453,Q20251012161755,富家岭节制闸
1238,-77187.5886946237,3859375.05039028,517.0871666,Q20251012161921,一级路南节制闸
1537,-80344.3424159165,3857604.37198938,516.5569662,Q20251012161921,刘原节制闸
1813,-84358.4789858208,3856506.33782378,515.7623782,Q20251012161953,阳院节制闸
1859,-85059.9275008881,3856598.83428908,515.732370939675,Q20251012161953,杨元坝节制闸
1911,-85861.1476186879,3856726.5907679,515.5587968,Q20251012161953,麻原节制闸
1941,-86179.7901984119,3857026.47313377,515.2534247,Q20251012161953,17号桥节制闸
2078,-70203.9028493181,3853670.07208767,520.758,Q20251022154230,d0
2145,-67650.2274993629,3856255.88923586,520.65,Q20251022154254,d1
2218,-68361.9502634966,3858905.14349598,519.781,Q20251022154302,d2
2269,-72382.3365667891,3859687.8173737,519.238,Q20251022154310,d3
2313,-74394.9230705323,3859957.60121805,518.553,Q20251022154319,d4
2355,-78401.3412562819,3858856.14278251,516.875,Q20251022154328,d5
2398,-81633.8651747245,3857458.06282869,515.966,Q20251022154337,d6
2439,-84645.1311850464,3856803.90237657,515.754,Q20251022154347,d7
2469,-85407.306860397,3856906.5128606,515.636,Q20251022154353,d8
2494,-85969.014556976,3857050.93128452,515.355,Q20251022154400,d9
2523,-86789.0822403222,3857285.02856451,514.846,Q20251022154405,d10
2563,-71263.2176791652,3853400.09614893,521.134,Q20251024235647,leakage0
2613,-68669.8523131498,3855776.83606812,520.659,Q20251024235657,leakage1
2667,-66719.2010175105,3858620.50228241,520.327,Q20251024235707,leakage2
2712,-71570.3805029877,3859631.1894315,519.328,Q20251024235722,leakage3
2758,-75301.698509826,3859956.9882026,518.211,Q20251024235734,leakage4
2802,-78023.5359159295,3859259.64568913,516.91,Q20251024235742,leakage5
2855,-82875.0767743588,3857142.5443861,515.864,Q20251024235753,leakage6
2898,-84491.7870259981,3856765.17826098,515.767,Q20251024235801,leakage7
2930,-85191.5322629873,3856882.33017794,515.721,Q20251024235809,leakage8
2960,-85848.1520736905,3856976.86072528,515.457,Q20251024235817,leakage9
2991,-86551.1753734043,3857243.39486254,515.152,Q20251024235825,leakage10
