nIndex,region,Bottom Elevation,Design Water Level,Design Water Depth,Top Elevation,WarningDepth,WarningWaterLevel,Initial_h,Width,Manning,encode,Name,Flow_max,manager
,二级站出口,,,,,,,,,,,,,
,总干渠老庄节制闸,,,,,,,,,,,,,
23,疙瘩节制闸,,,,,,,,,,,,,
24,15号桥节制闸,,,,,,,,,,,,,
25,富家岭节制闸,,,,,,,,,,,,,
,一级路南节制闸,,,,,,,,,,,,,
,刘原节制闸,,,,,,,,,,,,,
33,阳院节制闸,,,,,,,,,,,,,
,杨元坝节制闸,,,,,,,,,,,,,
,麻园节制闸,,,,,,,,,,,,,
,17号桥节制闸,,,,,,,,,,,,,
,总干渠尾,,,,,,,,,,,,,
157,总干斗8,,,,,,,,,,,,,
158,总干斗9,,,,,,,,,,,,,
159,总干斗10,,,,,,,,,,,,,
160,总干斗11,,,,,,,,,,,,,
161,总干斗12,,,,,,,,,,,,,
162,总干六支,,,,,,,,,,,,,
163,总干斗13,,,,,,,,,,,,,
164,总干斗14,,,,,,,,,,,,,
165,总干斗15,,,,,,,,,,,,,
166,总干七支,,,,,,,,,,,,,
407,薛小锁(9+165),,,,,,,,,,,,,
408,薛小锁(9+168),,,,,,,,,,,,,
409,薛小锁(9+308),,,,,,,,,,,,,
410,薛小乐(9+465),,,,,,,,,,,,,
411,薛小乐(9+563),,,,,,,,,,,,,
412,薛小乐(9+858),,,,,,,,,,,,,
413,薛小乐(9+888),,,,,,,,,,,,,
414,薛小乐(10+210),,,,,,,,,,,,,
415,薛会祥(10+563),,,,,,,,,,,,,
416,薛会祥(10+741),,,,,,,,,,,,,
417,薛会祥(11+039),,,,,,,,,,,,,
418,薛怀珠(11+039),,,,,,,,,,,,,
419,薛怀珠(11+435),,,,,,,,,,,,,
420,薛怀珠(11+664),,,,,,,,,,,,,
421,庞夏民(12+591),,,,,,,,,,,,,
443,薛小乐(9+543),,,,,,,,,,,,,
444,薛小乐(10+212),,,,,,,,,,,,,
167,总干八支,,,,,,,,,,,,,
168,总干斗16,,,,,,,,,,,,,
169,总干斗17,,,,,,,,,,,,,
170,总干斗18,,,,,,,,,,,,,
171,总干九支,,,,,,,,,,,,,
422,杨铁玉(13+215),,,,,,,,,,,,,
423,杨铁玉(13+305),,,,,,,,,,,,,
424,张立锁(13+315),,,,,,,,,,,,,
425,张立锁(13+517),,,,,,,,,,,,,
426,杨铁玉(13+517),,,,,,,,,,,,,
427,张立锁(13+823),,,,,,,,,,,,,
428,张立锁(13+830),,,,,,,,,,,,,
429,张立锁(13+923),,,,,,,,,,,,,
430,张立锁(13+973),,,,,,,,,,,,,
431,张立锁(14+133),,,,,,,,,,,,,
432,张立锁(14+253),,,,,,,,,,,,,
433,张立锁(14+423),,,,,,,,,,,,,
434,杨铁玉(14+423),,,,,,,,,,,,,
435,任晓晨(14+769),,,,,,,,,,,,,
437,任晓晨(15+047),,,,,,,,,,,,,
487,张银灯泵(14+253),,,,,,,,,,,,,
14,北一干管理站,,,,,,,,,,,,,
147,总干斗7,,,,,,,,,,,,,
150,总干方家支渠,,,,,,,,,,,,,
152,总干圪塔支渠,,,,,,,,,,,,,
153,总干五支,,,,,,,,,,,,,
155,总干东垆支渠,,,,,,,,,,,,,
391,方奎月(6+084),,,,,,,,,,,,,
392,方占伟(6+467),,,,,,,,,,,,,
393,方占伟(6+477),,,,,,,,,,,,,
394,方占伟(6+627),,,,,,,,,,,,,
395,方占伟(6+597),,,,,,,,,,,,,
396,李格民(7+088),,,,,,,,,,,,,
397,李格民(7+305),,,,,,,,,,,,,
398,李格民(7+369),,,,,,,,,,,,,
399,李格民(7+726),,,,,,,,,,,,,
400,李格民(7+696),,,,,,,,,,,,,
401,许转民(7+796),,,,,,,,,,,,,
402,许转民(8+241),,,,,,,,,,,,,
403,许转民(8+561),,,,,,,,,,,,,
404,许转民(8+568),,,,,,,,,,,,,
405,许转民(8+779),,,,,,,,,,,,,
406,许转民(8+839),,,,,,,,,,,,,
453,张保平泵,,,,,,,,,,,,,
458,梁月蛟泵,,,,,,,,,,,,,
131,总干斗3,,,,,,,,,,,,,
133,总干斗4,,,,,,,,,,,,,
136,总干斗5,,,,,,,,,,,,,
137,总干斗6,,,,,,,,,,,,,
139,总干三支,,,,,,,,,,,,,
141,总干东吕南支渠,,,,,,,,,,,,,
142,总干东吕东支渠,,,,,,,,,,,,,
145,总干四支,,,,,,,,,,,,,
360,许正斌(2+788),,,,,,,,,,,,,
361,许正斌(2+854),,,,,,,,,,,,,
362,南光荣(2+973),,,,,,,,,,,,,
363,乔增安(2+979),,,,,,,,,,,,,
364,张永泽(2+979),,,,,,,,,,,,,
366,南抗战(2+979),,,,,,,,,,,,,
367,南省珠(2+973),,,,,,,,,,,,,
368,王艳霞(2+979),,,,,,,,,,,,,
369,南乃刚(2+979),,,,,,,,,,,,,
370,许正斌(3+179),,,,,,,,,,,,,
371,乔增安(3+729),,,,,,,,,,,,,
372,张启业(3+729),,,,,,,,,,,,,
373,乔增安(3+749),,,,,,,,,,,,,
374,张启业(3+749),,,,,,,,,,,,,
375,乔增安(4+085),,,,,,,,,,,,,
376,王中秋(4+085),,,,,,,,,,,,,
377,乔增安(4+210),,,,,,,,,,,,,
378,乔增安(4+392),,,,,,,,,,,,,
379,乔增安(4+407),,,,,,,,,,,,,
380,乔增安(4+578),,,,,,,,,,,,,
381,乔增安(4+658),,,,,,,,,,,,,
382,乔增安(4+784),,,,,,,,,,,,,
383,乔增安(4+954),,,,,,,,,,,,,
384,张启业(5+425),,,,,,,,,,,,,
385,方奎月(5+569),,,,,,,,,,,,,
386,张启业(5+659),,,,,,,,,,,,,
387,方奎月(5+729),,,,,,,,,,,,,
388,方奎月(5+799),,,,,,,,,,,,,
389,方奎月(5+864),,,,,,,,,,,,,
390,方奎月(6+022),,,,,,,,,,,,,
454,南乃刚泵,,,,,,,,,,,,,
455,张学文泵,,,,,,,,,,,,,
456,张立强泵2,,,,,,,,,,,,,
,管坡口闸房,,,,,,,,,,,,,
20,周青闸房,,,,,,,,,,,,,
21,东坡门闸房,,,,,,,,,,,,,
22,赵庄闸房,,,,,,,,,,,,,
122,总干一支半斜,,,,,,,,,,,,,
124,总干一支黄斜,,,,,,,,,,,,,
127,总干二支,,,,,,,,,,,,,
128,总干斗1,,,,,,,,,,,,,
129,总干斗2,,,,,,,,,,,,,
347,李小伟(0+346),,,,,,,,,,,,,
348,李小伟(0+618),,,,,,,,,,,,,
349,李小伟(0+718),,,,,,,,,,,,,
351,南冠军(0+868),,,,,,,,,,,,,
352,南省珠(1+070,,,,,,,,,,,,,
,李伟泵,,,,,,,,,,,,,
354,南冠军(1+596),,,,,,,,,,,,,
355,南康(1+620),,,,,,,,,,,,,
356,南康(1+835),,,,,,,,,,,,,
357,张立强(2+160),,,,,,,,,,,,,
358,张永泽(2+168),,,,,,,,,,,,,
359,张立强(2+468),,,,,,,,,,,,,
438,李小伟(0+426),,,,,,,,,,,,,
440,南冠军(1+409),,,,,,,,,,,,,
441,南冠军(1+561),,,,,,,,,,,,,
442,南冠军(1+827),,,,,,,,,,,,,
452,淡鹏波泵,,,,,,,,,,,,,
457,张立强泵1,,,,,,,,,,,,,
204,刘原十三支,,,,,,,,,,,,,
216,刘原斗26,,,,,,,,,,,,,
217,刘原斗27,,,,,,,,,,,,,
218,刘原斗28,,,,,,,,,,,,,
219,刘原十四支,,,,,,,,,,,,,
220,刘原斗29,,,,,,,,,,,,,
221,刘原十五支,,,,,,,,,,,,,
222,刘原斗30,,,,,,,,,,,,,
223,刘原斗31,,,,,,,,,,,,,
224,刘原斗32,,,,,,,,,,,,,
225,刘原十六支,,,,,,,,,,,,,
303,郭卫卫,,,,,,,,,,,,,
304,郭跟尚,,,,,,,,,,,,,
305,张艳民,,,,,,,,,,,,,
306,刘安太,,,,,,,,,,,,,
307,董芮宁,,,,,,,,,,,,,
308,李卫彬,,,,,,,,,,,,,
310,董兵祥,,,,,,,,,,,,,
467,董科军泵,,,,,,,,,,,,,
468,张兴民泵,,,,,,,,,,,,,
469,刘振海泵,,,,,,,,,,,,,
15,北二干管理站,,,,,,,,,,,,,
174,刘原斗19,,,,,,,,,,,,,
176,刘原十支,,,,,,,,,,,,,
179,刘原十一支,,,,,,,,,,,,,
183,刘原斗20,,,,,,,,,,,,,
185,刘原斗21,,,,,,,,,,,,,
186,刘原斗22,,,,,,,,,,,,,
190,刘原十二支,,,,,,,,,,,,,
192,刘原斗23,,,,,,,,,,,,,
197,刘原斗24,,,,,,,,,,,,,
199,刘原斗25,,,,,,,,,,,,,
288,王志坚,,,,,,,,,,,,,
289,张旭旭,,,,,,,,,,,,,
,张选林,,,,,,,,,,,,,
292,杨六狗,,,,,,,,,,,,,
293,张建民,,,,,,,,,,,,,
294,王春虎,,,,,,,,,,,,,
295,王迎朝,,,,,,,,,,,,,
297,张会会,,,,,,,,,,,,,
299,张忠诚,,,,,,,,,,,,,
300,张会民,,,,,,,,,,,,,
301,王有金,,,,,,,,,,,,,
302,宋亚龙,,,,,,,,,,,,,
463,杨彦刚泵,,,,,,,,,,,,,
464,董居明泵,,,,,,,,,,,,,
465,张文刚泵,,,,,,,,,,,,,
466,赵卫伟泵,,,,,,,,,,,,,
473,张旭旭泵,,,,,,,,,,,,,
226,刘原斗33,,,,,,,,,,,,,
227,刘原斗34,,,,,,,,,,,,,
228,刘原斗35,,,,,,,,,,,,,
229,刘原十七支,,,,,,,,,,,,,
230,刘原斗36,,,,,,,,,,,,,
231,刘原十八支,,,,,,,,,,,,,
232,刘原斗37,,,,,,,,,,,,,
233,刘原斗38,,,,,,,,,,,,,
309,董卫国泵,,,,,,,,,,,,,
311,董兵祥泵,,,,,,,,,,,,,
312,张院民泵,,,,,,,,,,,,,
313,张保国泵,,,,,,,,,,,,,
314,王立场泵,,,,,,,,,,,,,
315,杜铁索泵,,,,,,,,,,,,,
316,兰飞泵,,,,,,,,,,,,,
317,尚勤刚泵,,,,,,,,,,,,,
318,刘爱中泵,,,,,,,,,,,,,
319,张刚强泵,,,,,,,,,,,,,
462,王亚强泵,,,,,,,,,,,,,
470,党虎文泵,,,,,,,,,,,,,
471,张冰冰泵,,,,,,,,,,,,,
472,刘原59支,,,,,,,,,,,,,
477,柳旦旦泵,,,,,,,,,,,,,
484,曾会收泵,,,,,,,,,,,,,
36,韩卓闸房,,,,,,,,,,,,,
41,大阳闸房,,,,,,,,,,,,,
17号桥节制闸,新兴闸房,,,,,,,,,,,,,
17号桥节制闸,大王闸房,,,,,,,,,,,,,
二级站出口,leakage0,,,,,,,,,,,,,
总干渠老庄节制闸,leakage1,,,,,,,,,,,,,
疙瘩节制闸,leakage2,,,,,,,,,,,,,
15号桥节制闸,leakage3,,,,,,,,,,,,,
富家岭节制闸,leakage4,,,,,,,,,,,,,
一级路南节制闸,leakage5,,,,,,,,,,,,,
刘原节制闸,leakage6,,,,,,,,,,,,,
阳院节制闸,leakage7,,,,,,,,,,,,,
杨元坝节制闸,leakage8,,,,,,,,,,,,,
麻园节制闸,leakage9,,,,,,,,,,,,,
