unitcd,unitname,punitcd,type
1,总干管理站,,1
4,南干管理站,,1
14,北一干管理站,,1
15,北二干管理站,,1
16,西干管理站,,1
17,刘原管理站,,1
3,老庄闸房,1,2
24,15号桥闸房,1,2
25,富家岭闸房,1,2
23,圪塔闸房,1,2
20,周青闸房,4,2
21,东坡门闸房,4,2
22,赵庄闸房,4,2
31,南卫闸房,17,2
32,董原闸房,17,2
33,阳院闸房,17,2
34,新兴闸房,16,2
35,大王闸房,16,2
36,韩卓闸房,16,2
41,大阳闸房,16,2
157,总干斗8,24,3
158,总干斗9,24,3
159,总干斗10,24,3
160,总干斗11,24,3
161,总干斗12,24,3
162,总干六支,24,3
163,总干斗13,24,3
164,总干斗14,24,3
165,总干斗15,24,3
166,总干七支,24,3
407,薛小锁(9+165),24,3
408,薛小锁(9+168),24,3
409,薛小锁(9+308),24,3
410,薛小乐(9+465),24,3
411,薛小乐(9+563),24,3
412,薛小乐(9+858),24,3
413,薛小乐(9+888),24,3
414,薛小乐(10+210),24,3
415,薛会祥(10+563),24,3
416,薛会祥(10+741),24,3
417,薛会祥(11+039),24,3
418,薛怀珠(11+039),24,3
419,薛怀珠(11+435),24,3
420,薛怀珠(11+664),24,3
421,庞夏民(12+591),24,3
443,薛小乐(9+543),24,3
444,薛小乐(10+212),24,3
167,总干八支,25,3
168,总干斗16,25,3
169,总干斗17,25,3
170,总干斗18,25,3
171,总干九支,25,3
422,杨铁玉(13+215),25,3
423,杨铁玉(13+305),25,3
424,张立锁(13+315),25,3
425,张立锁(13+517),25,3
426,杨铁玉(13+517),25,3
427,张立锁(13+823),25,3
428,张立锁(13+830),25,3
429,张立锁(13+923),25,3
430,张立锁(13+973),25,3
431,张立锁(14+133),25,3
432,张立锁(14+253),25,3
433,张立锁(14+423),25,3
434,杨铁玉(14+423),25,3
435,任晓晨(14+769),25,3
437,任晓晨(15+047),25,3
487,张银灯泵（14+253）,25,3
147,总干斗7,23,3
150,总干方家支渠,23,3
152,总干圪塔支渠,23,3
153,总干五支,23,3
155,总干东垆支渠,23,3
391,方奎月(6+084),23,3
392,方占伟(6+467),23,3
393,方占伟(6+477),23,3
394,方占伟(6+627),23,3
395,方占伟(6+597),23,3
396,李格民(7+088),23,3
397,李格民(7+305),23,3
398,李格民(7+369),23,3
399,李格民(7+726),23,3
400,李格民(7+696),23,3
401,许转民(7+796),23,3
402,许转民(8+241),23,3
403,许转民(8+561),23,3
404,许转民(8+568),23,3
405,许转民(8+779),23,3
406,许转民(8+839),23,3
453,张保平泵,23,3
458,梁月蛟泵,23,3
131,总干斗3,3,3
133,总干斗4,3,3
136,总干斗5,3,3
137,总干斗6,3,3
139,总干三支,3,3
141,总干东吕南支渠,3,3
142,总干东吕东支渠,3,3
145,总干四支,3,3
360,许正斌(2+788),3,3
361,许正斌(2+854),3,3
362,南光荣(2+973),3,3
363,乔增安(2+979),3,3
364,张永泽(2+979),3,3
366,南抗战(2+979),3,3
367,南省珠(2+973),3,3
368,王艳霞(2+979),3,3
369,南乃刚(2+979),3,3
370,许正斌(3+179),3,3
371,乔增安(3+729),3,3
372,张启业(3+729),3,3
373,乔增安(3+749),3,3
374,张启业(3+749),3,3
375,乔增安(4+085),3,3
376,王中秋(4+085),3,3
377,乔增安(4+210),3,3
378,乔增安(4+392),3,3
379,乔增安(4+407),3,3
380,乔增安(4+578),3,3
381,乔增安(4+658),3,3
382,乔增安(4+784),3,3
383,乔增安(4+954),3,3
384,张启业(5+425),3,3
385,方奎月(5+569),3,3
386,张启业(5+659),3,3
387,方奎月(5+729),3,3
388,方奎月(5+799),3,3
389,方奎月(5+864),3,3
390,方奎月(6+022),3,3
454,南乃刚泵,3,3
455,张学文泵,3,3
456,张立强泵2,3,3
122,总干一支半斜,3,3
124,总干一支黄斜,3,3
127,总干二支,3,3
128,总干斗1,3,3
129,总干斗2,3,3
347,李小伟(0+346),3,3
348,李小伟(0+618),3,3
349,李小伟(0+718),3,3
351,南冠军(0+868),3,3
352,南省珠(1+070,3,3
353,李伟泵1,3,3
354,南冠军(1+596),3,3
355,南康(1+620),3,3
356,南康(1+835),3,3
357,张立强(2+160),3,3
358,张永泽(2+168),3,3
359,张立强(2+468),3,3
438,李小伟(0+426),3,3
439,李伟泵2,3,3
440,南冠军(1+409),3,3
441,南冠军(1+561),3,3
442,南冠军(1+827),3,3
452,淡鹏波泵,3,3
457,张立强泵1,3,3
204,刘原十三支,32,3
216,刘原斗26,32,3
217,刘原斗27,32,3
218,刘原斗28,32,3
219,刘原十四支,32,3
220,刘原斗29,32,3
221,刘原十五支,32,3
222,刘原斗30,32,3
223,刘原斗31,32,3
224,刘原斗32,32,3
225,刘原十六支,32,3
303,郭卫卫,32,3
304,郭跟尚,32,3
305,张艳民,32,3
306,刘安太,32,3
307,董芮宁,32,3
308,李卫彬,32,3
310,董兵祥,32,3
467,董科军泵,32,3
468,张兴民泵,32,3
469,刘振海泵,32,3
174,刘原斗19,31,3
176,刘原十支,31,3
179,刘原十一支,31,3
183,刘原斗20,31,3
185,刘原斗21,31,3
186,刘原斗22,31,3
190,刘原十二支,31,3
192,刘原斗23,31,3
197,刘原斗24,31,3
199,刘原斗25,31,3
288,王志坚,31,3
289,张旭旭,31,3
290,张选林2,31,3
291,张选林1,31,3
292,杨六狗,31,3
293,张建民,31,3
294,王春虎,31,3
295,王迎朝,31,3
297,张会会,31,3
299,张忠诚,31,3
300,张会民,31,3
301,王有金,31,3
302,宋亚龙,31,3
463,杨彦刚泵,31,3
464,董居明泵,31,3
465,张文刚泵,31,3
466,赵卫伟泵,31,3
473,张旭旭泵,31,3
226,刘原斗33,33,3
227,刘原斗34,33,3
228,刘原斗35,33,3
229,刘原十七支,33,3
230,刘原斗36,33,3
231,刘原十八支,33,3
232,刘原斗37,33,3
233,刘原斗38,33,3
309,董卫国泵,33,3
311,董兵祥泵,33,3
312,张院民泵,33,3
313,张保国泵,33,3
314,王立场泵,33,3
315,杜铁索泵,33,3
316,兰飞泵,33,3
317,尚勤刚泵,33,3
318,刘爱中泵,33,3
319,张刚强泵,33,3
462,王亚强泵,33,3
470,党虎文泵,33,3
471,张冰冰泵,33,3
472,刘原59支,33,3
477,柳旦旦泵,33,3
484,曾会收泵,33,3
